provider_number,price_2011,price_2014,net_penalty,any_penalty,net_penalty_1k,avg_mcare_dis,avg_beds,avg_mcaid_dis,avg_mcare_100,price_change
010005,221.4061101711404,1053.882445241393,-502878.0,1.0,-502.878,13413.0,78.33333333333333,4593.0,134.13,832.4763350702526
010008,376.62442249589316,575.4419926165016,-182110.0,1.0,-182.11,2276.3333333333335,29.333333333333332,933.0,22.763333333333335,198.81757012060842
010011,557.7587784512551,1044.6059431746921,1103109.0,0.0,1103.109,43941.0,133.0,7365.0,439.41,486.847164723437
010018,1345.7423683760126,1850.9932417323544,-54718.0,1.0,-54.718,216.66666666666666,20.666666666666668,31.0,2.1666666666666665,505.2508733563418
010019,221.4061101711404,291.8640286012732,-117680.0,1.0,-117.68,19067.0,125.33333333333333,6206.333333333333,190.67,70.45791843013282
010021,221.4061101711404,516.1529543382999,5141.0,0.0,5.141,4643.666666666667,57.333333333333336,1195.0,46.43666666666667,294.74684416715945
010025,728.2527465818551,1614.00955134489,326094.0,0.0,326.094,11273.0,52.0,2530.0,112.73,885.7568047630349
010029,1319.0822852266979,6085.605942997909,374819.0,0.0,374.819,43019.0,168.66666666666666,12783.666666666666,430.19,4766.523657771211
010032,221.4061101711404,428.8896058566731,54970.0,0.0,54.97,2118.3333333333335,32.666666666666664,296.0,21.183333333333334,207.4834956855327
010033,1112.5620051908913,5852.544258950768,3547408.0,0.0,3547.408,128973.66666666667,440.6666666666667,74065.0,1289.7366666666667,4739.9822537598775
010034,581.195574071065,1682.2972084899504,-30590.0,1.0,-30.59,4501.333333333333,31.333333333333332,816.3333333333334,45.01333333333333,1101.1016344188854
010035,221.4061101711404,1126.454360364678,272007.0,0.0,272.007,20480.0,66.5,4685.5,204.8,905.0482501935376
010038,221.4061101711404,256.4664340435436,-514.0,1.0,-0.514,13740.0,74.5,1974.5,137.4,35.06032387240319
010044,1076.2665890914063,915.2990404480967,48988.0,0.0,48.988,2743.6666666666665,31.333333333333332,272.3333333333333,27.436666666666664,-160.96754864330967
010049,221.4061101711404,256.4664340435436,3438.0,0.0,3.438,9373.333333333334,92.66666666666667,3727.3333333333335,93.73333333333333,35.06032387240319
010051,663.4081173813071,2442.7986817758883,-68440.0,1.0,-68.44,1199.3333333333333,26.0,329.3333333333333,11.993333333333332,1779.3905643945814
010052,387.4136957808788,1002.8058747116684,28098.0,0.0,28.098,1883.0,40.666666666666664,379.6666666666667,18.83,615.3921789307896
010056,1184.3647548024417,1646.3730244709009,1515193.0,0.0,1515.193,74426.0,174.5,3576.5,744.26,462.0082696684592
010058,1273.3826355234194,3710.180522280375,-35440.0,1.0,-35.44,1790.6666666666667,26.666666666666668,74.66666666666667,17.906666666666666,2436.7978867569554
010061,221.4061101711404,256.4664340435436,65268.0,0.0,65.268,11931.0,116.66666666666667,3901.6666666666665,119.31,35.06032387240319
010062,283.9540694955294,577.3463198442236,36319.0,0.0,36.319,4948.666666666667,54.666666666666664,696.0,49.48666666666667,293.3922503486942
010065,720.8530322299043,2054.857756559863,914575.0,0.0,914.575,7473.333333333333,56.0,2856.0,74.73333333333333,1334.0047243299587
010069,221.4061101711404,1055.8568944385227,241785.0,0.0,241.785,3570.3333333333335,26.666666666666668,461.6666666666667,35.70333333333333,834.4507842673822
010073,452.5877882600532,1254.6060902944712,317941.0,0.0,317.941,4593.0,38.0,306.0,45.93,802.018302034418
010079,221.4061101711404,485.2302403702997,-323691.0,1.0,-323.691,11727.5,61.5,2783.5,117.275,263.8241301991593
010086,511.3363483303845,265.7019326820619,-348.0,1.0,-0.348,7393.5,43.5,807.0,73.935,-245.6344156483226
010087,4462.447428688805,7211.065373653879,2005172.0,0.0,2005.172,18117.333333333332,74.66666666666667,11339.0,181.17333333333332,2748.6179449650735
010095,452.47950568906094,932.3809966907737,-39955.0,1.0,-39.955,1480.0,28.666666666666668,334.3333333333333,14.8,479.90149100171277
010097,226.07133334469407,959.1555117424671,-14397.0,1.0,-14.397,3295.3333333333335,56.0,600.6666666666666,32.95333333333333,733.084178397773
010099,449.34121528316234,1119.2821981510785,-129154.0,1.0,-129.154,6156.666666666667,42.333333333333336,2517.6666666666665,61.56666666666667,669.9409828679162
010102,221.4061101711404,528.5189903880452,228.0,0.0,0.228,523.3333333333334,30.0,64.0,5.233333333333333,307.1128802169047
010108,221.4061101711404,256.4664340435436,-66085.0,1.0,-66.085,5068.5,37.0,568.0,50.685,35.06032387240319
010109,278.526090139856,881.21466656347,-372521.0,1.0,-372.521,3379.0,34.0,615.0,33.79,602.688576423614
010110,221.4061101711404,441.01162624930566,269147.0,0.0,269.147,3475.3333333333335,30.0,1429.6666666666667,34.75333333333334,219.60551607816527
010112,279.1541233560229,543.9293807807895,87175.0,0.0,87.175,8115.333333333333,71.33333333333333,3690.0,81.15333333333334,264.7752574247666
010114,221.4061101711404,908.9404619557063,0.0,0.0,0.0,18923.666666666668,92.66666666666667,5653.333333333333,189.23666666666668,687.5343517845658
010120,273.3272416164624,546.9982751785061,3979.0,0.0,3.979,3895.6666666666665,67.33333333333333,1385.0,38.95666666666666,273.6710335620437
010125,221.4061101711404,256.4664340435436,-70488.0,1.0,-70.488,5542.0,36.5,759.0,55.42,35.06032387240319
010126,221.4061101711404,256.4664340435436,150381.0,0.0,150.381,4240.0,59.0,1388.5,42.4,35.06032387240319
010128,221.4061101711404,256.4664340435436,38351.0,0.0,38.351,2300.5,32.5,944.0,23.005,35.06032387240319
010130,324.98310747027824,718.8638727221214,-305.0,1.0,-0.305,4150.0,54.0,543.0,41.5,393.8807652518432
010138,221.4061101711404,256.4664340435436,39933.0,0.0,39.933,1617.3333333333333,32.0,888.3333333333334,16.173333333333332,35.06032387240319
010139,353.5934254367538,269.7054374999497,1571313.0,0.0,1571.313,53806.333333333336,274.0,9234.666666666666,538.0633333333334,-83.88798793680411
010144,1836.1531414781373,3886.1656184495396,101256.0,0.0,101.256,24550.0,112.66666666666667,2489.3333333333335,245.5,2050.012476971402
010146,221.4061101711404,256.4664340435436,21138.0,0.0,21.138,4902.333333333333,45.333333333333336,2460.0,49.02333333333333,35.06032387240319
010148,221.4061101711404,621.8708043547547,0.0,0.0,0.0,4007.3333333333335,39.333333333333336,1240.0,40.07333333333334,400.46469418361426
010149,1206.2759955298072,1823.275550047536,-21328.0,1.0,-21.328,29990.0,68.0,15067.5,299.9,616.9995545177287
010158,434.0683185026138,256.4664340435436,71156.0,0.0,71.156,7947.0,66.66666666666667,2730.0,79.47,-177.60188445907022
010164,221.4061101711404,404.78561792449875,172323.0,0.0,172.323,11455.0,72.0,4057.0,114.55,183.37950775335835
010168,221.4061101711404,1361.3720389745256,51936.0,0.0,51.936,5400.666666666667,48.666666666666664,743.3333333333334,54.00666666666667,1139.9659288033852
020001,9016.328491205517,6005.81566898447,-835249.0,1.0,-835.249,45929.666666666664,194.66666666666666,26346.333333333332,459.2966666666666,-3010.512822221047
020006,1963.3237954499045,1377.2254993777372,-107010.0,1.0,-107.01,9017.333333333334,50.0,3409.6666666666665,90.17333333333335,-586.0982960721674
020008,3016.407294524187,6591.229167077319,-344486.0,1.0,-344.486,4512.5,35.0,1998.5,45.125,3574.8218725531324
020012,9265.427514245474,9370.397539358428,-176580.0,1.0,-176.58,11417.0,86.0,5117.666666666667,114.17,104.97002511295432
020017,2005.5681287340192,3822.481899029766,-410071.0,1.0,-410.071,12855.666666666666,87.33333333333333,3573.6666666666665,128.55666666666667,1816.9137702957466
020024,10314.913194641722,11133.528764616662,-1697045.0,1.0,-1697.045,5835.0,35.0,1733.0,58.35,818.6155699749397
030001,266.4787700424002,256.4664340435436,23626.0,0.0,23.626,9091.0,151.33333333333334,4116.666666666667,90.91,-10.0123359988566
030002,4800.506843651779,2316.449536325107,-1408045.0,1.0,-1408.045,80322.33333333333,318.3333333333333,56941.0,803.2233333333332,-2484.0573073266714
030006,884.9435942705832,3269.5600753605063,1747084.0,0.0,1747.084,61702.666666666664,278.6666666666667,43674.333333333336,617.0266666666666,2384.616481089923
030007,2310.024788183874,1880.4930068604847,166228.0,0.0,166.228,13208.0,58.0,3406.5,132.08,-429.5317813233894
030010,261.21998253902285,610.9384492138347,289179.0,0.0,289.179,37945.0,165.5,15731.0,379.45,349.71846667481185
030011,229.37491557989355,803.6720993503882,-497447.0,1.0,-497.447,57996.5,207.0,18920.0,579.965,574.2971837704946
030012,1926.9149132214036,1572.6811674060318,-6929.0,1.0,-6.929,18130.333333333332,89.33333333333333,4536.666666666667,181.3033333333333,-354.2337458153718
030013,1745.2722133305133,1268.5540514917063,-178017.0,1.0,-178.017,39815.666666666664,190.66666666666666,15380.333333333334,398.15666666666664,-476.71816183880696
030014,629.9783849442365,3066.072274715152,-2815191.0,1.0,-2815.191,34728.0,158.0,17986.333333333332,347.28,2436.0938897709157
030016,348.78711004909,866.084676834329,-90040.0,1.0,-90.04,21973.0,86.0,9860.0,219.73,517.297566785239
030022,4899.7660775645545,9157.64142076475,-1253593.0,1.0,-1253.593,34757.0,154.5,39876.5,347.57,4257.875343200196
030023,4351.6061128449865,4710.27881240357,-514740.0,1.0,-514.74,36898.0,106.0,20959.5,368.98,358.6726995585832
030024,4519.725973273704,3652.499640553509,41843.0,0.0,41.843,98571.5,210.0,85027.0,985.715,-867.2263327201949
030036,10314.913194641722,7209.349694555834,-380854.0,1.0,-380.854,47176.5,118.5,20600.0,471.765,-3105.5635000858883
030037,1642.8587896260933,1161.5783495866453,159308.0,0.0,159.308,20321.5,103.5,13113.0,203.215,-481.28044003944797
030038,2343.4181508378706,1546.0381678211547,-1376801.0,1.0,-1376.801,39871.666666666664,192.66666666666666,16442.333333333332,398.71666666666664,-797.3799830167159
030043,3081.488999947243,1654.639924733067,18920.0,0.0,18.92,13447.5,56.0,4479.0,134.475,-1426.849075214176
030055,2156.5773466837277,1955.5778156140552,-1315859.0,1.0,-1315.859,25382.5,88.5,9017.0,253.825,-200.99953106967246
030061,840.5316916574216,747.3919978463191,-199044.0,1.0,-199.044,53727.0,210.66666666666666,5835.333333333333,537.27,-93.13969381110246
030062,2472.2007492637035,2904.0615367501405,18039.0,0.0,18.039,7068.666666666667,58.666666666666664,4493.333333333333,70.68666666666667,431.86078748643695
030064,5284.349873207866,6439.513273087095,-4016384.0,1.0,-4016.384,76840.5,179.5,51627.0,768.405,1155.1633998792286
030065,2189.406451613138,2146.074338467595,169658.0,0.0,169.658,67197.0,362.3333333333333,55992.333333333336,671.97,-43.332113145542735
030068,1041.8715665325637,3146.2443768198887,-25862.0,1.0,-25.862,4105.0,46.666666666666664,2429.0,41.05,2104.3728102873247
030069,1255.7891226947686,722.4096582306603,187959.0,0.0,187.959,20859.5,91.0,3090.0,208.595,-533.3794644641083
030083,314.83733517861015,907.6883882882895,45948.0,0.0,45.948,11565.333333333334,91.33333333333333,1136.0,115.65333333333334,592.8510531096794
030087,2285.9729430133643,1992.6838039593886,1420.0,0.0,1.42,49873.333333333336,255.66666666666666,9947.333333333334,498.73333333333335,-293.28913905397576
030088,1508.3209574617867,933.4423914491215,-1572923.0,1.0,-1572.923,48598.333333333336,204.66666666666666,12693.333333333334,485.98333333333335,-574.8785660126653
030089,3338.9932736614064,2495.2015184389297,-403421.0,1.0,-403.421,57814.0,251.66666666666666,36672.666666666664,578.14,-843.7917552224767
030092,577.4515592075647,2370.9855898619085,-1223365.0,1.0,-1223.365,22029.666666666668,123.66666666666667,10060.666666666666,220.29666666666668,1793.5340306543437
030093,770.9838338743602,637.4446096537943,-27910.0,1.0,-27.91,39903.666666666664,216.66666666666666,10280.0,399.03666666666663,-133.53922422056598
030103,4403.764230262057,11006.437192268237,0.0,0.0,0.0,42394.0,154.66666666666666,2670.6666666666665,423.94,6602.67296200618
030105,828.2511563354416,507.65957761581984,32654.0,0.0,32.654,13491.333333333334,54.666666666666664,1622.0,134.91333333333333,-320.59157871962174
030108,261.214150762294,256.4664340435436,289.0,0.0,0.289,1524.5,28.5,56.0,15.245,-4.747716718750439
030110,1357.7524127572456,1118.5521391859472,-132034.0,1.0,-132.034,21478.5,79.5,1599.5,214.785,-239.20027357129834
030111,3307.2414023739448,2151.5329582875543,-796441.0,1.0,-796.441,18336.5,81.5,15142.5,183.365,-1155.7084440863905
030112,282.3432408681888,256.4664340435436,0.0,0.0,0.0,1373.6666666666667,26.0,,13.736666666666668,-25.8768068246452
030115,6047.066915466012,1349.1023713748853,-343163.0,1.0,-343.163,29950.333333333332,128.0,25915.666666666668,299.50333333333333,-4697.964544091126
030117,1124.1631046134569,407.05312803064334,-65957.0,1.0,-65.957,8357.0,37.333333333333336,3102.3333333333335,83.57,-717.1099765828135
030118,2396.1849124557552,1871.6136603117911,-3319.0,1.0,-3.319,6464.333333333333,45.333333333333336,3077.0,64.64333333333333,-524.5712521439641
030119,2995.761048886661,1999.3498284869577,-4785.0,1.0,-4.785,34879.5,109.0,12358.5,348.795,-996.4112203997031
030120,10314.913194641722,1743.8894740715607,-62178.0,1.0,-62.178,2841.3333333333335,20.666666666666668,1531.3333333333333,28.413333333333334,-8571.023720570161
030121,1274.5115774215074,1087.8436913230985,375654.0,0.0,375.654,29247.0,84.5,6892.5,292.47,-186.66788609840887
030122,6249.841379974908,8838.761591149709,204129.0,0.0,204.129,22258.333333333332,105.0,13128.0,222.58333333333331,2588.920211174801
030123,3629.261950479811,2010.1875661847841,0.0,0.0,0.0,7144.333333333333,47.333333333333336,544.3333333333334,71.44333333333333,-1619.0743842950267
030130,1249.819815953912,1708.2468803766128,197433.0,0.0,197.433,7008.0,30.0,2386.0,70.08,458.4270644227008
030131,353.6420454816213,467.4094298953111,152973.0,0.0,152.973,1293.0,30.0,,12.93,113.7673844136898
040002,1711.9093424620612,1255.8616841494493,46819.0,0.0,46.819,4976.0,43.333333333333336,1267.0,49.76,-456.04765831261193
040004,1374.234028257659,987.3261125998587,190384.0,0.0,190.384,30769.666666666668,125.0,3748.0,307.69666666666666,-386.90791565780034
040007,1696.8540355226917,1279.0079985239515,-337287.0,1.0,-337.287,71187.5,170.0,11888.0,711.875,-417.84603699874015
040010,2758.204360680733,3942.484176351488,37062.0,0.0,37.062,21860.0,83.0,2621.5,218.6,1184.279815670755
040011,1247.0501371686082,1365.6922807156427,3250.0,0.0,3.25,5918.5,35.0,369.0,59.185,118.6421435470345
040014,487.5987350040539,3316.3616842244937,-90230.0,1.0,-90.23,32481.666666666668,241.33333333333334,5724.333333333333,324.81666666666666,2828.7629492204396
040015,1423.9982855865353,1192.1062467956765,90341.0,0.0,90.341,2846.6666666666665,33.333333333333336,760.0,28.466666666666665,-231.8920387908588
040016,10314.913194641722,10575.555218759062,914559.0,0.0,914.559,86936.5,168.0,23219.0,869.365,260.64202411734004
040018,221.4061101711404,256.4664340435436,14947.0,0.0,14.947,4201.0,73.33333333333333,828.6666666666666,42.01,35.06032387240319
040019,1010.4400278828113,794.6530333715843,-553.0,1.0,-0.553,4136.666666666667,40.0,2116.6666666666665,41.36666666666667,-215.7869945112269
040020,4781.72233564867,3243.9377962796575,1429578.0,0.0,1429.578,51852.0,178.66666666666666,9419.666666666666,518.52,-1537.7845393690127
040022,1377.6407723642253,1216.0796093520478,544342.0,0.0,544.342,41042.333333333336,223.0,7758.666666666667,410.42333333333335,-161.56116301217753
040026,1194.4184136454935,1007.44492558723,-150028.0,1.0,-150.028,40719.5,120.0,4785.5,407.195,-186.97348805826346
040027,2641.994576422823,2768.267563934824,-807021.0,1.0,-807.021,24709.0,98.66666666666667,2608.0,247.09,126.27298751200124
040029,3095.1846243079176,2643.602328219104,-229563.0,1.0,-229.563,21010.0,82.66666666666667,2705.0,210.1,-451.58229608881356
040036,1705.6511793272703,1681.9022809033374,392193.0,0.0,392.193,32841.333333333336,114.0,3470.0,328.41333333333336,-23.748898423932815
040039,1137.4900673472077,802.773314053898,20891.0,0.0,20.891,13640.0,68.0,2102.5,136.4,-334.7167532933097
040042,701.29053702167,550.7289429532897,60768.0,0.0,60.768,10438.0,81.33333333333333,2918.0,104.38,-150.56159406838037
040047,1540.9565602975938,1075.0717866241826,202287.0,0.0,202.287,2641.6666666666665,32.666666666666664,314.3333333333333,26.416666666666664,-465.88477367341125
040050,869.0511528681661,704.9186678017168,29538.0,0.0,29.538,5219.0,62.666666666666664,1043.6666666666667,52.19,-164.13248506644936
040055,2875.8642102605895,2650.3137774945853,870832.0,0.0,870.832,38603.666666666664,138.0,5366.0,386.03666666666663,-225.55043276600418
040062,2043.9032119568228,2015.0819408095845,-44179.0,1.0,-44.179,47305.0,153.0,5067.0,473.05,-28.82127114723835
040067,1247.8556713766545,1256.7389817036683,17278.0,0.0,17.278,5247.333333333333,46.0,864.3333333333334,52.47333333333333,8.88331032701376
040069,221.4061101711404,256.4664340435436,46271.0,0.0,46.271,2934.0,100.66666666666667,1500.3333333333333,29.34,35.06032387240319
040071,812.0781212968553,523.8116854383379,-144448.0,1.0,-144.448,33956.5,132.5,6694.5,339.565,-288.2664358585174
040072,1313.9209991402734,1307.742718642834,-95689.0,1.0,-95.689,5078.666666666667,36.0,753.6666666666666,50.78666666666667,-6.178280497439346
040074,4708.370848132397,883.7823061892351,648.0,0.0,0.648,4095.5,25.0,368.0,40.955,-3824.5885419431625
040076,553.1320929855974,562.7454975213878,0.0,0.0,0.0,5393.5,31.0,441.5,53.935,9.613404535790437
040080,221.4061101711404,256.4664340435436,-587.0,1.0,-0.587,7470.0,67.0,1577.0,74.7,35.06032387240319
040084,1509.7759407012777,1217.3039481592648,-58274.0,1.0,-58.274,14398.0,44.5,1996.0,143.98,-292.4719925420129
040085,221.4061101711404,256.4664340435436,-13326.0,1.0,-13.326,5491.0,90.66666666666667,1738.6666666666667,54.91,35.06032387240319
040114,1444.0826321035106,1080.1595964761336,-136435.0,1.0,-136.435,101181.0,352.6666666666667,12359.666666666666,1011.81,-363.923035627377
040118,2265.5143154079838,1520.878557517497,-659363.0,1.0,-659.363,7910.666666666667,66.0,1421.6666666666667,79.10666666666667,-744.6357578904867
040119,3806.561194442071,1876.0333190296826,67911.0,0.0,67.911,27163.333333333332,92.0,3530.0,271.6333333333333,-1930.5278754123885
040134,221.4061101711404,1150.3036447084141,-84136.0,1.0,-84.136,19342.0,84.66666666666667,1051.6666666666667,193.42,928.8975345372737
040137,703.0795297048843,256.4664340435436,156897.0,0.0,156.897,6539.5,40.0,418.5,65.395,-446.6130956613407
040147,1193.379869560628,1283.9925932368242,209119.0,0.0,209.119,4452.0,44.0,132.0,44.52,90.61272367619608
040152,1771.214066971234,2716.5542814210826,0.0,0.0,0.0,1139.0,23.333333333333332,4.666666666666667,11.39,945.3402144498486
050006,261.2392707477821,2361.144995443349,1069592.0,0.0,1069.592,21682.5,98.0,7055.0,216.825,2099.905724695567
050007,4401.467857036198,4413.833846567602,2250308.0,0.0,2250.308,28489.0,138.33333333333334,1763.6666666666667,284.89,12.365989531404011
050008,2825.445333339144,11133.528764616662,390312.0,0.0,390.312,9592.333333333334,74.66666666666667,1293.3333333333333,95.92333333333335,8308.083431277519
050009,1945.1283196733739,1239.4708631080625,1094951.0,0.0,1094.951,27347.5,94.5,2673.5,273.475,-705.6574565653113
050013,659.8230662832899,748.8512806348032,472195.0,0.0,472.195,14895.333333333334,112.66666666666667,2241.6666666666665,148.95333333333335,89.02821435151327
050014,3904.431160504391,2173.934381774392,-353908.0,1.0,-353.908,4241.333333333333,37.333333333333336,1072.0,42.41333333333333,-1730.4967787299988
050017,2852.111940570808,1644.85738213014,-63771.0,1.0,-63.771,50150.5,136.0,18199.0,501.505,-1207.2545584406682
050024,221.4061101711404,569.8352005861719,-670314.0,1.0,-670.314,30920.333333333332,153.33333333333334,16672.666666666668,309.2033333333333,348.4290904150315
050025,4379.754935986366,11133.528764616662,121750.0,0.0,121.75,80522.0,188.5,35453.5,805.22,6753.773828630296
050026,2374.2720764401965,1731.222064263848,735204.0,0.0,735.204,57710.0,218.33333333333334,21728.666666666668,577.1,-643.0500121763484
050028,1626.8443096010055,1253.205877649839,-261257.0,1.0,-261.257,6125.5,50.0,2352.0,61.255,-373.63843195116647
050030,1627.9647374589697,1782.1284769812817,102996.0,0.0,102.996,20597.0,92.0,8812.333333333334,205.97,154.16373952231197
050036,983.7854078862306,1111.456181737178,2287167.0,0.0,2287.167,49794.5,184.5,13217.0,497.945,127.6707738509474
050038,376.3336389183985,2427.9038612286113,410503.0,0.0,410.503,57692.5,191.0,48666.0,576.925,2051.5702223102126
050039,2855.718833069722,2976.0685451140525,-45993.0,1.0,-45.993,48584.5,154.0,10576.0,485.845,120.34971204433032
050040,6521.562785756338,7188.8444772797475,1492489.0,0.0,1492.489,30583.0,114.5,37159.5,305.83,667.2816915234098
050042,1594.2790212131333,973.4366739016294,785.0,0.0,0.785,7143.0,49.0,3313.5,71.43,-620.8423473115039
050043,1000.7824721767727,592.248450766182,7645589.0,0.0,7645.589,40167.0,221.0,7108.333333333333,401.67,-408.53402141059064
050047,4734.569843179577,8927.53787076352,8631574.0,0.0,8631.574,56341.333333333336,268.6666666666667,12298.0,563.4133333333334,4192.968027583942
050054,1146.6992977028094,1902.413446809242,-78088.0,1.0,-78.088,8619.5,42.5,2001.0,86.195,755.7141491064326
050055,846.1657552063181,6853.546798922403,169831.0,0.0,169.831,9747.0,91.33333333333333,4491.333333333333,97.47,6007.381043716085
050056,743.876932258249,2112.962154694847,2534755.0,0.0,2534.755,72655.0,190.5,26127.5,726.55,1369.085222436598
050057,3162.093137530019,2589.076598737431,1449487.0,0.0,1449.487,77286.0,196.0,20547.5,772.86,-573.0165387925877
050058,596.108528523217,434.63059615011906,1012881.0,0.0,1012.881,40567.5,117.0,17516.5,405.675,-161.47793237309799
050060,6306.389663942027,7512.289306170292,428719.0,0.0,428.719,116931.5,254.0,52407.0,1169.315,1205.8996422282644
050063,515.8405074291846,1114.361740049685,129336.0,0.0,129.336,36504.0,177.33333333333334,31228.333333333332,365.04,598.5212326205004
050067,3732.062226514152,3598.0784585147867,2140.0,0.0,2.14,3322.0,30.0,863.5,33.22,-133.98376799936523
050069,3136.485642860307,3123.7368587318197,2291447.0,0.0,2291.447,48183.0,162.0,7061.5,481.83,-12.748784128487387
050077,3400.3189341494767,2502.954044759507,-182173.0,1.0,-182.173,73776.0,296.3333333333333,32081.0,737.76,-897.3648893899699
050078,995.6069327218028,1049.697630157185,34818.0,0.0,34.818,15603.666666666666,94.0,4121.666666666667,156.03666666666666,54.09069743538214
050079,261.384196926398,466.76407404760346,55384.0,0.0,55.384,17940.666666666668,112.66666666666667,3637.3333333333335,179.40666666666667,205.37987712120548
050084,1741.8956660120625,814.1242258306806,180490.0,0.0,180.49,57473.5,141.5,13429.5,574.735,-927.7714401813819
050089,1900.0224720546107,1796.9137486556858,114859.0,0.0,114.859,24087.0,91.0,16589.0,240.87,-103.1087233989249
050090,1035.367490006162,965.3348351747577,109070.0,0.0,109.07,4798.0,40.0,800.0,47.98,-70.03265483140422
050091,221.4061101711404,256.4664340435436,46384.0,0.0,46.384,3939.6666666666665,80.33333333333333,2204.0,39.39666666666667,35.06032387240319
050093,1823.075937357636,919.666730521299,1960937.0,0.0,1960.937,81673.5,210.5,12073.0,816.735,-903.4092068363369
050096,452.0616548099039,1286.9355356588871,117110.0,0.0,117.11,420.3333333333333,28.0,22.333333333333332,4.203333333333333,834.8738808489832
050099,1570.5071780678531,1483.259404903373,575925.0,0.0,575.925,31001.666666666668,176.0,4590.333333333333,310.01666666666665,-87.24777316448012
050100,2104.9004597236167,1913.7817260355403,2440065.0,0.0,2440.065,70301.0,388.6666666666667,22966.666666666668,703.01,-191.11873368807642
050101,1673.0668073534282,1567.9941357998227,374370.0,0.0,374.37,9779.333333333334,70.0,819.0,97.79333333333334,-105.07267155360546
050102,872.6250729187681,1068.6026113106818,-472794.0,1.0,-472.794,19546.666666666668,122.0,12465.666666666666,195.46666666666667,195.97753839191375
050103,1146.1362891158153,2134.6304968443924,1858244.0,0.0,1858.244,43842.333333333336,166.66666666666666,33827.0,438.42333333333335,988.4942077285771
050104,10314.913194641722,3774.43628647737,206508.0,0.0,206.508,61958.5,152.0,56745.0,619.585,-6540.476908164352
050107,2975.097953648462,3674.633515775603,240456.0,0.0,240.456,26863.0,92.5,7106.0,268.63,699.535562127141
050108,2133.6140847048555,2098.316424131326,-1047516.0,1.0,-1047.516,66279.66666666667,364.0,11227.333333333334,662.7966666666667,-35.297660573529356
050110,4380.623185180145,4782.424139570075,49538.0,0.0,49.538,6755.5,43.0,532.0,67.555,401.80095438992976
050111,221.4061101711404,256.4664340435436,81925.0,0.0,81.925,10712.333333333334,102.0,3521.6666666666665,107.12333333333333,35.06032387240319
050112,1123.4295852196412,11133.528764616662,573591.0,0.0,573.591,52399.0,151.5,12437.5,523.99,10010.09917939702
050113,8175.876837555438,7933.910764318123,161330.0,0.0,161.33,6331.0,46.0,3854.0,63.31,-241.96607323731496
050115,904.1325922648102,1426.0447493613772,594450.0,0.0,594.45,45296.5,147.5,14543.5,452.965,521.912157096567
050116,3019.96544842025,819.0803695706054,348765.0,0.0,348.765,50326.5,141.5,20304.0,503.265,-2200.8850788496447
050118,297.7816157528471,488.698135727478,-17713.0,1.0,-17.713,13304.5,47.5,1346.5,133.045,190.91651997463094
050121,2081.7348553210054,1695.7868177227986,1916523.0,0.0,1916.523,27349.0,85.33333333333333,7427.0,273.49,-385.94803759820684
050122,927.0965759899728,500.2196158490239,883871.0,0.0,883.871,21412.666666666668,113.33333333333333,10676.0,214.12666666666667,-426.87696014094894
050124,942.1376588984239,1080.120061506065,304870.0,0.0,304.87,12166.666666666666,79.33333333333333,1495.6666666666667,121.66666666666666,137.98240260764112
050125,221.4061101711404,256.4664340435436,963713.0,0.0,963.713,36268.333333333336,137.0,8842.0,362.68333333333334,35.06032387240319
050126,2786.7499705513774,2050.389010652777,2814298.0,0.0,2814.298,38271.0,190.66666666666666,35091.0,382.71,-736.3609598986004
050127,1055.8990914029632,1790.9496620098657,-4596.0,1.0,-4.596,7127.5,55.0,1907.5,71.275,735.0505706069025
050128,720.2770182432058,1716.391812324104,208525.0,0.0,208.525,41534.0,135.5,14829.5,415.34,996.1147940808982
050129,1513.649610312996,1728.8590397908497,-805958.0,1.0,-805.958,46671.0,152.5,20517.5,466.71,215.20942947785375
050131,1903.050713631264,1809.2660187170752,-59356.0,1.0,-59.356,4305.0,36.0,277.3333333333333,43.05,-93.78469491418878
050132,221.4061101711404,410.8600293805694,2114830.0,0.0,2114.83,26180.0,94.5,8187.0,261.8,189.45391920942902
050133,1769.5086746868299,1766.8516134392562,1982776.0,0.0,1982.776,40001.5,131.5,14291.5,400.015,-2.6570612475736652
050135,762.6481158935278,356.0216704023629,-13067.0,1.0,-13.067,23014.333333333332,110.66666666666667,20076.666666666668,230.14333333333332,-406.62644549116493
050136,1110.0467990936054,877.1074946516042,-113316.0,1.0,-113.316,7788.0,50.5,1639.0,77.88,-232.93930444200123
050145,4617.814139841241,5418.246660169251,389002.0,0.0,389.002,34226.0,154.66666666666666,1780.0,342.26,800.4325203280105
050149,3407.1868518934525,3063.825229671462,330540.0,0.0,330.54,40943.5,123.5,36697.0,409.435,-343.36162222199073
050150,2360.148742272725,2106.2521532484457,-26062.0,1.0,-26.062,13878.0,65.0,3134.0,138.78,-253.89658902427936
050152,2275.6589782461588,1933.8398683864996,999513.0,0.0,999.513,18125.5,76.0,6149.5,181.255,-341.8191098596592
050153,675.6924232939909,660.4585278013898,2617413.0,0.0,2617.413,38348.0,166.0,8672.5,383.48,-15.233895492601164
050158,404.22531032084987,362.00329907087684,112238.0,0.0,112.238,7584.0,51.333333333333336,911.6666666666666,75.84,-42.222011249973036
050159,1393.023050015905,3050.6325964435086,91621.0,0.0,91.621,24618.0,102.5,26110.0,246.18,1657.6095464276036
050167,1827.824178029932,2728.875257959683,1266230.0,0.0,1266.23,23774.0,92.5,20027.5,237.74,901.051079929751
050168,3710.7441217093724,2647.8085788274384,321840.0,0.0,321.84,45858.5,140.5,2197.5,458.585,-1062.935542881934
050169,955.3350832423035,1234.4735066522078,-31591.0,1.0,-31.591,38495.333333333336,232.66666666666666,9587.0,384.9533333333334,279.13842340990425
050174,1119.7813712875663,967.2455223265223,-602707.0,1.0,-602.707,40970.5,124.0,5057.0,409.705,-152.53584896104405
050180,5160.143788800599,3842.331343870973,2761432.0,0.0,2761.432,48889.333333333336,178.0,3927.0,488.8933333333334,-1317.8124449296265
050189,10314.913194641722,3058.0669627473926,181445.0,0.0,181.445,10831.333333333334,58.0,1395.0,108.31333333333333,-7256.846231894329
050191,2369.4833237988523,1731.2431055339514,535363.0,0.0,535.363,34162.0,107.0,24519.5,341.62,-638.2402182649009
050192,1493.5888226345612,2914.0369216090435,-517456.0,1.0,-517.456,2289.5,37.0,1764.5,22.895,1420.4480989744823
050194,886.6455245396878,256.4664340435436,410314.0,0.0,410.314,15013.0,60.0,5359.0,150.13,-630.1790904961442
050195,2538.72903062333,995.9720482845448,-539273.0,1.0,-539.273,48906.0,158.5,11142.5,489.06,-1542.756982338785
050196,10314.913194641722,11133.528764616662,4765.0,0.0,4.765,4308.0,42.666666666666664,4696.333333333333,43.08,818.6155699749397
050197,666.7614692445314,1141.319761517362,235643.0,0.0,235.643,21821.0,120.5,137.0,218.21,474.5582922728305
050204,1990.5199289679263,690.1293440043999,632171.0,0.0,632.171,18241.0,69.33333333333333,4142.333333333333,182.41,-1300.3905849635264
050205,221.4061101711404,256.4664340435436,120247.0,0.0,120.247,4999.0,74.66666666666667,2685.3333333333335,49.99,35.06032387240319
050211,725.5725090370521,1267.8131484222183,9762.0,0.0,9.762,7931.5,57.0,946.5,79.315,542.2406393851662
050222,2770.5375517965026,2384.175418818677,-469357.0,1.0,-469.357,39102.666666666664,142.66666666666666,16529.333333333332,391.02666666666664,-386.3621329778257
050224,10314.913194641722,9713.826045470994,195544.0,0.0,195.544,70152.33333333333,238.66666666666666,3053.0,701.5233333333333,-601.0871491707276
050225,2187.6282325627203,2263.117415021201,187510.0,0.0,187.51,15684.666666666666,69.33333333333333,5312.666666666667,156.84666666666666,75.48918245848063
050226,1083.5991677436805,749.8912191224022,-315901.0,1.0,-315.901,36272.0,105.0,5173.0,362.72,-333.7079486212783
050228,1531.0880986375664,2801.9322183567324,3694510.0,0.0,3694.51,46897.5,135.0,34254.0,468.975,1270.844119719166
050231,2221.408219995168,1903.0046524703237,-141286.0,1.0,-141.286,50544.333333333336,214.33333333333334,50393.666666666664,505.4433333333334,-318.40356752484445
050232,535.0651845621007,529.9966224935245,-48668.0,1.0,-48.668,13133.5,67.0,652.0,131.335,-5.068562068576284
050234,1262.3002957146434,2237.5040138377226,-37811.0,1.0,-37.811,4871.666666666667,44.666666666666664,442.0,48.71666666666667,975.2037181230792
050235,1300.1103321284743,843.7266837174216,1477965.0,0.0,1477.965,53786.333333333336,186.66666666666666,15033.333333333334,537.8633333333333,-456.3836484110527
050236,1288.4024834124987,1296.0368533159785,-47065.0,1.0,-47.065,16682.0,84.66666666666667,2496.3333333333335,166.82,7.634369903479865
050238,707.1313586181744,792.6696601591628,823909.0,0.0,823.909,47022.666666666664,212.0,9906.666666666666,470.22666666666663,85.53830154098841
050239,445.07359933286,956.1193517969575,782028.0,0.0,782.028,53087.0,194.33333333333334,20764.333333333332,530.87,511.0457524640975
050242,3063.5260588665406,2502.7485952990573,842337.0,0.0,842.337,32900.0,112.5,3568.5,329.0,-560.7774635674832
050243,1741.6312065818079,1378.6629467014084,888144.0,0.0,888.144,44189.0,127.5,16012.5,441.89,-362.9682598803995
050245,650.6590799895575,7477.256725068709,709465.0,0.0,709.465,53420.0,110.5,42317.5,534.2,6826.597645079151
050248,1882.5153018824044,1530.6311245222646,519876.0,0.0,519.876,19198.0,78.5,12917.5,191.98,-351.8841773601398
050254,4613.243089438626,2915.996489877391,123163.0,0.0,123.163,16264.0,65.33333333333333,3781.6666666666665,162.64,-1697.2465995612351
050257,440.1511706529764,256.4664340435436,271517.0,0.0,271.517,10584.0,103.0,9182.333333333334,105.84,-183.68473660943283
050261,221.4061101711404,1532.5858825122766,293938.0,0.0,293.938,24551.5,74.0,7434.5,245.515,1311.1797723411362
050262,10314.913194641722,11133.528764616662,15972395.0,0.0,15972.395,101077.0,157.5,41558.0,1010.77,818.6155699749397
050272,5602.003929512542,1943.7116698166076,25334.0,0.0,25.334,22072.666666666668,104.66666666666667,7241.666666666667,220.7266666666667,-3658.2922596959343
050276,10314.913194641722,11133.528764616662,3925459.0,0.0,3925.459,21790.0,69.5,17613.0,217.9,818.6155699749397
050278,4145.652583675209,1174.6196455482936,1255560.0,0.0,1255.56,39517.0,119.33333333333333,14092.333333333334,395.17,-2971.0329381269153
050279,2453.6320404821736,2400.7032049049376,-21983.0,1.0,-21.983,8832.5,40.5,3661.0,88.325,-52.928835577235986
050280,2299.960763194697,2572.937229357357,2024465.0,0.0,2024.465,41792.5,111.0,13795.5,417.925,272.97646616266
050281,221.4061101711404,819.4785721778564,-143993.0,1.0,-143.993,14024.5,59.0,3255.5,140.245,598.072462006716
050283,486.44386424498947,2452.8814026826753,48277.0,0.0,48.277,24598.0,82.5,3669.5,245.98,1966.4375384376858
050289,1379.1155150563864,661.4623824415204,-29627.0,1.0,-29.627,32225.5,116.5,2874.0,322.255,-717.653132614866
050290,2205.95738477412,2467.060434114632,-25440.0,1.0,-25.44,35520.333333333336,183.66666666666666,677.3333333333334,355.2033333333334,261.1030493405119
050291,3631.698439616204,9743.814977502821,1316032.0,0.0,1316.032,13141.0,72.66666666666667,5690.333333333333,131.41,6112.116537886617
050292,2455.3927229478713,4383.6197995436705,1763372.0,0.0,1763.372,68046.5,192.0,46492.0,680.465,1928.2270765957992
050295,4688.390246959434,2603.34277768107,2423279.0,0.0,2423.279,37410.5,107.5,5397.5,374.105,-2085.047469278364
050296,4284.6183157271025,4924.277623838645,-9451.0,1.0,-9.451,5869.0,35.5,2197.5,58.69,639.6593081115425
050300,10314.913194641722,5730.569791183467,-70555.0,1.0,-70.555,43181.5,94.0,14050.5,431.815,-4584.343403458255
050301,5955.937131574592,11133.528764616662,2037288.0,0.0,2037.288,7998.666666666667,46.333333333333336,3798.3333333333335,79.98666666666666,5177.59163304207
050305,6510.712058654354,5676.058977646904,1988404.0,0.0,1988.404,43656.666666666664,184.66666666666666,19678.333333333332,436.56666666666666,-834.65308100745
050308,634.4568534851707,4574.738913488695,222187.0,0.0,222.187,54139.5,237.0,3268.0,541.395,3940.2820600035247
050309,6388.831858640955,8384.536637160823,-488076.0,1.0,-488.076,34998.0,140.0,8653.666666666666,349.98,1995.7047785198683
050313,2379.1531863677365,1864.7899179509902,-78504.0,1.0,-78.504,9235.333333333334,59.333333333333336,1990.0,92.35333333333334,-514.3632684167462
050320,2382.5981967477555,8433.381497995251,-2343642.0,1.0,-2343.642,25349.0,104.5,18027.0,253.49,6050.783301247496
050324,5856.3310961443,3516.381920230315,637224.0,0.0,637.224,44823.0,193.33333333333334,4304.666666666667,448.23,-2339.9491759139855
050327,2928.8569582270143,10961.980649786281,705007.0,0.0,705.007,86740.33333333333,337.0,81131.0,867.4033333333333,8033.123691559267
050329,1814.6512986779912,1218.954820111273,-5740.0,1.0,-5.74,18493.0,102.0,9056.666666666666,184.93,-595.6964785667183
050334,1392.2506352315327,2880.7094689986475,197231.0,0.0,197.231,35046.5,130.0,3222.5,350.465,1488.4588337671148
050335,5160.6844788957305,6429.79320348751,-408028.0,1.0,-408.028,15129.333333333334,62.0,2952.6666666666665,151.29333333333335,1269.1087245917797
050336,221.4061101711404,349.1591968975377,409577.0,0.0,409.577,22503.0,130.0,7792.333333333333,225.03,127.7530867263973
050342,1432.316090837112,892.773753060695,278598.0,0.0,278.598,16822.0,64.5,7908.0,168.22,-539.542337776417
050348,1722.5587138709336,7590.120911609649,5690805.0,0.0,5690.805,51628.5,127.5,18228.5,516.285,5867.562197738715
050350,1253.3357968851878,2327.1855977881746,1546727.0,0.0,1546.727,20804.666666666668,136.0,9246.666666666666,208.04666666666668,1073.8498009029868
050351,5107.912104271319,1813.0366022814653,-598648.0,1.0,-598.648,50959.0,176.0,10515.666666666666,509.59,-3294.8755019898535
050352,3148.57015211016,2961.5416786234728,-47319.0,1.0,-47.319,5048.666666666667,50.666666666666664,1663.6666666666667,50.48666666666667,-187.0284734866873
050353,1128.6000273945517,1395.0070255242474,1281623.0,0.0,1281.623,42397.666666666664,190.66666666666666,11495.666666666666,423.97666666666663,266.4069981296957
050357,933.7142976495238,2311.6428957811017,-2860.0,1.0,-2.86,2839.3333333333335,47.333333333333336,30.0,28.393333333333334,1377.928598131578
050359,1330.240412457661,865.3560638375026,-31071.0,1.0,-31.071,15091.5,62.0,6036.5,150.915,-464.88434862015845
050360,1684.0817670002561,1463.6734079081823,397090.0,0.0,397.09,25667.333333333332,119.33333333333333,6247.333333333333,256.67333333333335,-220.40835909207385
050367,1425.511098482658,2175.8908845853703,611942.0,0.0,611.942,17212.666666666668,78.66666666666667,2421.3333333333335,172.12666666666667,750.3797861027122
050373,10314.913194641722,11133.528764616662,6768343.0,0.0,6768.343,101308.0,213.0,108758.0,1013.08,818.6155699749397
050376,4215.618145270561,11133.528764616662,3101644.0,0.0,3101.644,62646.0,180.5,63149.0,626.46,6917.9106193461
050378,1294.8045774425973,2668.5501631615225,510353.0,0.0,510.353,12913.0,87.66666666666667,13206.0,129.13,1373.7455857189252
050382,2009.7564648746309,1911.7718281108982,974092.0,0.0,974.092,61301.666666666664,271.0,33946.333333333336,613.0166666666667,-97.98463676373262
050385,1177.5245802508553,868.6297724892537,160482.0,0.0,160.482,3540.0,31.0,342.5,35.4,-308.89480776160156
050390,412.1367346820095,256.4664340435436,905993.0,0.0,905.993,30061.5,158.0,4151.0,300.615,-155.6703006384659
050393,411.92589175339884,304.95714474041154,82912.0,0.0,82.912,30520.0,102.0,9774.5,305.2,-106.96874701298731
050394,1584.453012251692,4003.4872291756433,962341.0,0.0,962.341,27928.333333333332,146.66666666666666,9065.0,279.2833333333333,2419.034216923951
050396,4031.1459136798817,7372.764150722913,541695.0,0.0,541.695,42844.333333333336,216.0,5429.0,428.4433333333334,3341.618237043031
050397,2555.47278723062,3184.5912805037806,-140466.0,1.0,-140.466,1927.5,26.0,154.0,19.275,629.1184932731608
050407,5160.743391474753,4850.283861990437,10903.0,0.0,10.903,6894.666666666667,42.666666666666664,1015.3333333333334,68.94666666666667,-310.4595294843157
050414,4026.4496885962453,2764.6361170535793,540239.0,0.0,540.239,13272.0,53.5,1767.0,132.72,-1261.813571542666
050417,2791.3817899530977,2005.1860408829662,744508.0,0.0,744.508,5202.0,40.666666666666664,1726.0,52.02,-786.1957490701316
050423,916.8592160885427,506.31505339182615,40228.0,0.0,40.228,3119.5,38.5,1201.5,31.195,-410.5441626967165
050424,4389.4558870699975,3306.409017057276,1581769.0,0.0,1581.769,22716.0,89.33333333333333,760.0,227.16,-1083.0468700127217
050426,221.4061101711404,324.2336171860594,182625.0,0.0,182.625,17105.0,108.0,4059.6666666666665,171.05,102.82750701491901
050435,2004.8371531238045,1201.2100723420615,-1028.0,1.0,-1.028,5540.5,31.0,797.5,55.405,-803.627080781743
050438,1713.376307183586,1659.5483635359421,134354.0,0.0,134.354,68823.33333333333,268.0,20180.666666666668,688.2333333333332,-53.827943647643906
050441,5623.528138412165,11133.528764616662,6807083.0,0.0,6807.083,86208.0,200.0,14913.0,862.08,5510.000626204496
050444,4173.542320651327,1824.2826281876305,1154452.0,0.0,1154.452,38653.5,88.5,7255.5,386.535,-2349.2596924636964
050454,3416.3205851318094,10870.436019866804,6652407.0,0.0,6652.407,114473.5,265.0,46298.5,1144.735,7454.115434734995
050455,6616.332798455188,5450.122201859735,-244618.0,1.0,-244.618,41656.333333333336,156.66666666666666,7867.666666666667,416.56333333333333,-1166.2105965954534
050457,1527.7374629366955,1976.1811286391137,1711063.0,0.0,1711.063,17963.5,72.0,2616.0,179.635,448.44366570241823
050464,373.71921012616,991.350430738596,170382.0,0.0,170.382,58768.0,160.5,26764.5,587.68,617.631220612436
050468,1904.964279072522,1923.4313484898787,3818.0,0.0,3.818,11545.0,61.5,7272.0,115.45,18.467069417356697
050471,1194.16289493776,686.6759160443476,398552.0,0.0,398.552,53275.0,140.5,26115.0,532.75,-507.48697889341247
050481,502.72002726775446,256.4664340435436,534297.0,0.0,534.297,27680.666666666668,117.33333333333333,2215.6666666666665,276.8066666666667,-246.25359322421087
050485,349.81434950780744,1845.3778288184415,-640455.0,1.0,-640.455,68325.0,173.5,18091.0,683.25,1495.563479310634
050488,1987.9841597704408,9355.70940902882,1504089.0,0.0,1504.089,27060.666666666668,94.66666666666667,5232.0,270.6066666666667,7367.725249258378
050492,10314.913194641722,11133.528764616662,476123.0,0.0,476.123,21375.5,66.0,3812.5,213.755,818.6155699749397
050496,848.6861234037311,1282.3018250885439,-706618.0,1.0,-706.618,30669.0,162.66666666666666,3695.6666666666665,306.69,433.61570168481273
050498,2540.490893029639,2694.0767624635546,-175633.0,1.0,-175.633,8583.666666666666,63.666666666666664,1943.6666666666667,85.83666666666666,153.58586943391538
050503,10314.913194641722,5639.3470986898055,59607.0,0.0,59.607,20298.0,78.33333333333333,3283.0,202.98,-4675.566095951916
050506,733.0846925144069,649.1201796576913,263448.0,0.0,263.448,18489.5,77.5,2885.0,184.895,-83.9645128567156
050516,3900.914759111917,3000.023353423775,617432.0,0.0,617.432,62944.5,159.0,31622.0,629.445,-900.8914056881422
050517,1679.101672735099,1243.6444095562235,-429858.0,1.0,-429.858,10547.666666666666,69.66666666666667,4558.333333333333,105.47666666666666,-435.45726317887556
050523,1418.1480629177197,2285.336768991077,790318.0,0.0,790.318,19014.0,96.0,4656.666666666667,190.14,867.1887060733573
050526,221.4061101711404,256.4664340435436,-271286.0,1.0,-271.286,7982.333333333333,83.33333333333333,1250.3333333333333,79.82333333333332,35.06032387240319
050528,1040.7807078562237,616.0438638076512,0.0,0.0,0.0,3155.6666666666665,38.666666666666664,1117.3333333333333,31.556666666666665,-424.7368440485725
050534,347.3011177992925,344.44307572812863,-573140.0,1.0,-573.14,20754.0,79.5,11605.5,207.54,-2.8580420711638794
050537,6095.555405049648,6202.114511881073,1589.0,0.0,1.589,5043.333333333333,38.0,1948.0,50.43333333333333,106.5591068314252
050543,2539.228021951771,11133.528764616662,109170.0,0.0,109.17,14861.333333333334,91.33333333333333,26157.666666666668,148.61333333333334,8594.300742664891
050549,4280.699715910159,1674.4839992566287,20937.0,0.0,20.937,44429.0,131.33333333333334,4150.666666666667,444.29,-2606.2157166535308
050551,1538.660351230783,1341.2941325891552,-64603.0,1.0,-64.603,26328.5,77.5,3244.5,263.285,-197.3662186416277
050552,1730.5131178958334,1100.5305585674796,2940.0,0.0,2.94,992.0,48.0,,9.92,-629.9825593283538
050557,1933.060017447324,1364.3127997334366,1818461.0,0.0,1818.461,54351.666666666664,268.6666666666667,10712.333333333334,543.5166666666667,-568.7472177138875
050567,1883.0371886111034,1432.6813960674413,-9900.0,1.0,-9.9,60153.5,204.5,6239.0,601.535,-450.3557925436621
050568,2114.2441389821906,2788.397077159997,-410119.0,1.0,-410.119,17303.0,63.0,9611.5,173.03,674.1529381778064
050570,545.5156010882284,768.5984247386273,-706201.0,1.0,-706.201,48874.0,237.33333333333334,10402.333333333334,488.74,223.08282365039884
050575,457.9673084408616,256.4664340435436,-8986.0,1.0,-8.986,10519.333333333334,69.33333333333333,4141.333333333333,105.19333333333334,-201.500874397318
050580,221.4061101711404,256.4664340435436,6463.0,0.0,6.463,8481.333333333334,92.0,3212.0,84.81333333333333,35.06032387240319
050581,627.2609036980335,564.4298229036193,1473078.0,0.0,1473.078,25524.0,78.5,6170.0,255.24,-62.83108079441422
050586,864.4770182163604,622.3574494337182,348946.0,0.0,348.946,9991.666666666666,78.0,4097.666666666667,99.91666666666666,-242.1195687826422
050588,911.1493813194588,1382.5942088864745,-61585.0,1.0,-61.585,7736.0,47.333333333333336,1595.0,77.36,471.44482756701564
050589,633.6210341867046,605.0328246823238,3503.0,0.0,3.503,8692.5,68.0,228.0,86.925,-28.588209504380757
050590,2904.2657563014204,2873.6311247800604,534461.0,0.0,534.461,24102.0,80.0,12621.0,241.02,-30.634631521360006
050597,1383.279514555862,1493.2756869103212,331131.0,0.0,331.131,12084.333333333334,68.0,2661.3333333333335,120.84333333333333,109.99617235445908
050599,1711.0630587872415,7575.306595991481,18945485.0,0.0,18945.485,100616.0,219.5,47180.0,1006.16,5864.24353720424
050603,551.7478764639418,1793.8337702258657,-40023.0,1.0,-40.023,48169.0,143.0,1395.5,481.69,1242.085893761924
050608,1147.3366056234258,1372.5454844718108,604426.0,0.0,604.426,8968.666666666666,77.33333333333333,6064.0,89.68666666666667,225.20887884838498
050616,221.4061101711404,322.4479181736647,-22586.0,1.0,-22.586,12699.0,51.5,847.5,126.99,101.04180800252428
050618,6588.11551600473,4902.261304290214,58721.0,0.0,58.721,610.0,19.5,89.0,6.1,-1685.8542117145162
050624,2798.074204678049,3731.3610787949283,-281124.0,1.0,-281.124,30264.666666666668,121.33333333333333,4702.333333333333,302.6466666666667,933.2868741168791
050625,2608.47129458355,6579.3645266022795,1751676.0,0.0,1751.676,189690.0,371.5,31346.5,1896.9,3970.8932320187296
050633,221.4061101711404,256.4664340435436,529801.0,0.0,529.801,19540.5,63.0,1706.5,195.405,35.06032387240319
050636,5513.5217030420445,5372.220754590891,1334373.0,0.0,1334.373,16299.5,54.5,2920.5,162.995,-141.3009484511531
050641,788.3632922093319,660.2372323053772,434589.0,0.0,434.589,10988.666666666666,71.33333333333333,8486.0,109.88666666666666,-128.12605990395468
050663,2519.439636074064,2003.3254822690428,857912.0,0.0,857.912,23731.666666666668,96.0,21954.666666666668,237.3166666666667,-516.114153805021
050668,10314.913194641722,11133.528764616662,-3604.0,1.0,-3.604,797.0,20.0,344.0,7.97,818.6155699749397
050678,2806.9354559189296,1996.7844493262235,591868.0,0.0,591.868,29122.0,107.5,939.0,291.22,-810.1510065927062
050684,580.4680667244145,385.5059165890895,134880.0,0.0,134.88,9202.0,52.0,758.0,92.02,-194.96215013532498
050688,221.4061101711404,1190.83530762999,305.0,0.0,0.305,10121.0,47.0,2469.0,101.21,969.4291974588496
050689,1583.671450202425,1388.0689465551518,4721.0,0.0,4.721,14184.5,69.5,765.0,141.845,-195.60250364727312
050696,2692.390432935563,4262.302747732686,3510078.0,0.0,3510.078,36768.666666666664,146.66666666666666,6040.333333333333,367.68666666666667,1569.9123147971231
050697,511.8850583440622,256.4664340435436,2230.0,0.0,2.23,287.3333333333333,16.666666666666668,8.5,2.873333333333333,-255.41862430051862
050701,5466.179495988423,3087.5187888108894,992014.0,0.0,992.014,34189.333333333336,145.33333333333334,13895.666666666666,341.8933333333334,-2378.6607071775334
050704,619.9270041125819,923.2018307174278,-43024.0,1.0,-43.024,24540.0,70.0,15118.5,245.4,303.2748266048459
050708,435.5472730551297,2336.1735022403336,0.0,0.0,0.0,2423.3333333333335,30.666666666666668,,24.233333333333334,1900.626229185204
050709,1123.1009853715075,1315.5231437363407,3579105.0,0.0,3579.105,14414.666666666666,54.666666666666664,4820.333333333333,144.14666666666665,192.4221583648332
050714,7103.3559298169475,7546.745705929005,80864.0,0.0,80.864,2292.6666666666665,30.0,596.6666666666666,22.926666666666666,443.3897761120579
050724,6991.201614405505,4272.511611442029,948584.0,0.0,948.584,11613.666666666666,41.333333333333336,1004.6666666666666,116.13666666666666,-2718.690002963476
050726,687.0443611082034,403.6978273279633,0.0,0.0,0.0,1316.6666666666667,25.333333333333332,,13.166666666666668,-283.34653378024007
050727,340.5511585160704,389.54765811821187,183684.0,0.0,183.684,4182.0,85.0,1016.6666666666666,41.82,48.996499602141455
050732,437.18936065435065,2724.9227008683583,-27514.0,1.0,-27.514,7625.5,39.0,6.5,76.255,2287.7333402140075
050735,384.7588837257037,479.16738474298586,576005.0,0.0,576.005,17915.5,85.0,7957.0,179.155,94.40850101728216
050736,283.80631935093857,320.1318708196238,186433.0,0.0,186.433,12844.5,63.5,7148.0,128.445,36.32555146868526
050738,469.36855374280714,256.4664340435436,313213.0,0.0,313.213,9262.5,62.0,5597.0,92.625,-212.90211969926355
050740,1318.3047191730327,1188.8252356040175,958.0,0.0,0.958,10493.0,62.0,424.0,104.93,-129.4794835690152
050754,1019.2991584889313,1997.0070430447147,0.0,0.0,0.0,166.0,20.666666666666668,,1.66,977.7078845557834
050755,221.4061101711404,256.4664340435436,3608.0,0.0,3.608,11298.0,54.0,2792.6666666666665,112.98,35.06032387240319
050757,221.4061101711404,309.65977323043694,480094.0,0.0,480.094,19907.0,76160.66666666667,5184.0,199.07,88.25366305929654
050758,344.15183151209465,597.4484072882443,49263.0,0.0,49.263,7860.333333333333,72.66666666666667,9149.0,78.60333333333332,253.29657577614967
050761,358.6500346134712,730.1390577295216,1261060.0,0.0,1261.06,44219.666666666664,144.66666666666666,5740.333333333333,442.19666666666666,371.4890231160504
050763,324.8257668630292,305.70320649758304,419372.0,0.0,419.372,25201.333333333332,126.0,23679.333333333332,252.01333333333332,-19.122560365446134
050766,2189.306601237737,2318.772012861794,-857.0,1.0,-0.857,843.3333333333334,19.333333333333332,51.666666666666664,8.433333333333334,129.46541162405674
050769,346.71002798661766,1517.1881364777087,0.0,0.0,0.0,7176.0,30.0,,71.76,1170.478108491091
050770,3462.427432834385,6189.876978354494,1467067.0,0.0,1467.067,9523.0,30.0,931.0,95.23,2727.449545520109
050771,617.6123069950054,256.4664340435436,870316.0,0.0,870.316,5245.0,30.0,837.0,52.45,-361.1458729514618
060001,2602.038327747134,2710.993443775932,1118544.0,0.0,1118.544,31791.666666666668,182.0,10656.333333333334,317.9166666666667,108.95511602879787
060003,6138.061793937243,4439.397660702467,219955.0,0.0,219.955,19181.666666666668,88.0,5000.666666666667,191.8166666666667,-1698.6641332347763
060004,2570.6208551303,2345.3051258438027,-3097.0,1.0,-3.097,5799.333333333333,53.333333333333336,3694.6666666666665,57.99333333333333,-225.31572928649712
060006,4745.296832285617,4862.283987368059,-522243.0,1.0,-522.243,5742.333333333333,36.0,690.0,57.42333333333333,116.98715508244186
060008,1054.3976402824867,2265.63117561887,-75.0,1.0,-0.075,5018.5,35.5,2201.5,50.185,1211.2335353363835
060009,3137.350434017504,2776.818190874229,460199.0,0.0,460.199,35672.0,165.66666666666666,11270.333333333334,356.72,-360.5322431432751
060010,10238.71732183272,10084.623885797411,253834.0,0.0,253.834,29436.666666666668,137.33333333333334,8696.666666666666,294.3666666666667,-154.09343603530942
060011,8286.24285711278,7593.9848075003265,626287.0,0.0,626.287,37946.666666666664,161.0,39113.0,379.46666666666664,-692.2580496124538
060012,1470.8338454642499,1704.1916134933144,-40209.0,1.0,-40.209,23229.0,79.0,5509.0,232.29,233.35776802906457
060014,3014.7493196566024,2039.0248099656592,308028.0,0.0,308.028,43756.0,133.0,17628.0,437.56,-975.7245096909433
060015,2020.6017340015164,2116.6778975213947,-10307.0,1.0,-10.307,33854.0,111.5,7065.0,338.54,96.07616351987826
060016,1744.0610192253148,2789.445536673441,-273546.0,1.0,-273.546,6356.5,39.0,1108.0,63.565,1045.3845174481262
060020,1481.1460975757036,1331.2048463030785,82023.0,0.0,82.023,43599.5,143.0,10434.0,435.995,-149.9412512726251
060022,3387.155093929619,2773.711014884666,603792.0,0.0,603.792,64929.333333333336,250.66666666666666,29777.666666666668,649.2933333333334,-613.444079044953
060023,4251.709973292016,3691.1140333519993,-2088940.0,1.0,-2088.94,31443.666666666668,155.66666666666666,5416.333333333333,314.43666666666667,-560.5959399400167
060024,10314.913194641722,10064.046214155855,3352308.0,0.0,3352.308,70982.5,151.0,28881.0,709.825,-250.86698048586732
060027,6189.579719478247,4795.94349094153,11900.0,0.0,11.9,18102.333333333332,86.66666666666667,2877.6666666666665,181.0233333333333,-1393.6362285367168
060028,3425.253647250318,6536.6672883440515,218065.0,0.0,218.065,32754.0,223.33333333333334,11438.333333333334,327.54,3111.4136410937335
060030,2953.1589199681725,2450.443144813594,-63292.0,1.0,-63.292,10324.0,79.0,3245.0,103.24,-502.71577515457875
060031,2090.8126158734167,2296.9348583951987,-63639.0,1.0,-63.639,56693.5,183.0,9833.0,566.935,206.12224252178203
060032,1812.6264442236252,1204.8330405345587,115668.0,0.0,115.668,28383.0,131.0,7408.666666666667,283.83,-607.7934036890665
060034,3572.177068215898,2774.2511531006658,49663.0,0.0,49.663,46150.0,168.0,9295.0,461.5,-797.9259151152323
060043,2164.3676984507783,1664.5975751161886,5519.0,0.0,5.519,700.6666666666666,17.333333333333332,8.333333333333334,7.006666666666666,-499.7701233345897
060044,2213.9968904244765,2397.727147841063,-40268.0,1.0,-40.268,2846.3333333333335,32.666666666666664,1159.6666666666667,28.463333333333335,183.73025741658648
060049,8988.199656787952,8037.734423717914,-406673.0,1.0,-406.673,2540.3333333333335,31.666666666666668,782.3333333333334,25.403333333333336,-950.4652330700383
060054,1648.647124134028,3959.030290177496,-416.0,1.0,-0.416,5232.5,35.0,70.0,52.325,2310.383166043468
060065,1246.1767398129862,1081.9932898623942,56247.0,0.0,56.247,11503.0,79.33333333333333,6178.666666666667,115.03,-164.18344995059192
060071,3771.7836290021723,2816.252286134223,22799.0,0.0,22.799,5950.333333333333,38.666666666666664,690.6666666666666,59.50333333333333,-955.5313428679492
060075,10314.913194641722,11133.528764616662,725754.0,0.0,725.754,5954.666666666667,36.333333333333336,3975.3333333333335,59.54666666666667,818.6155699749397
060076,4159.3679654178995,6062.167088259617,71765.0,0.0,71.765,3704.6666666666665,31.333333333333332,709.0,37.04666666666667,1902.7991228417177
060096,9633.176316640085,9001.255180232072,457276.0,0.0,457.276,3352.0,46.0,1258.3333333333333,33.52,-631.9211364080129
060100,2568.9839354113547,1200.9393193523385,129904.0,0.0,129.904,33877.666666666664,150.33333333333334,8428.333333333334,338.77666666666664,-1368.044616059016
060103,1431.942850512592,1276.9017844867205,-4382.0,1.0,-4.382,9808.0,55.0,5644.5,98.08,-155.0410660258715
060104,1275.119579034499,1584.7253461624834,-387296.0,1.0,-387.296,17725.0,68.5,5128.5,177.25,309.60576712798434
060112,4138.315337310586,5135.7388232077465,-3596.0,1.0,-3.596,30718.5,86.0,3067.0,307.185,997.4234858971604
060113,2229.5979822911295,2331.1862601518574,-94740.0,1.0,-94.74,28519.0,86.0,2863.5,285.19,101.58827786072789
060114,3765.8196510989387,3629.0941951057544,-796.0,1.0,-0.796,16859.0,57.5,2740.5,168.59,-136.72545599318437
060116,3591.7574386466076,3576.4839888418255,80551.0,0.0,80.551,20051.666666666668,129.33333333333334,1881.6666666666667,200.51666666666668,-15.273449804782103
060117,1265.279139979425,1628.7293534516791,62.0,0.0,0.062,521.0,18.0,22.666666666666668,5.21,363.45021347225406
060119,5944.499954517231,9996.22805079976,-1241.0,1.0,-1.241,16721.0,75.33333333333333,1262.6666666666667,167.21,4051.728096282529
060124,540.3869958742839,325.0476096100894,-184.0,1.0,-0.184,3028.0,30.0,,30.28,-215.3393862641945
070002,1283.0744616621287,4638.67260564698,50353.0,0.0,50.353,85759.0,288.0,14353.0,857.59,3355.598143984851
070003,2392.485816378688,3858.557101764702,18310.0,0.0,18.31,9764.333333333334,63.333333333333336,674.0,97.64333333333335,1466.071285386014
070004,1705.5131727961048,1281.840162558533,-4100.0,1.0,-4.1,6246.666666666667,46.666666666666664,502.0,62.46666666666667,-423.6730102375718
070006,1630.747435411479,1037.850215862342,292828.0,0.0,292.828,37035.0,160.0,6418.666666666667,370.35,-592.8972195491369
070007,10314.913194641722,10536.825991518908,1033714.0,0.0,1033.714,40845.333333333336,127.33333333333333,6218.666666666667,408.4533333333334,221.91279687718634
070008,725.9864885738598,889.2556634945684,-84225.0,1.0,-84.225,9414.0,59.333333333333336,1234.0,94.14,163.26917492070856
070010,940.1340098867445,790.6259262204306,2151185.0,0.0,2151.185,48630.666666666664,197.33333333333334,12174.333333333334,486.3066666666666,-149.50808366631384
070011,2576.6472594946304,6431.04136215516,10153.0,0.0,10.153,16882.333333333332,64.66666666666667,1834.3333333333333,168.82333333333332,3854.3941026605294
070012,790.9026797205778,1653.5665733288477,-77316.0,1.0,-77.316,9202.666666666666,73.33333333333333,429.6666666666667,92.02666666666666,862.6638936082699
070015,2382.6415800071572,1390.8587529996462,-6598.0,1.0,-6.598,6428.0,61.333333333333336,580.0,64.28,-991.7828270075111
070016,1562.9995368589664,1566.785850368456,-47555.0,1.0,-47.555,32401.0,104.33333333333333,3733.3333333333335,324.01,3.7863135094896734
070017,5958.202516820822,11133.528764616662,11776.0,0.0,11.776,27475.0,97.0,2623.0,274.75,5175.32624779584
070018,1985.9252995381346,8114.114062836564,-87585.0,1.0,-87.585,31643.0,119.33333333333333,1597.6666666666667,316.43,6128.188763298429
070019,2088.671332242754,363.77942224992836,-46491.0,1.0,-46.491,11416.0,74.0,626.0,114.16,-1724.8919099928257
070020,5710.516781000081,4168.656853524344,171577.0,0.0,171.577,34281.0,104.33333333333333,2874.3333333333335,342.81,-1541.859927475737
070021,5622.703130068935,3025.468075174681,-15897.0,1.0,-15.897,13891.333333333334,54.666666666666664,2880.6666666666665,138.91333333333333,-2597.235054894254
070022,7860.048618812098,2279.411167711357,423553.0,0.0,423.553,141250.33333333334,431.0,29784.333333333332,1412.5033333333333,-5580.637451100741
070024,3822.52177133098,3503.7030924965675,-155372.0,1.0,-155.372,29287.666666666668,112.66666666666667,3149.6666666666665,292.87666666666667,-318.81867883441237
070025,2120.922698326784,8120.671223975942,191349.0,0.0,191.349,114267.66666666667,372.3333333333333,19666.333333333332,1142.6766666666667,5999.748525649158
070027,2350.377300836857,4388.372480774968,1241815.0,0.0,1241.815,22434.666666666668,122.33333333333333,1618.6666666666667,224.3466666666667,2037.9951799381106
070028,2391.0199901024657,5565.675536598182,1662712.0,0.0,1662.712,54938.0,186.0,7715.333333333333,549.38,3174.655546495716
070029,3887.634776179438,1031.7526452878965,-256476.0,1.0,-256.476,17773.666666666668,74.0,1197.6666666666667,177.73666666666668,-2855.8821308915417
070031,4353.311859356378,3692.6767920161915,117303.0,0.0,117.303,16992.0,69.33333333333333,2843.3333333333335,169.92,-660.6350673401862
070033,10314.913194641722,8050.394646839389,3342774.0,0.0,3342.774,53549.666666666664,179.33333333333334,5892.333333333333,535.4966666666667,-2264.518547802333
070034,1589.5577834107987,3046.958283007856,-108637.0,1.0,-108.637,36655.0,130.33333333333334,3660.6666666666665,366.55,1457.4004995970574
070035,4453.468390030346,5173.750573234857,-241078.0,1.0,-241.078,47832.333333333336,201.66666666666666,6573.333333333333,478.3233333333334,720.282183204511
070036,10314.913194641722,9496.256851333983,1845788.0,0.0,1845.788,30933.5,80.5,4765.5,309.335,-818.656343307739
070039,5939.968674955136,4974.0258088187065,0.0,0.0,0.0,3393.6666666666665,30.0,,33.93666666666667,-965.9428661364291
070040,5633.474921350123,9279.234014565078,0.0,0.0,0.0,1604.3333333333333,25.333333333333332,140.0,16.043333333333333,3645.759093214955
080001,7892.120995171791,9675.873375519308,1080602.0,0.0,1080.602,188419.5,454.0,51099.5,1884.195,1783.752380347517
080003,1163.4822099403807,1543.0173959553035,629962.0,0.0,629.962,17540.666666666668,110.0,1525.3333333333333,175.40666666666667,379.53518601492283
080004,2355.1029271324496,8428.78271045252,-341568.0,1.0,-341.568,44947.5,88.0,5124.0,449.475,6073.679783320071
080006,2119.862086269016,4455.398960864724,1115.0,0.0,1.115,16092.0,57.5,5956.0,160.92,2335.5368745957085
080007,2423.1906402980885,10743.572083703148,50714.0,0.0,50.714,30891.5,82.5,4357.0,308.915,8320.381443405058
090001,2645.246692440479,3746.158146757405,-400006.0,1.0,-400.006,44045.0,180.0,18107.333333333332,440.45,1100.9114543169262
090003,946.2082444722543,1962.2488423307811,-2783222.0,1.0,-2783.222,38283.0,128.0,22565.5,382.83,1016.0405978585269
090004,7852.4075716944135,11133.528764616662,368432.0,0.0,368.432,69054.0,153.0,9997.5,690.54,3281.121192922248
090005,8778.83414913708,8522.045580386595,-32801.0,1.0,-32.801,21685.666666666668,115.33333333333333,782.0,216.85666666666668,-256.78856875048405
090006,1226.3814462237362,2061.659240128994,454543.0,0.0,454.543,45967.0,132.5,22713.5,459.67,835.2777939052578
090008,1015.564934787405,1071.9460265932332,-324275.0,1.0,-324.275,11808.333333333334,95.33333333333333,5718.333333333333,118.08333333333334,56.38109180582819
090011,1874.7158337423737,7097.800794526538,-1913028.0,1.0,-1913.028,153599.0,339.5,48193.0,1535.99,5223.084960784165
100002,1190.9650880655267,589.9061990556065,259819.0,0.0,259.819,56619.666666666664,209.33333333333334,21646.666666666668,566.1966666666666,-601.0588890099202
100006,5479.951580455871,2709.631505029725,-204950.0,1.0,-204.95,202394.33333333334,699.6666666666666,86011.66666666667,2023.9433333333334,-2770.3200754261466
100007,2838.703863357009,3530.4791094406196,19061474.0,0.0,19061.474,322402.0,1088.6666666666667,82457.66666666667,3224.02,691.7752460836105
100008,8321.351718062484,5827.127859275551,2089328.0,0.0,2089.328,94464.0,397.3333333333333,28058.0,944.64,-2494.2238587869333
100009,275.424985960286,455.2455941928093,1276475.0,0.0,1276.475,87883.5,239.5,14685.0,878.835,179.82060823252328
100012,2074.3379747309777,2598.297520333908,1855980.0,0.0,1855.98,96783.66666666667,377.0,36983.0,967.8366666666667,523.9595456029301
100014,4927.13501774366,1457.2024266353515,51651.0,0.0,51.651,6361.666666666667,75.33333333333333,607.3333333333334,63.61666666666667,-3469.9325911083083
100017,1814.6723685448483,3672.5679946818245,518763.0,0.0,518.763,59446.0,241.0,17567.0,594.46,1857.8956261369763
100018,945.2578572165322,517.2869656518916,116207.0,0.0,116.207,94409.66666666667,371.3333333333333,20294.666666666668,944.0966666666667,-427.9708915646406
100019,2182.329349834977,1789.0596651081305,-13458.0,1.0,-13.458,98181.33333333333,405.3333333333333,17496.0,981.8133333333333,-393.26968472684666
100022,2854.6808378013557,1652.8808931430162,14210232.0,0.0,14210.232,164801.33333333334,824.6666666666666,148223.66666666666,1648.0133333333333,-1201.7999446583394
100023,1013.055381338377,779.5030443491806,-32258.0,1.0,-32.258,32838.666666666664,120.0,3380.3333333333335,328.38666666666666,-233.5523369891963
100025,2364.465164263289,2514.0006151910525,808520.0,0.0,808.52,81872.0,190.0,37348.0,818.72,149.53545092776358
100026,990.6772190178618,353.5087471129731,148118.0,0.0,148.118,54411.333333333336,222.33333333333334,12350.0,544.1133333333333,-637.1684719048887
100028,1418.3115244975002,1080.1048795321365,63873.0,0.0,63.873,24330.666666666668,144.66666666666666,4055.0,243.30666666666667,-338.2066449653637
100030,2399.097418432249,2880.0961059812853,-7942.0,1.0,-7.942,26928.0,106.66666666666667,6907.666666666667,269.28,480.9986875490363
100032,939.6967126286468,1154.9744686020256,370696.0,0.0,370.696,44451.333333333336,204.33333333333334,18649.0,444.5133333333334,215.27775597337882
100034,1070.9133429043288,1577.5532903673595,7716994.0,0.0,7716.994,69908.0,292.3333333333333,11206.0,699.08,506.6399474630307
100035,1408.925081434495,637.3791273233196,294201.0,0.0,294.201,45142.666666666664,179.33333333333334,15104.666666666666,451.4266666666666,-771.5459541111754
100038,1595.3469704062466,1331.3563956430446,1161176.0,0.0,1161.176,120699.5,373.5,37755.5,1206.995,-263.99057476320195
100039,2196.5212153307207,1963.0300247611106,51526.0,0.0,51.526,81861.5,200.5,46030.0,818.615,-233.49119056961013
100040,924.3697582439631,839.4947567862306,860998.0,0.0,860.998,94547.0,239.0,9985.0,945.47,-84.87500145773254
100043,933.7836915872945,693.0408871499003,-56250.0,1.0,-56.25,17900.0,79.33333333333333,1910.6666666666667,179.0,-240.74280443739417
100044,869.6896326604048,4337.002031334137,-40706.0,1.0,-40.706,52716.0,203.33333333333334,7523.0,527.16,3467.312398673733
100045,1456.6416906302854,1681.7083718434849,-75729.0,1.0,-75.729,19067.0,91.33333333333333,5242.666666666667,190.67,225.06668121319944
100046,1629.794814747641,1055.3639289877822,-55001.0,1.0,-55.001,23652.333333333332,92.0,3309.3333333333335,236.5233333333333,-574.4308857598589
100048,221.4061101711404,393.1489186356956,29080.0,0.0,29.08,5428.666666666667,46.666666666666664,512.3333333333334,54.28666666666667,171.74280846455522
100049,221.4061101711404,256.4664340435436,254347.0,0.0,254.347,14827.666666666666,83.33333333333333,3248.3333333333335,148.27666666666667,35.06032387240319
100050,221.4061101711404,260.5162090769617,-585457.0,1.0,-585.457,26734.333333333332,165.33333333333334,2018.3333333333333,267.3433333333333,39.110098905821275
100051,2148.6448275022053,2375.999624440898,-146002.0,1.0,-146.002,18703.333333333332,68.66666666666667,2128.3333333333335,187.03333333333333,227.35479693869274
100052,348.7625690258912,466.668661827315,134094.0,0.0,134.094,43721.666666666664,308.6666666666667,8675.0,437.21666666666664,117.90609280142382
100054,315.40285008445784,256.4664340435436,2217.0,0.0,2.217,6147.5,39.5,426.5,61.475,-58.93641604091425
100055,545.5888941711642,568.8967623456701,-21970.0,1.0,-21.97,10309.0,101.33333333333333,1367.3333333333333,103.09,23.307868174505984
100057,2019.331989369173,904.7519617401097,-80455.0,1.0,-80.455,39560.666666666664,119.33333333333333,5709.666666666667,395.6066666666666,-1114.5800276290634
100062,963.0856799105054,641.1464540256371,100192.0,0.0,100.192,72253.66666666667,246.66666666666666,13838.333333333334,722.5366666666667,-321.9392258848683
100063,693.9455300324006,867.3345428844912,920884.0,0.0,920.884,19508.0,104.66666666666667,2568.6666666666665,195.08,173.38901285209056
100067,1620.2836045021343,1750.2607873483148,3068457.0,0.0,3068.457,36451.0,122.66666666666667,4611.333333333333,364.51,129.97718284618054
100068,977.3179630350179,953.1078334298608,-33597.0,1.0,-33.597,34757.0,216.66666666666666,6225.0,347.57,-24.210129605157135
100069,1188.0814242019962,1162.314992242304,-86350.0,1.0,-86.35,10336.0,78.66666666666667,986.6666666666666,103.36,-25.766431959692227
100071,221.4061101711404,256.4664340435436,-25880.0,1.0,-25.88,31199.666666666668,152.66666666666666,9390.0,311.99666666666667,35.06032387240319
100072,2577.3243889469422,3245.528341671868,-94357.0,1.0,-94.357,23193.666666666668,88.66666666666667,2553.3333333333335,231.93666666666667,668.2039527249258
100073,1193.225743319063,997.4328262491615,-28658.0,1.0,-28.658,53318.333333333336,323.3333333333333,4841.333333333333,533.1833333333334,-195.79291706990148
100075,2067.700984248378,1993.7116364281349,3996287.0,0.0,3996.287,115978.66666666667,506.0,47374.333333333336,1159.7866666666666,-73.98934782024321
100081,343.22355788083127,289.1858744856005,-111239.0,1.0,-111.239,3026.3333333333335,39.333333333333336,502.3333333333333,30.263333333333335,-54.03768339523077
100084,911.7787506418435,846.4676496335574,624060.0,0.0,624.06,58477.0,149.0,7817.0,584.77,-65.31110100828619
100086,1201.754838620272,1522.7623240046664,0.0,0.0,0.0,40728.5,159.0,6669.5,407.285,321.0074853843944
100087,1182.3916936971443,1213.5873647816002,4204706.0,0.0,4204.706,71584.33333333333,437.3333333333333,15406.333333333334,715.8433333333332,31.195671084455853
100088,3407.802708339742,4570.166627267613,-136475.0,1.0,-136.475,103551.33333333333,422.6666666666667,29529.0,1035.5133333333333,1162.363918927871
100090,710.3909152064275,548.3178074094586,22430.0,0.0,22.43,48551.0,180.0,6675.666666666667,485.51,-162.07310779696888
100092,856.8533572939488,356.64621960462836,1235983.0,0.0,1235.983,38602.333333333336,165.33333333333334,5333.666666666667,386.02333333333337,-500.2071376893204
100093,577.1289783318667,1119.3240439042843,993609.0,0.0,993.609,39466.333333333336,286.6666666666667,12142.0,394.66333333333336,542.1950655724175
100099,221.4061101711404,256.4664340435436,-83857.0,1.0,-83.857,14433.666666666666,90.66666666666667,1314.0,144.33666666666667,35.06032387240319
100102,723.968892593491,495.04189816636153,56178.0,0.0,56.178,13518.0,60.0,5323.5,135.18,-228.92699442712944
100105,1083.863425680814,955.2730671760762,-953985.0,1.0,-953.985,42215.0,205.33333333333334,6914.666666666667,422.15,-128.59035850473788
100106,1031.875764617919,1016.7816573683566,-20410.0,1.0,-20.41,2802.5,36.0,692.0,28.025,-15.094107249562398
100109,4398.664100189457,1025.037289702706,-677940.0,1.0,-677.94,33294.333333333336,90.0,6748.0,332.9433333333334,-3373.626810486751
100110,1618.6814358885752,426.4416282229239,417682.0,0.0,417.682,43376.666666666664,133.33333333333334,11881.0,433.76666666666665,-1192.2398076656514
100113,2438.267098298424,11133.528764616662,4231047.0,0.0,4231.047,147851.5,302.0,63087.0,1478.515,8695.261666318238
100117,1833.413161981729,1487.5071163818075,569985.0,0.0,569.985,21319.333333333332,107.33333333333333,2636.6666666666665,213.19333333333333,-345.9060455999215
100118,8113.5829503847535,8087.324057561946,32940.0,0.0,32.94,17360.666666666668,58.0,1470.0,173.60666666666668,-26.258892822807866
100124,302.6860363870272,256.4664340435436,25803.0,0.0,25.803,10680.5,70.5,2567.5,106.805,-46.21960234348359
100125,10314.913194641722,4996.623626464414,396364.0,0.0,396.364,20485.333333333332,89.33333333333333,10856.333333333334,204.85333333333332,-5318.289568177308
100126,236.49802501476827,256.4664340435436,-51476.0,1.0,-51.476,16951.666666666668,189.33333333333334,1123.3333333333333,169.51666666666668,19.968409028775312
100127,1730.9599563632523,1498.5722632545856,-547369.0,1.0,-547.369,60989.0,318.0,10795.333333333334,609.89,-232.38769310866678
100128,2985.3418275090207,2589.1583253978065,3146452.0,0.0,3146.452,126836.0,435.3333333333333,39734.333333333336,1268.36,-396.18350211121424
100130,811.9629227554083,895.1318110337219,216157.0,0.0,216.157,5369.333333333333,54.333333333333336,3070.0,53.69333333333333,83.1688882783136
100131,766.6240712047809,517.191879962399,668269.0,0.0,668.269,58588.666666666664,208.66666666666666,5832.333333333333,585.8866666666667,-249.43219124238192
100132,867.5743742225158,830.5229438815264,-358569.0,1.0,-358.569,13589.666666666666,97.33333333333333,3515.0,135.89666666666665,-37.05143034098933
100134,1621.7925883087075,1359.4299884572956,153403.0,0.0,153.403,33.666666666666664,26.0,1.0,0.33666666666666667,-262.3625998514119
100135,4460.4707475887,4677.4683329007985,3836322.0,0.0,3836.322,55725.666666666664,258.6666666666667,19564.0,557.2566666666667,216.99758531209864
100137,237.63947575837494,256.4664340435436,126023.0,0.0,126.023,30855.0,82.5,8307.0,308.55,18.826958285168644
100140,2760.554498659633,2476.102253455056,82545.0,0.0,82.545,6711.333333333333,44.666666666666664,1312.6666666666667,67.11333333333333,-284.4522452045767
100142,866.875971897234,1814.4638576445486,-21413.0,1.0,-21.413,9881.333333333334,64.0,3581.0,98.81333333333333,947.5878857473147
100150,651.8824998720555,636.2459725051754,-190114.0,1.0,-190.114,10210.666666666666,94.66666666666667,3580.0,102.10666666666665,-15.63652736688016
100151,9962.765222424441,5647.783393819621,5318015.0,0.0,5318.015,40397.666666666664,116.66666666666667,453.6666666666667,403.97666666666663,-4314.98182860482
100154,2766.6959166862953,2872.3455330424085,152137.0,0.0,152.137,42386.0,274.0,17000.333333333332,423.86,105.64961635611326
100157,1268.1105192156936,1101.2045866449914,3508992.0,0.0,3508.992,101925.66666666667,474.6666666666667,19497.333333333332,1019.2566666666667,-166.90593257070213
100161,621.7279930364376,256.4664340435436,-91500.0,1.0,-91.5,30419.5,105.0,3877.5,304.195,-365.26155899289404
100166,221.4061101711404,256.4664340435436,-61188.0,1.0,-61.188,19431.333333333332,111.33333333333333,674.3333333333334,194.31333333333333,35.06032387240319
100167,741.4229989110913,346.36190630938154,1011837.0,0.0,1011.837,41433.5,114.5,19068.5,414.335,-395.0610926017098
100168,1092.6659096589883,1237.137079756402,0.0,0.0,0.0,64198.0,178.0,2309.0,641.98,144.47117009741373
100173,1252.4500229474368,1346.8282903707448,206888.0,0.0,206.888,53298.666666666664,275.3333333333333,6947.0,532.9866666666667,94.37826742330799
100175,1620.4602500860397,1173.4815475543753,286.0,0.0,0.286,5606.333333333333,37.333333333333336,3098.6666666666665,56.06333333333333,-446.97870253166434
100176,807.2351405971599,1008.3356753577558,-15231.0,1.0,-15.231,33863.0,120.0,1890.3333333333333,338.63,201.1005347605959
100177,1428.9158855135545,1044.4867968485985,-183225.0,1.0,-183.225,17864.0,102.0,2440.6666666666665,178.64,-384.429088664956
100179,847.9312419303875,256.4664340435436,1326344.0,0.0,1326.344,69368.66666666667,252.66666666666666,11891.333333333334,693.6866666666667,-591.4648078868439
100183,221.4061101711404,256.4664340435436,-995192.0,1.0,-995.192,19400.0,138.33333333333334,2400.3333333333335,194.0,35.06032387240319
100187,678.9579935605561,893.3748450677846,1396655.0,0.0,1396.655,56902.333333333336,196.0,19420.0,569.0233333333333,214.41685150722844
100189,894.7883917854697,375.50721456659016,-153750.0,1.0,-153.75,29309.333333333332,136.0,5838.333333333333,293.0933333333333,-519.2811772188795
100191,221.4061101711404,256.4664340435436,0.0,0.0,0.0,37492.5,131.0,4405.0,374.925,35.06032387240319
100200,1473.450944468903,1520.287081972811,0.0,0.0,0.0,18459.0,76.5,2769.0,184.59,46.83613750390805
100206,438.61958081008737,256.4664340435436,369661.0,0.0,369.661,13172.0,100.66666666666667,640.6666666666666,131.72,-182.15314676654378
100209,454.74122108371097,694.6176079457264,-168434.0,1.0,-168.434,39486.0,250.0,14247.666666666666,394.86,239.8763868620154
100211,221.4061101711404,256.4664340435436,446813.0,0.0,446.813,8745.0,82.0,1343.0,87.45,35.06032387240319
100212,328.32888488431854,256.4664340435436,-72226.0,1.0,-72.226,47046.0,133.0,4606.0,470.46,-71.86245084077495
100213,221.4061101711404,256.4664340435436,34650.0,0.0,34.65,42337.5,175.0,1479.5,423.375,35.06032387240319
100224,222.4153441093645,256.4664340435436,6520.0,0.0,6.52,25001.5,136.0,1360.5,250.015,34.05108993417909
100230,362.932339178713,313.6462765322362,100143.0,0.0,100.143,19117.0,153.5,2367.0,191.17,-49.28606264647681
100231,221.4061101711404,256.4664340435436,339846.0,0.0,339.846,39976.0,194.0,4885.5,399.76,35.06032387240319
100234,318.0890894580253,256.4664340435436,-226425.0,1.0,-226.425,13234.0,94.5,1357.5,132.34,-61.6226554144817
100239,232.1533107796506,304.0117244626208,-101554.0,1.0,-101.554,10099.0,76.33333333333333,1161.3333333333333,100.99,71.8584136829702
100240,2895.5359124826145,3034.9114899560145,-17985.0,1.0,-17.985,360.5,43.0,15.0,3.605,139.37557747339997
100243,779.1747964625725,310.70532848717545,215286.0,0.0,215.286,48954.333333333336,216.66666666666666,14895.666666666666,489.54333333333335,-468.4694679753971
100244,923.2656222289024,744.525781142081,1624029.0,0.0,1624.029,42236.333333333336,163.33333333333334,7042.666666666667,422.36333333333334,-178.73984108682146
100246,772.5492188143357,256.4664340435436,1354520.0,0.0,1354.52,46324.0,178.66666666666666,15402.666666666666,463.24,-516.0827847707922
100252,491.75435388809535,256.4664340435436,-3261.0,1.0,-3.261,15265.0,61.0,1920.5,152.65,-235.28791984455177
100253,2583.1098797993436,2539.9124626415164,-13638.0,1.0,-13.638,32179.666666666668,108.66666666666667,1771.3333333333333,321.7966666666667,-43.1974171578272
100254,1523.1838626822844,402.914264487277,250680.0,0.0,250.68,36922.5,104.0,6706.5,369.225,-1120.2695981950073
100255,323.68970273509814,256.4664340435436,225285.0,0.0,225.285,11838.666666666666,126.66666666666667,1448.3333333333333,118.38666666666666,-67.22326869155455
100258,221.4061101711404,256.4664340435436,6068.0,0.0,6.068,57292.0,199.0,4186.333333333333,572.92,35.06032387240319
100265,2000.4208622448123,1790.3478913079273,-83293.0,1.0,-83.293,45763.666666666664,190.66666666666666,8227.0,457.63666666666666,-210.07297093688499
100266,221.81586308787786,256.4664340435436,-59969.0,1.0,-59.969,11055.0,49.333333333333336,,110.55,34.65057095566573
100268,1710.6799613953544,1702.194787390702,527742.0,0.0,527.742,22368.0,103.33333333333333,8796.666666666666,223.68,-8.485174004652436
100269,1506.1239158115952,723.8891322364043,332886.0,0.0,332.886,29215.0,95.5,11032.5,292.15,-782.2347835751909
100275,3465.605178438638,877.8616056139263,125625.0,0.0,125.625,21919.666666666668,105.66666666666667,10538.666666666666,219.1966666666667,-2587.743572824712
100276,2220.279710651013,2290.7415510936785,39830.0,0.0,39.83,31559.0,82.0,8988.5,315.59,70.46184044266556
100277,9047.111080968993,3368.906273763106,0.0,0.0,0.0,2493.5,31.0,,24.935,-5678.204807205886
100281,10314.913194641722,2482.8083544445185,1491103.0,0.0,1491.103,62934.5,141.0,13133.0,629.345,-7832.104840197204
100284,1187.7037154955324,1315.4272284228687,-219272.0,1.0,-219.272,26523.0,88.0,3982.6666666666665,265.23,127.72351292733629
100285,2541.2488693154446,1674.3242873431923,494963.0,0.0,494.963,24837.0,90.0,7116.5,248.37,-866.9245819722523
100286,717.203535719535,420.77498054026387,-48389.0,1.0,-48.389,23704.333333333332,128.0,4132.333333333333,237.04333333333332,-296.42855517927114
100287,228.43189795980803,256.4664340435436,-17557.0,1.0,-17.557,29175.5,166.5,4267.0,291.755,28.03453608373556
100288,1617.4372997707803,1648.2952613004124,143200.0,0.0,143.2,51393.0,166.0,43324.5,513.93,30.85796152963212
100289,3450.127336226537,6953.04001445026,-549197.0,1.0,-549.197,24983.0,98.0,855.0,249.83,3502.912678223723
100290,2761.1825948626865,256.4664340435436,232505.0,0.0,232.505,40607.0,95.0,1528.0,406.07,-2504.7161608191427
100291,862.589851888498,289.2905542654223,287776.0,0.0,287.776,15601.666666666666,78.66666666666667,2362.3333333333335,156.01666666666665,-573.2992976230756
100292,3586.8822286734144,8470.762225028122,14887.0,0.0,14.887,10233.5,36.5,2372.5,102.335,4883.879996354708
100296,1060.8821781584118,1156.0542219468875,66922.0,0.0,66.922,25269.666666666668,185.33333333333334,2291.3333333333335,252.6966666666667,95.17204378847578
100299,533.0791382353137,502.5687247921281,2144.0,0.0,2.144,9170.333333333334,76.66666666666667,1010.3333333333334,91.70333333333333,-30.510413443185655
100302,1044.3361823929808,681.1657971865824,236574.0,0.0,236.574,12715.666666666666,60.666666666666664,1040.6666666666667,127.15666666666667,-363.17038520639846
100307,585.9007486753073,531.4730985969131,663817.0,0.0,663.817,28866.5,149.5,3189.0,288.665,-54.42765007839421
100313,1728.7784217329024,1818.68877527434,248224.0,0.0,248.224,677.0,24.5,120.0,6.77,89.91035354143764
100314,4165.15963233205,4138.990410638378,2793444.0,0.0,2793.444,7888.0,30.0,329.0,78.88,-26.169221693671716
100315,1677.4880112888518,1702.4690052544065,721231.0,0.0,721.231,4353.0,30.0,146.0,43.53,24.980993965554717
100316,765.7756168606817,495.3996334499352,798731.0,0.0,798.731,11337.0,30.0,460.0,113.37,-270.37598341074647
110001,421.30959661839546,1300.1774762447278,1491476.0,0.0,1491.476,27243.666666666668,168.0,5246.666666666667,272.43666666666667,878.8678796263323
110002,1362.8549914524117,991.670410382588,-209206.0,1.0,-209.206,9730.0,83.33333333333333,1861.6666666666667,97.3,-371.1845810698237
110003,2947.5001752377225,1908.0894952478325,0.0,0.0,0.0,22317.333333333332,91.33333333333333,3232.3333333333335,223.17333333333332,-1039.41067998989
110004,245.68911177869845,601.9942012492191,873575.0,0.0,873.575,9240.333333333334,76.66666666666667,1338.3333333333333,92.40333333333334,356.30508947052067
110005,2287.5193526707494,7792.789121605285,1014788.0,0.0,1014.788,29646.333333333332,89.66666666666667,3323.6666666666665,296.4633333333333,5505.269768934535
110006,821.3181486413424,2410.960978718929,-283924.0,1.0,-283.924,19189.666666666668,76.66666666666667,1923.6666666666667,191.89666666666668,1589.6428300775865
110007,1893.1687041829068,3401.763845945809,3101478.0,0.0,3101.478,59105.0,176.0,7400.0,591.05,1508.5951417629021
110008,1421.9337864384956,11133.528764616662,-521462.0,1.0,-521.462,9356.333333333334,60.0,1591.3333333333333,93.56333333333333,9711.594978178166
110011,956.0013679045171,3250.2245187267476,365212.0,0.0,365.212,20419.0,99.0,1636.0,204.19,2294.2231508222303
110015,3219.6423041039266,7764.474553245852,8818.0,0.0,8.818,5950.0,52.0,3811.5,59.5,4544.832249141926
110016,401.5960361370899,975.017124475991,491311.0,0.0,491.311,18745.0,180.66666666666666,2709.6666666666665,187.45,573.421088338901
110018,235.7899610164695,1486.8310390428596,-24582.0,1.0,-24.582,11627.0,68.0,1418.6666666666667,116.27,1251.04107802639
110023,3616.2079413990973,2314.7494661460646,-20269.0,1.0,-20.269,11864.666666666666,50.666666666666664,1589.0,118.64666666666666,-1301.4584752530327
110024,608.8243124775125,4254.481824958905,-784855.0,1.0,-784.855,44955.5,114.5,4072.0,449.555,3645.6575124813926
110025,488.9565389237934,1730.4783827689828,-1087266.0,1.0,-1087.266,32326.333333333332,188.66666666666666,5228.666666666667,323.2633333333333,1241.5218438451893
110026,221.4061101711404,256.4664340435436,-76997.0,1.0,-76.997,4326.0,39.0,249.5,43.26,35.06032387240319
110027,627.5204474992103,1054.7128444363966,525603.0,0.0,525.603,3764.0,53.333333333333336,505.3333333333333,37.64,427.19239693718634
110028,324.7995604383641,2133.269544817996,0.0,0.0,0.0,69920.0,321.0,16637.0,699.2,1808.469984379632
110029,1301.172801767597,8172.1709844593,10255.0,0.0,10.255,68635.33333333333,255.33333333333334,12824.0,686.3533333333332,6870.998182691703
110030,1124.5255981489647,585.6268614308865,-623618.0,1.0,-623.618,16723.0,75.33333333333333,2576.0,167.23,-538.8987367180782
110031,467.44792981448563,469.54957898222483,576.0,0.0,0.576,23439.0,106.0,3943.6666666666665,234.39,2.101649167739197
110032,612.4573742145648,1355.8609847302046,754948.0,0.0,754.948,10799.666666666666,57.333333333333336,1177.0,107.99666666666666,743.4036105156398
110035,1677.0041878418597,8800.0870645716,700984.0,0.0,700.984,115715.0,252.0,12679.0,1157.15,7123.082876729741
110036,742.2821823748266,4877.845347832669,2303632.0,0.0,2303.632,68801.66666666667,255.33333333333334,30907.0,688.0166666666668,4135.563165457843
110038,1015.89176071269,2950.081620248716,-549002.0,1.0,-549.002,32258.333333333332,137.33333333333334,4088.6666666666665,322.5833333333333,1934.1898595360258
110039,221.4061101711404,504.4541803614535,45608.0,0.0,45.608,5973.0,68.5,362.5,59.73,283.04807019031307
110040,858.6903818998786,1125.4428339867034,19896.0,0.0,19.896,3573.0,48.0,240.0,35.73,266.75245208682475
110041,1162.3133600259707,2580.3332582435137,-695161.0,1.0,-695.161,6184.5,39.5,863.5,61.845,1418.019898217543
110042,2440.6346419977976,6739.143451779319,140152.0,0.0,140.152,4405.5,30.0,395.5,44.055,4298.5088097815205
110044,1612.8455774409238,3344.152768248028,-292492.0,1.0,-292.492,4121.0,37.0,1041.0,41.21,1731.3071908071045
110045,238.31260865851382,768.2087668792709,29608.0,0.0,29.608,5095.666666666667,43.333333333333336,1123.0,50.95666666666667,529.8961582207571
110046,805.4914606252605,723.1471208526818,-3388.0,1.0,-3.388,7760.333333333333,55.333333333333336,1169.3333333333333,77.60333333333332,-82.34433977257868
110050,552.7280291078074,301.92903707344374,-23523.0,1.0,-23.523,2126.3333333333335,29.333333333333332,270.0,21.263333333333335,-250.79899203436366
110051,1528.8944276972234,4798.281974968686,-289703.0,1.0,-289.703,5220.0,35.0,899.5,52.2,3269.3875472714626
110054,1746.8060360282484,4330.30551149893,-991685.0,1.0,-991.685,38412.0,105.0,8374.0,384.12,2583.499475470682
110064,982.5360300155803,4835.098091028954,1442612.0,0.0,1442.612,45154.5,180.0,12730.0,451.545,3852.5620610133733
110069,1688.099489805946,4092.4847850939823,915085.0,0.0,915.085,42347.333333333336,136.33333333333334,5105.333333333333,423.47333333333336,2404.385295288036
110071,3943.9766908198744,2980.0453513472385,-47528.0,1.0,-47.528,5098.0,25.5,1041.0,50.98,-963.931339472636
110073,264.1702791152377,1023.4619245727571,908755.0,0.0,908.755,4998.0,45.5,434.0,49.98,759.2916454575194
110074,633.6348468219729,2936.3456742922617,680626.0,0.0,680.626,50946.0,187.33333333333334,7237.666666666667,509.46,2302.7108274702887
110075,1301.6766082335664,1303.3429780734,-827112.0,1.0,-827.112,19566.666666666668,99.33333333333333,3048.3333333333335,195.66666666666669,1.6663698398335782
110076,977.4010609303988,4642.2538856124,975660.0,0.0,975.66,74067.0,203.0,15629.0,740.67,3664.8528246820015
110078,5209.644668688548,7649.956213297067,3632307.0,0.0,3632.307,83582.5,199.0,23904.5,835.825,2440.3115446085185
110079,514.2483704471913,2620.531115682536,1416472.0,0.0,1416.472,69488.33333333333,289.0,53024.333333333336,694.8833333333333,2106.282745235345
110083,1993.4104660447717,5052.086120539088,265099.0,0.0,265.099,98448.5,215.0,4874.0,984.485,3058.6756544943164
110086,683.6757010524241,1316.232775509109,242763.0,0.0,242.763,7192.5,40.0,826.5,71.925,632.5570744566849
110087,5127.187208786208,11133.528764616662,462456.0,0.0,462.456,74668.0,211.5,19071.0,746.68,6006.341555830453
110089,3271.863186599406,2487.2374681913875,-43223.0,1.0,-43.223,13196.0,62.0,2072.6666666666665,131.96,-784.6257184080187
110091,579.7730147562324,2396.1799261657966,444969.0,0.0,444.969,20646.0,91.33333333333333,10436.666666666666,206.46,1816.4069114095641
110092,226.50004909954222,1035.4292111967934,-127100.0,1.0,-127.1,5032.666666666667,44.0,1266.0,50.32666666666667,808.9291620972512
110095,1539.3518019048256,3627.485995976909,-100269.0,1.0,-100.269,28756.333333333332,106.0,4210.666666666667,287.56333333333333,2088.1341940720836
110100,462.19180478997305,954.2951532470152,195760.0,0.0,195.76,2518.6666666666665,34.666666666666664,301.0,25.186666666666664,492.1033484570421
110101,467.3041608265385,1178.575790474676,-133834.0,1.0,-133.834,2596.0,35.5,457.0,25.96,711.2716296481376
110104,1135.54526666007,3085.4034758054863,2139294.0,0.0,2139.294,9154.5,43.5,1626.0,91.545,1949.8582091454164
110105,1639.6054890221974,1808.2302166080324,153049.0,0.0,153.049,10442.0,60.0,2351.3333333333335,104.42,168.624727585835
110107,2137.102009705891,10326.489132393499,-2185468.0,1.0,-2185.468,101291.33333333333,346.6666666666667,24637.666666666668,1012.9133333333333,8189.387122687608
110109,372.3595005290301,854.4263784274655,191836.0,0.0,191.836,4868.0,33.5,725.0,48.68,482.0668778984354
110111,641.7640748795538,1000.4350184369019,1038801.0,0.0,1038.801,2406.3333333333335,26.333333333333332,288.6666666666667,24.063333333333336,358.6709435573481
110113,341.6100025536794,342.43503684254785,-13712.0,1.0,-13.712,3538.5,35.0,572.5,35.385,0.8250342888684372
110115,743.6852434368739,496.94509284695977,-132113.0,1.0,-132.113,35363.666666666664,184.66666666666666,21460.0,353.63666666666666,-246.7401505899141
110121,336.37994801838227,1117.1133981482153,-9377.0,1.0,-9.377,4270.333333333333,38.0,406.0,42.70333333333333,780.733450129833
110122,1298.0634327300952,3342.9870371429806,994577.0,0.0,994.577,39556.666666666664,165.33333333333334,6205.0,395.56666666666666,2044.9236044128854
110124,252.0829307778693,812.3321135530272,222949.0,0.0,222.949,11784.0,66.5,1212.5,117.84,560.2491827751578
110125,1090.7557630278875,272.8405686535476,-173574.0,1.0,-173.574,16741.5,77.5,2839.5,167.415,-817.9151943743399
110128,751.5906539435008,6089.29799144881,166190.0,0.0,166.19,8851.0,54.5,1699.5,88.51,5337.707337505309
110129,296.0145124378551,3190.6242904239793,991429.0,0.0,991.429,47529.0,141.5,3730.0,475.29,2894.6097779861243
110130,739.1824091572332,1288.866633762073,-83761.0,1.0,-83.761,1987.0,32.666666666666664,802.0,19.87,549.6842246048398
110142,454.1794130968165,300.020290994246,24303.0,0.0,24.303,2847.6666666666665,42.666666666666664,259.3333333333333,28.476666666666667,-154.1591221025705
110143,1512.8109558612061,2699.1452447027245,137114.0,0.0,137.114,63135.5,155.5,9915.0,631.355,1186.3342888415184
110146,1646.1044333297534,4783.690965546066,517333.0,0.0,517.333,3460.6666666666665,33.333333333333336,332.0,34.60666666666666,3137.5865322163127
110150,876.9369501451148,1641.5261658857496,20758.0,0.0,20.758,12484.666666666666,72.0,1664.0,124.84666666666666,764.5892157406348
110153,331.45830932287197,1290.2866199306982,-73632.0,1.0,-73.632,5402.333333333333,33.333333333333336,428.6666666666667,54.02333333333333,958.8283106078262
110161,10314.913194641722,11133.528764616662,448908.0,0.0,448.908,66951.66666666667,312.6666666666667,14140.333333333334,669.5166666666668,818.6155699749397
110164,1606.2635184633275,702.03713616044,-6047.0,1.0,-6.047,37992.0,98.5,4931.5,379.92,-904.2263823028875
110165,976.1124410512095,2809.050752420785,2781451.0,0.0,2781.451,73013.0,30.0,12535.0,730.13,1832.9383113695756
110168,1077.1394260661305,561.2999349669009,37174.0,0.0,37.174,38898.5,100.0,3262.5,388.985,-515.8394910992296
110183,1282.3614380129961,1458.8111771759784,-3691.0,1.0,-3.691,5021.0,54.666666666666664,668.3333333333334,50.21,176.44973916298227
110184,717.2439828014585,2069.8260042748757,556522.0,0.0,556.522,18579.5,62.0,2244.5,185.795,1352.5820214734172
110186,396.9839309999135,411.86799757414605,47886.0,0.0,47.886,11965.0,117.33333333333333,1747.3333333333333,119.65,14.88406657423252
110187,309.43683573094023,901.9222238024208,-29344.0,1.0,-29.344,4230.5,37.5,665.0,42.305,592.4853880714807
110189,439.56931782159205,472.5248512790816,-27832.0,1.0,-27.832,4553.333333333333,40.0,992.0,45.53333333333333,32.95553345748954
110190,221.4061101711404,1339.5514492281827,-147688.0,1.0,-147.688,1845.6666666666667,42.666666666666664,322.6666666666667,18.456666666666667,1118.1453390570423
110191,746.9204647475852,5380.688227521809,-319559.0,1.0,-319.559,38903.5,97.0,3855.5,389.035,4633.767762774223
110192,1990.5274027365658,967.1027208936308,-4478.0,1.0,-4.478,30241.0,81.0,3766.0,302.41,-1023.424681842935
110194,503.49921094818103,846.7036715859718,-432355.0,1.0,-432.355,5321.5,47.5,717.0,53.215,343.2044606377908
110198,868.961002843332,964.7828539974919,-49222.0,1.0,-49.222,20867.666666666668,104.0,7509.666666666667,208.67666666666668,95.82185115415984
110200,1760.3095649598115,1385.9881028005086,0.0,0.0,0.0,3969.5,48.5,91.5,39.695,-374.3214621593029
110201,517.6356685303591,614.1695610442349,152733.0,0.0,152.733,9129.0,60.5,662.0,91.29,96.5338925138758
110203,3404.988711723103,2377.1183543900415,-98622.0,1.0,-98.622,2939.0,23.5,157.5,29.39,-1027.8703573330613
110205,691.3818953958432,1424.199553670326,43386.0,0.0,43.386,2969.0,32.5,197.5,29.69,732.8176582744827
110225,739.4829587193215,1105.9989498892849,66416.0,0.0,66.416,8543.0,33.0,1019.0,85.43,366.5159911699634
110226,708.2742157347591,2591.3668777971056,548856.0,0.0,548.856,12681.5,61.0,2013.5,126.815,1883.0926620623466
110229,325.5573421699897,2755.8048273258837,193054.0,0.0,193.054,19777.0,80.5,2471.5,197.77,2430.247485155894
110230,2833.9449065860667,3641.909362527627,-236408.0,1.0,-236.408,11013.0,74.0,898.3333333333334,110.13,807.9644559415601
120001,8092.7550026456665,11133.528764616662,717587.0,0.0,717.587,87869.0,243.5,12899.5,878.69,3040.773761970995
120002,5085.65041959674,7075.259669630997,222031.0,0.0,222.031,33234.0,111.5,3638.0,332.34,1989.6092500342575
120004,5044.367037279559,5996.852860305876,-88248.0,1.0,-88.248,5969.0,35.5,630.5,59.69,952.4858230263171
120005,4558.286787166993,8318.05722325442,217393.0,0.0,217.393,21713.0,74.0,2504.5,217.13,3759.770436087427
120006,2483.418995122662,3129.3225364783752,135588.0,0.0,135.588,18435.666666666668,111.33333333333333,3685.0,184.35666666666668,645.9035413557131
120007,3337.221856358535,2900.484419030243,-63900.0,1.0,-63.9,27277.5,88.0,924.5,272.775,-436.73743732829234
120014,5218.417216833736,4817.016454911332,-15473.0,1.0,-15.473,11361.5,47.0,1003.0,113.615,-401.40076192240394
120019,3232.0281755472324,4997.983728721067,73151.0,0.0,73.151,7067.0,31.5,1059.0,70.67,1765.9555531738342
120022,5939.309730385892,10961.498971033969,673574.0,0.0,673.574,25269.5,85.0,2412.0,252.695,5022.1892406480765
120026,10314.913194641722,11133.528764616662,120709.0,0.0,120.709,27121.5,69.0,2852.5,271.215,818.6155699749397
120028,5357.145058928226,8159.207390099206,137011.0,0.0,137.011,3696.3333333333335,32.666666666666664,387.0,36.96333333333334,2802.0623311709805
130002,2811.439946877928,2716.7206264338984,-648929.0,1.0,-648.929,19630.333333333332,92.0,6390.333333333333,196.3033333333333,-94.71932044402956
130006,3719.4533713401415,4333.321114447544,-166968.0,1.0,-166.968,52080.0,268.0,28902.333333333332,520.8,613.867743107402
130007,5797.912920587508,4857.7465749856065,907517.0,0.0,907.517,43617.5,135.5,13466.5,436.175,-940.1663456019014
130013,1277.0071961020515,1467.3236808938298,3015.0,0.0,3.015,9945.5,82.0,3337.0,99.455,190.3164847917783
130014,1303.3402626976808,1532.5815612600475,-138528.0,1.0,-138.528,8123.0,76.66666666666667,3607.0,81.23,229.24129856236664
130018,2849.535639838104,2244.5491622128416,94065.0,0.0,94.065,25158.333333333332,137.33333333333334,7769.666666666667,251.58333333333331,-604.9864776252625
130025,3881.2536433746754,3823.9654426104707,350.0,0.0,0.35,4635.666666666667,41.333333333333336,3368.6666666666665,46.35666666666667,-57.2882007642047
130028,5050.336575886193,5114.148324306346,68610.0,0.0,68.61,14469.0,81.0,5464.0,144.69,63.81174842015298
130049,1873.1477468687647,2741.136910331671,191570.0,0.0,191.57,29271.666666666668,128.66666666666666,8822.0,292.7166666666667,867.9891634629064
130063,2621.9020709551205,7937.474690063542,1891.0,0.0,1.891,291.3333333333333,16.333333333333332,21.0,2.913333333333333,5315.572619108421
130065,4815.950711545468,6483.367263459821,0.0,0.0,0.0,2771.0,36.666666666666664,2014.0,27.71,1667.4165519143526
130066,1213.741443521202,2125.6670485288128,0.0,0.0,0.0,702.0,28.666666666666668,23.0,7.02,911.9256050076108
140001,2238.516799403496,1618.0108567577738,448812.0,0.0,448.812,6253.0,35.5,1725.0,62.53,-620.5059426457221
140002,221.4061101711404,1603.6705528648527,-330469.0,1.0,-330.469,17562.0,90.0,3936.3333333333335,175.62,1382.2644426937122
140007,1884.0262434183471,975.7419568206157,964933.0,0.0,964.933,67002.66666666667,236.66666666666666,14147.333333333334,670.0266666666668,-908.2842865977315
140008,337.3847487409379,540.0649443561621,379397.0,0.0,379.397,28121.5,113.0,4772.5,281.215,202.6801956152242
140010,8006.97008102468,4853.1022810416725,3538194.0,0.0,3538.194,97536.33333333333,291.6666666666667,18144.333333333332,975.3633333333332,-3153.867799983008
140012,4694.596642423066,3299.4246685547837,75888.0,0.0,75.888,8512.666666666666,50.0,1699.0,85.12666666666667,-1395.1719738682827
140013,1368.2372694438045,858.5609310041448,-4894.0,1.0,-4.894,18054.333333333332,96.66666666666667,1207.0,180.54333333333332,-509.67633843965973
140015,3907.110830829696,2914.737940953564,340993.0,0.0,340.993,33036.333333333336,128.0,6357.0,330.36333333333334,-992.3728898761324
140018,1181.5329429688243,1975.5383707141639,-969945.0,1.0,-969.945,42642.0,115.0,37035.0,426.42,794.0054277453396
140019,567.2769115785957,484.6080639326644,11048.0,0.0,11.048,3376.5,30.0,449.0,33.765,-82.6688476459313
140026,221.4061101711404,526.830756472851,-23084.0,1.0,-23.084,9222.0,56.0,1271.0,92.22,305.4246463017106
140029,1344.3688628241025,3972.4766818740873,68908.0,0.0,68.908,33007.5,87.0,11263.5,330.075,2628.1078190499848
140030,708.2305380496689,2403.345904363475,0.0,0.0,0.0,42170.5,127.5,11146.0,421.705,1695.115366313806
140032,2436.596231395543,1978.1496179925118,7822.0,0.0,7.822,20065.0,76.5,3478.5,200.65,-458.44661340303105
140034,3623.568033359127,1499.1167711359392,495410.0,0.0,495.41,18947.0,69.66666666666667,4358.333333333333,189.47,-2124.4512622231878
140043,242.37945308801133,1107.970531372064,413889.0,0.0,413.889,15082.0,59.0,2677.0,150.82,865.5910782840526
140046,2320.97485299455,4274.7006087585705,-165232.0,1.0,-165.232,19516.0,92.0,4476.333333333333,195.16,1953.7257557640205
140048,2149.258456278802,1720.937062938446,-7784.0,1.0,-7.784,26228.333333333332,114.0,14786.666666666666,262.2833333333333,-428.32139334035605
140049,221.4061101711404,904.246155772139,1382948.0,0.0,1382.948,21350.0,77.5,11138.5,213.5,682.8400456009986
140052,754.601271619487,706.6578351678352,-278570.0,1.0,-278.57,9481.0,63.333333333333336,2310.6666666666665,94.81,-47.94343645165179
140053,725.4896678886934,2831.210376255517,1528194.0,0.0,1528.194,61005.5,153.0,22072.5,610.055,2105.7207083668236
140054,2575.491398241788,1822.5551886075036,494594.0,0.0,494.594,37058.666666666664,165.0,18201.333333333332,370.58666666666664,-752.9362096342843
140058,514.5147696592807,1497.9741529672422,-29063.0,1.0,-29.063,10150.666666666666,67.33333333333333,1644.6666666666667,101.50666666666666,983.4593833079615
140059,1333.656055541524,1045.2032734312002,170711.0,0.0,170.711,3102.0,44.5,559.0,31.02,-288.4527821103238
140062,2149.039023513938,1372.9017305573377,8627.0,0.0,8.627,64653.333333333336,224.0,2197.6666666666665,646.5333333333333,-776.1372929566003
140063,224.19497769773267,813.3436122111775,110739.0,0.0,110.739,14142.5,60.0,2027.5,141.425,589.1486345134449
140064,997.5242923978595,649.1005106700446,2205.0,0.0,2.205,11815.0,70.0,1851.0,118.15,-348.4237817278149
140065,922.5951501306147,1438.94970925958,59009.0,0.0,59.009,31176.333333333332,125.33333333333333,2706.3333333333335,311.7633333333333,516.3545591289653
140067,3814.0723420388185,3166.64866119875,494862.0,0.0,494.862,88658.33333333333,314.0,37994.666666666664,886.5833333333333,-647.4236808400688
140077,932.8951836106272,1146.6909211788427,819636.0,0.0,819.636,6727.0,112.66666666666667,6994.0,67.27,213.7957375682155
140083,2364.208697984554,2045.8840439228763,344792.0,0.0,344.792,27219.5,102.5,19127.0,272.195,-318.3246540616776
140084,295.2797814155548,517.4622979970518,-492307.0,1.0,-492.307,30231.0,136.0,11901.333333333334,302.31,222.182516581497
140088,1544.8998831090985,7235.469047626696,113870.0,0.0,113.87,88810.0,218.5,42869.5,888.1,5690.5691645175975
140089,1678.5626838353426,1676.4147487011644,-12290.0,1.0,-12.29,6346.0,60.0,1201.5,63.46,-2.1479351341781694
140091,6149.939954442427,11133.528764616662,4823252.0,0.0,4823.252,48956.5,131.5,14637.0,489.565,4983.588810174235
140093,785.4329021585511,367.4960663407171,159683.0,0.0,159.683,16451.666666666668,118.0,4301.666666666667,164.51666666666668,-417.936835817834
140095,486.98587548833086,2196.5930385466095,653205.0,0.0,653.205,16229.0,70.5,13126.5,162.29,1709.6071630582787
140101,3641.9251105661347,2882.1481798020322,1027173.0,0.0,1027.173,11727.333333333334,62.0,1400.0,117.27333333333334,-759.7769307641024
140103,1778.2832050150544,1723.7245211487348,-349730.0,1.0,-349.73,17366.666666666668,107.33333333333333,14944.666666666666,173.66666666666669,-54.5586838663196
140110,921.207130601671,1415.9726606997117,39207.0,0.0,39.207,6463.5,56.0,2214.0,64.635,494.7655300980407
140113,1085.9195983782056,843.7563512485547,-56109.0,1.0,-56.109,18360.0,111.33333333333333,5099.333333333333,183.6,-242.16324712965093
140114,1230.3119692513671,890.8229511579518,376034.0,0.0,376.034,38612.666666666664,144.66666666666666,17869.0,386.12666666666667,-339.4890180934153
140116,6481.726324883027,4945.525823466714,-1138.0,1.0,-1.138,31798.0,84.5,4500.0,317.98,-1536.2005014163124
140118,900.6608579704304,321.9219976926715,-410446.0,1.0,-410.446,29152.333333333332,154.0,10641.333333333334,291.5233333333333,-578.7388602777589
140119,807.8174001464247,6862.94196042774,1419892.0,0.0,1419.892,94774.5,208.0,39787.5,947.745,6055.124560281315
140120,1138.5062414345916,256.4664340435436,91284.0,0.0,91.284,11326.0,60.0,2173.5,113.26,-882.039807391048
140122,3378.561684178077,2778.855391055652,-54254.0,1.0,-54.254,32317.666666666668,158.33333333333334,5636.0,323.1766666666667,-599.706293122425
140124,10314.913194641722,11133.528764616662,1647286.0,0.0,1647.286,46851.333333333336,224.66666666666666,49043.333333333336,468.5133333333334,818.6155699749397
140127,2427.996042483698,1855.9741001780544,230377.0,0.0,230.377,25717.5,93.0,4763.0,257.175,-572.0219423056437
140130,9900.544912526831,4586.5092907729295,39473.0,0.0,39.473,17461.0,81.33333333333333,1464.6666666666667,174.61,-5314.035621753902
140133,475.95614727584837,714.8272691401987,42571.0,0.0,42.571,28963.5,120.0,13285.5,289.635,238.87112186435036
140135,1100.0519417360063,1244.303922163528,767247.0,0.0,767.247,31121.666666666668,161.33333333333334,7402.333333333333,311.2166666666667,144.25198042752163
140137,1413.6464600404586,1099.4695380138992,42022.0,0.0,42.022,3318.6666666666665,31.333333333333332,942.3333333333334,33.18666666666667,-314.1769220265594
140143,710.0045423311683,1944.5472636524946,-30408.0,1.0,-30.408,7594.333333333333,53.333333333333336,1078.3333333333333,75.94333333333333,1234.5427213213263
140145,2052.279180169528,2247.492876331727,427885.0,0.0,427.885,4820.0,42.0,1093.0,48.2,195.21369616219908
140147,1630.200237901997,1393.2165108828372,-11425.0,1.0,-11.425,5920.0,36.0,1613.0,59.2,-236.98372701915991
140148,3438.4316433744402,2580.9194826909197,-30329.0,1.0,-30.329,76743.0,233.66666666666666,10999.666666666666,767.43,-857.5121606835205
140150,1696.8005810889965,4802.989885225546,7691970.0,0.0,7691.97,61019.0,165.5,38420.5,610.19,3106.1893041365493
140155,861.4386613291769,437.42118270574946,-709767.0,1.0,-709.767,21056.666666666668,114.0,5843.333333333333,210.5666666666667,-424.0174786234274
140158,539.5022647068666,3149.1217181419593,-2078381.0,1.0,-2078.381,43846.5,120.0,22347.5,438.465,2609.6194534350925
140160,3123.331205752177,2301.176927001266,222763.0,0.0,222.763,12449.0,82.66666666666667,3515.0,124.49,-822.1542787509111
140161,1964.1960573831238,1506.3008209008597,-14000.0,1.0,-14.0,3691.0,34.666666666666664,1139.3333333333333,36.91,-457.8952364822642
140162,1281.3406759291222,1390.1884355709815,-5677.0,1.0,-5.677,14125.666666666666,105.66666666666667,3122.6666666666665,141.25666666666666,108.84775964185928
140166,221.4061101711404,608.2268946879079,-111059.0,1.0,-111.059,21835.5,99.5,9121.0,218.355,386.8207845167675
140167,1720.3319179964396,3140.3698160479544,9670.0,0.0,9.67,4471.666666666667,32.0,851.0,44.71666666666667,1420.0378980515147
140172,1930.4800909758587,1219.9140541293152,318042.0,0.0,318.042,64933.666666666664,223.33333333333334,15229.0,649.3366666666666,-710.5660368465435
140174,749.7495492558954,832.2681791466536,-863259.0,1.0,-863.259,19815.0,147.33333333333334,7950.666666666667,198.15,82.51862989075812
140176,4139.465194307005,5653.461347112635,-98016.0,1.0,-98.016,17904.5,52.5,3790.0,179.045,1513.9961528056301
140179,591.5199194213982,463.0571721942018,475546.0,0.0,475.546,47802.5,133.0,8913.0,478.025,-128.46274722719636
140180,332.4315122126938,1398.9005577265311,490626.0,0.0,490.626,83851.5,243.5,61399.5,838.515,1066.4690455138373
140181,525.7580458296779,621.7909396288724,47749.0,0.0,47.749,20446.666666666668,88.0,8711.333333333334,204.46666666666667,96.03289379919443
140182,3782.088190963537,3508.609826832088,255129.0,0.0,255.129,34674.333333333336,113.0,20230.666666666668,346.74333333333334,-273.47836413144887
140185,1689.609387190191,1090.5622729157722,725429.0,0.0,725.429,43583.333333333336,207.33333333333334,10674.0,435.83333333333337,-599.0471142744188
140186,1256.7768100181015,1236.6234458342685,4238638.0,0.0,4238.638,37367.0,156.66666666666666,14091.666666666666,373.67,-20.15336418383299
140187,1722.0650318638618,1027.94008736303,427987.0,0.0,427.987,33567.0,118.0,6591.0,335.67,-694.1249445008318
140189,4890.651999861291,7705.3273056202315,-59909.0,1.0,-59.909,17093.0,60.5,3614.5,170.93,2814.6753057589403
140191,4723.613721684494,2582.678802287269,1601641.0,0.0,1601.641,51050.333333333336,172.0,16359.0,510.50333333333333,-2140.934919397225
140197,221.4061101711404,273.3251766903627,216754.0,0.0,216.754,17462.333333333332,118.0,12453.333333333334,174.62333333333333,51.9190665192223
140200,2213.4208909963404,2479.2231961604803,-54834.0,1.0,-54.834,45187.5,143.0,4515.5,451.875,265.80230516413985
140202,1897.7730022559501,1486.1624195335864,2889943.0,0.0,2889.943,43469.333333333336,164.66666666666666,12742.666666666666,434.6933333333334,-411.6105827223637
140206,1511.9220902304066,1356.6547226195435,318938.0,0.0,318.938,19129.666666666668,110.0,20725.666666666668,191.29666666666668,-155.26736761086318
140208,10314.913194641722,11133.528764616662,2428819.0,0.0,2428.819,113615.0,325.6666666666667,43996.0,1136.15,818.6155699749397
140209,1237.9804976118212,5001.609916118778,608463.0,0.0,608.463,34621.666666666664,140.33333333333334,14010.666666666666,346.21666666666664,3763.6294185069564
140210,2208.778115134598,2311.583748552334,-12654.0,1.0,-12.654,5944.0,39.0,768.5,59.44,102.80563341773586
140211,837.0586568097865,3650.3665286032533,40.0,0.0,0.04,20938.0,84.5,1864.5,209.38,2813.307871793467
140213,453.57839461994394,5212.243824897728,20052.0,0.0,20.052,38397.333333333336,176.0,8421.666666666666,383.97333333333336,4758.665430277784
140217,1613.0775464118149,1130.9096151124845,362288.0,0.0,362.288,22917.333333333332,96.0,3481.6666666666665,229.17333333333332,-482.16793129933035
140223,4521.38655594183,4707.214625207218,3892101.0,0.0,3892.101,76536.0,284.0,26119.333333333332,765.36,185.82806926538797
140224,221.4061101711404,819.0552233107597,641590.0,0.0,641.59,34992.0,132.0,8868.0,349.92,597.6491131396193
140228,4644.111297219243,2298.8686760935157,-545446.0,1.0,-545.446,53253.5,153.0,19671.0,532.535,-2345.2426211257275
140231,2249.501636944896,4850.8559274676345,144339.0,0.0,144.339,58381.0,134.5,5075.0,583.81,2601.3542905227387
140233,2842.5083006481477,2525.9592764715385,217445.0,0.0,217.445,33342.0,142.66666666666666,4617.0,333.42,-316.54902417660924
140234,1679.5041044530697,2072.9343275610518,1391.0,0.0,1.391,8473.0,46.0,1399.5,84.73,393.4302231079821
140239,3965.2558757326165,2948.525293373816,-1314956.0,1.0,-1314.956,39087.333333333336,156.0,22311.0,390.87333333333333,-1016.7305823588003
140240,1377.5773495327624,424.01550998244096,305241.0,0.0,305.241,16475.0,69.0,8427.5,164.75,-953.5618395503213
140242,3025.3309977941562,9229.65749411021,-96680.0,1.0,-96.68,58875.5,151.5,11031.5,588.755,6204.326496316054
140250,2273.0399256387363,1462.7307017061507,721496.0,0.0,721.496,30261.0,148.33333333333334,8200.333333333334,302.61,-810.3092239325856
140251,238.63793746832408,256.4664340435436,563706.0,0.0,563.706,32964.5,100.0,6577.5,329.645,17.828496575219503
140252,3360.664829609793,3025.0396645044916,10710.0,0.0,10.71,69752.33333333333,252.0,9497.333333333334,697.5233333333333,-335.6251651053012
140258,3724.6315845371323,3082.3570462678035,-21283.0,1.0,-21.283,62341.0,204.66666666666666,11253.0,623.41,-642.2745382693288
140275,1135.826804139881,1119.2069980754893,-152916.0,1.0,-152.916,11670.0,86.0,3445.5,116.7,-16.619806064391696
140276,1382.376072745409,256.4664340435436,1198638.0,0.0,1198.638,78749.0,188.5,28321.5,787.49,-1125.9096387018653
140280,749.1344186826165,2035.407077479559,200722.0,0.0,200.722,38975.333333333336,164.66666666666666,12194.0,389.75333333333333,1286.2726587969423
140281,1716.68868522594,5591.836691581843,-944718.0,1.0,-944.718,163490.5,332.0,44313.0,1634.905,3875.1480063559034
140286,2771.003290783643,4544.362610366381,332043.0,0.0,332.043,16427.5,56.0,2787.5,164.275,1773.359319582738
140288,4035.09411229867,2658.955693776577,-1467544.0,1.0,-1467.544,47754.333333333336,162.66666666666666,6383.666666666667,477.54333333333335,-1376.1384185220932
140289,688.2618777725762,578.2119386148001,140664.0,0.0,140.664,16824.0,88.0,4443.333333333333,168.24,-110.04993915777607
140290,1993.2830419254876,3387.1575093243996,-78770.0,1.0,-78.77,48076.333333333336,216.66666666666666,16818.333333333332,480.7633333333334,1393.874467398912
140291,6893.505421726506,7024.861000812866,651767.0,0.0,651.767,30344.0,110.66666666666667,2139.6666666666665,303.44,131.3555790863602
140292,1450.8320993281843,1508.2999110633252,37507.0,0.0,37.507,15658.333333333334,87.0,9938.0,156.58333333333334,57.46781173514091
140294,221.4061101711404,662.0922081820529,338020.0,0.0,338.02,4076.0,41.333333333333336,600.0,40.76,440.6860980109125
140300,10314.913194641722,6783.94014771077,-55987.0,1.0,-55.987,5011.333333333333,72.66666666666667,5730.666666666667,50.11333333333333,-3530.9730469309516
140304,1090.1731386530705,1169.530806339688,238000.0,0.0,238.0,12222.666666666666,94.0,4957.0,122.22666666666666,79.35766768661756
150001,1809.5151758851391,1697.523500115144,-70923.0,1.0,-70.923,7397.666666666667,61.666666666666664,649.0,73.97666666666667,-111.99167576999503
150002,1453.245299979967,1699.4351756805083,550824.0,0.0,550.824,63397.666666666664,311.3333333333333,16799.0,633.9766666666667,246.18987570054128
150003,1382.6601928696116,869.2755191195209,-1059602.0,1.0,-1059.602,10669.0,76.33333333333333,1345.6666666666667,106.69,-513.3846737500907
150004,2519.254909671369,1664.016781336061,-701093.0,1.0,-701.093,32540.333333333332,132.0,11943.0,325.4033333333333,-855.2381283353081
150005,4330.496904543416,4671.551898367632,-64689.0,1.0,-64.689,13259.666666666666,85.33333333333333,1023.6666666666666,132.59666666666666,341.05499382421567
150006,3662.1727274474883,1783.142551333168,-266657.0,1.0,-266.657,14646.666666666666,92.66666666666667,1937.6666666666667,146.46666666666667,-1879.0301761143203
150007,1655.1256000627889,2128.663132680852,496616.0,0.0,496.616,13605.0,79.66666666666667,1002.0,136.05,473.5375326180631
150008,3264.657172792141,1928.0065537264281,-86466.0,1.0,-86.466,22260.5,73.5,5892.5,222.605,-1336.6506190657128
150009,10314.913194641722,7314.837935385424,-1019804.0,1.0,-1019.804,36043.666666666664,100.0,4930.666666666667,360.43666666666667,-3000.0752592562976
150010,1581.450048133764,1466.2011262095693,-27490.0,1.0,-27.49,17612.5,84.5,1548.5,176.125,-115.24892192419475
150012,3391.194411329987,3794.7466977517806,-192058.0,1.0,-192.058,40220.5,121.0,10993.0,402.205,403.5522864217937
150015,2167.763364554672,1821.3303936145267,301927.0,0.0,301.927,16715.666666666668,92.66666666666667,4450.333333333333,167.15666666666667,-346.4329709401454
150017,2667.8026277719005,2251.649463348567,41788.0,0.0,41.788,66995.5,151.0,8011.5,669.955,-416.15316442333324
150018,2436.0627134848,2735.607336689154,101396.0,0.0,101.396,31389.0,162.66666666666666,4526.333333333333,313.89,299.54462320435414
150021,3872.386816817716,4573.899113256694,-769374.0,1.0,-769.374,60454.666666666664,266.3333333333333,9800.666666666666,604.5466666666666,701.5122964389784
150022,2086.6672437957504,2647.702175620417,252554.0,0.0,252.554,3561.0,42.333333333333336,402.0,35.61,561.0349318246667
150023,5143.672426737167,5729.397539054319,-763007.0,1.0,-763.007,56643.5,139.0,6690.5,566.435,585.7251123171518
150024,7446.9502444083155,4746.838640993562,-848918.0,1.0,-848.918,38145.666666666664,138.33333333333334,21937.333333333332,381.45666666666665,-2700.1116034147535
150026,5269.529633507013,4911.883343229132,63946.0,0.0,63.946,13295.333333333334,84.0,1421.6666666666667,132.95333333333335,-357.64629027788123
150030,1496.4253799562325,1694.290420566858,-2079.0,1.0,-2.079,9172.0,63.333333333333336,575.3333333333334,91.72,197.86504061062556
150034,7086.74476848489,5223.245947573448,112295.0,0.0,112.295,39423.5,94.0,4950.0,394.235,-1863.4988209114426
150035,1247.1837230663402,2088.1240488973935,34741.0,0.0,34.741,37517.333333333336,156.0,5914.333333333333,375.17333333333335,840.9403258310533
150037,2267.960666835457,3943.1199026896675,-98201.0,1.0,-98.201,7638.333333333333,44.0,457.0,76.38333333333333,1675.1592358542107
150038,1174.762333599581,1469.2905103894007,-164949.0,1.0,-164.949,2625.0,41.333333333333336,406.0,26.25,294.52817678981955
150042,1838.2628420728365,1933.4065322194078,94826.0,0.0,94.826,18980.0,124.66666666666667,895.6666666666666,189.8,95.14369014657132
150044,4154.284942741586,4460.901142252999,-883914.0,1.0,-883.914,40491.666666666664,155.0,3806.0,404.91666666666663,306.61619951141347
150045,2782.0444669381222,2828.1863677320625,-93623.0,1.0,-93.623,3415.3333333333335,37.333333333333336,344.0,34.153333333333336,46.141900793940295
150046,724.3345171198969,476.1663318980074,-158407.0,1.0,-158.407,19333.0,93.0,2447.5,193.33,-248.16818522188947
150047,1777.5133063886756,1881.0167734341528,122908.0,0.0,122.908,14697.5,60.5,3251.5,146.975,103.50346704547724
150048,3967.2043328543687,6032.042016996913,-1801012.0,1.0,-1801.012,28217.333333333332,93.33333333333333,3936.0,282.17333333333335,2064.8376841425443
150051,6160.852378710305,4394.088156124624,-825838.0,1.0,-825.838,34564.666666666664,165.0,11199.333333333334,345.64666666666665,-1766.7642225856807
150056,5360.956837492834,6288.719558941707,-1894548.0,1.0,-1894.548,185778.66666666666,815.6666666666666,47332.666666666664,1857.7866666666666,927.762721448873
150057,2195.851530330402,1654.7308905289528,-150293.0,1.0,-150.293,7106.666666666667,55.333333333333336,429.6666666666667,71.06666666666666,-541.1206398014492
150058,2234.4491800210103,4091.295335666449,836979.0,0.0,836.979,48205.333333333336,214.0,8749.0,482.05333333333334,1856.8461556454386
150059,3300.2184909820658,3572.2703392959343,-187559.0,1.0,-187.559,12967.666666666666,70.0,1280.0,129.67666666666665,272.0518483138685
150061,3362.5862521518548,3975.5814338335035,372633.0,0.0,372.633,4056.6666666666665,34.666666666666664,1313.0,40.56666666666666,612.9951816816488
150064,1972.3910370309213,1970.2142630875298,-273226.0,1.0,-273.226,4703.666666666667,40.666666666666664,882.6666666666666,47.03666666666667,-2.1767739433914812
150065,2647.1535164956567,3349.671712920329,68787.0,0.0,68.787,9987.0,72.0,948.0,99.87,702.5181964246722
150069,2304.1111474619906,1683.100225170072,121637.0,0.0,121.637,9305.333333333334,58.666666666666664,1005.0,93.05333333333334,-621.0109222919186
150072,888.0692533309094,988.0562994277172,87720.0,0.0,87.72,4379.666666666667,61.333333333333336,791.0,43.79666666666667,99.98704609680783
150074,5277.909450577961,5744.183318976985,-405784.0,1.0,-405.784,35092.666666666664,149.33333333333334,9304.333333333334,350.9266666666666,466.27386839902374
150075,811.5528373610338,733.9911194167187,-12531.0,1.0,-12.531,6285.0,48.0,474.3333333333333,62.85,-77.56171794431509
150076,2278.098003137593,1819.524608498508,-52731.0,1.0,-52.731,5912.5,34.0,1528.0,59.125,-458.5733946390849
150082,2599.5635749155067,3559.3892684813472,-685812.0,1.0,-685.812,77682.0,290.3333333333333,11547.666666666666,776.82,959.8256935658405
150084,5205.278534987452,5466.826092121255,1706472.0,0.0,1706.472,114792.0,275.5,25260.0,1147.92,261.5475571338029
150086,3699.27565135407,3407.087092058252,136430.0,0.0,136.43,11993.666666666666,56.666666666666664,2493.6666666666665,119.93666666666667,-292.18855929581787
150088,1440.5447407238173,1381.8625594246635,-17343.0,1.0,-17.343,25244.5,137.0,6033.0,252.445,-58.682181299153854
150090,2500.7835205522815,2553.0906347046375,-303324.0,1.0,-303.324,21758.0,89.33333333333333,2366.0,217.58,52.30711415235601
150091,3619.8862440913585,3434.173266087092,5256.0,0.0,5.256,3325.3333333333335,34.0,311.3333333333333,33.25333333333334,-185.71297800426646
150097,2954.0886876472955,4521.073546270969,-183720.0,1.0,-183.72,6737.666666666667,47.0,721.3333333333334,67.37666666666667,1566.9848586236735
150100,2221.74704561081,2047.148037407922,-879636.0,1.0,-879.636,57032.0,157.0,5061.0,570.32,-174.59900820288794
150101,3116.2691325501114,5021.283287030221,46863.0,0.0,46.863,2649.3333333333335,36.666666666666664,220.33333333333334,26.493333333333336,1905.0141544801095
150102,724.1262521651686,664.0401253060027,101475.0,0.0,101.475,1676.6666666666667,42.666666666666664,111.0,16.766666666666666,-60.086126859165915
150104,1927.1600263377613,2092.5354142569745,-62.0,1.0,-0.062,5014.333333333333,52.666666666666664,536.3333333333334,50.14333333333333,165.37538791921315
150109,4097.698223710843,4330.37513120062,-253112.0,1.0,-253.112,19131.333333333332,108.33333333333333,6037.666666666667,191.31333333333333,232.67690748977657
150112,4810.178591333459,7703.341262395134,264747.0,0.0,264.747,21301.333333333332,113.33333333333333,6489.333333333333,213.01333333333332,2893.1626710616756
150113,1854.0584224057625,2183.62006436606,63246.0,0.0,63.246,16613.333333333332,99.66666666666667,1653.3333333333333,166.13333333333333,329.5616419602975
150115,4232.9853301757885,4515.814917576317,-70084.0,1.0,-70.084,15621.5,57.5,2294.5,156.215,282.8295874005289
150125,4301.9388270619565,3137.7366096671003,-609735.0,1.0,-609.735,76951.0,164.5,3711.0,769.51,-1164.2022173948562
150126,2288.065033191779,2672.837411292914,-326450.0,1.0,-326.45,34785.0,150.33333333333334,4604.333333333333,347.85,384.772378101135
150128,3745.9300625675705,3438.321146914019,46954.0,0.0,46.954,19010.0,81.66666666666667,1878.3333333333333,190.1,-307.6089156535513
150129,2013.6770676412948,4650.3761606318985,-125937.0,1.0,-125.937,5438.0,34.0,354.5,54.38,2636.6990929906037
150146,4095.0426560194833,4345.259479189615,-993753.0,1.0,-993.753,3710.3333333333335,30.666666666666668,461.0,37.10333333333333,250.2168231701321
150149,5871.193049615188,11133.528764616662,0.0,0.0,0.0,6791.0,43.333333333333336,2195.6666666666665,67.91,5262.335715001474
150153,2294.1458818012466,1346.7215384510116,-5124.0,1.0,-5.124,15762.0,68.5,633.0,157.62,-947.424343350235
150154,5902.97712865946,3558.8025155316254,-71611.0,1.0,-71.611,9269.333333333334,36.666666666666664,536.6666666666666,92.69333333333334,-2344.174613127834
150157,3160.64667419345,2027.6977962512663,-18719.0,1.0,-18.719,12517.5,61.5,1460.0,125.175,-1132.9488779421838
150158,4543.26621982309,3570.0410440494743,14718.0,0.0,14.718,17967.666666666668,84.66666666666667,1235.6666666666667,179.67666666666668,-973.2251757736158
150160,8950.251505885168,10119.001866222161,0.0,0.0,0.0,3587.0,38.0,103.66666666666667,35.87,1168.7503603369933
150161,2047.12296867889,4965.987074392236,-19585.0,1.0,-19.585,17135.666666666668,96.66666666666667,1696.6666666666667,171.35666666666668,2918.8641057133455
150162,4600.70244546083,4257.6078748465125,758172.0,0.0,758.172,25489.333333333332,72.66666666666667,8576.333333333334,254.89333333333332,-343.0945706143175
150163,300.3599533104786,257.0268606162342,-103940.0,1.0,-103.94,2642.0,47.0,324.5,26.42,-43.333092694244385
150164,2771.928901693406,2235.3898346258834,63818.0,0.0,63.818,3169.6666666666665,26.0,223.66666666666666,31.696666666666665,-536.5390670675224
150165,2765.278812354499,1425.6636680134907,44499.0,0.0,44.499,2512.0,25.333333333333332,57.0,25.12,-1339.6151443410085
150166,1221.3186385479635,2651.0071769406973,0.0,0.0,0.0,1661.3333333333333,22.0,,16.613333333333333,1429.6885383927338
150167,3302.8542430623374,5691.766136797249,-29138.0,1.0,-29.138,2402.6666666666665,34.0,67.66666666666667,24.026666666666664,2388.9118937349112
150168,2452.442877740943,2082.139398981218,-7063.0,1.0,-7.063,3214.0,36.0,84.66666666666667,32.14,-370.30347875972484
150169,4932.151110276849,5033.92763231762,146849.0,0.0,146.849,34796.0,166.0,5725.0,347.96,101.77652204077094
150172,449.77468286305617,2143.642554471079,0.0,0.0,0.0,319.6666666666667,18.0,22.0,3.1966666666666668,1693.867871608023
150173,2056.0373261261666,3462.2532533074364,136298.0,0.0,136.298,23500.0,90.33333333333333,1470.6666666666667,235.0,1406.2159271812698
150175,6050.588013221894,6326.335403510156,67089.0,0.0,67.089,3732.6666666666665,26.0,127.0,37.32666666666667,275.74739028826207
150176,891.6170774480918,631.6164650652373,41024.0,0.0,41.024,5379.0,32.0,253.5,53.79,-260.00061238285446
150177,1086.6621746608866,1288.8902590519072,78704.0,0.0,78.704,2786.5,29.5,31.0,27.865,202.2280843910205
160001,593.4842214438065,3247.4309771553103,210794.0,0.0,210.794,6993.0,68.0,2061.0,69.93,2653.946755711504
160005,1125.0718148599374,3297.5788227256867,-807959.0,1.0,-807.959,7634.0,41.5,1051.5,76.34,2172.507007865749
160008,673.1666606359393,879.4866734616198,-142514.0,1.0,-142.514,6063.666666666667,38.0,1413.6666666666667,60.63666666666667,206.32001282568058
160013,2023.063424067182,1339.3038737888908,141475.0,0.0,141.475,3473.5,36.5,872.5,34.735,-683.7595502782913
160016,1829.0208009290507,1550.786782581384,-43983.0,1.0,-43.983,13303.333333333334,64.66666666666667,2810.3333333333335,133.03333333333333,-278.23401834766673
160024,769.7153954506242,256.4664340435436,393766.0,0.0,393.766,17025.0,92.0,6303.0,170.25,-513.2489614070806
160028,725.3738734000596,992.93810277575,280865.0,0.0,280.865,19584.0,117.0,7162.5,195.84,267.5642293756905
160029,376.0211182310452,308.1245526084629,10490.0,0.0,10.49,25183.0,115.0,1875.5,251.83,-67.89656562258227
160030,4385.163258562732,3423.863207862066,11475.0,0.0,11.475,26247.5,82.5,2809.5,262.475,-961.3000507006664
160032,1967.4266696357658,1984.444141890321,-143477.0,1.0,-143.477,5256.0,37.0,755.0,52.56,17.01747225455506
160033,4233.487650425941,4170.399198427802,1207.0,0.0,1.207,50592.5,148.5,11465.0,505.925,-63.088451998139135
160040,2054.9063886172194,2001.583763087681,1638.0,0.0,1.638,3142.0,32.5,140.5,31.42,-53.3226255295383
160045,2701.4905997314104,5532.034335879498,-246695.0,1.0,-246.695,33615.333333333336,176.33333333333334,15400.666666666666,336.15333333333336,2830.5437361480876
160047,1987.9297957308013,2043.58424058901,403964.0,0.0,403.964,15642.333333333334,88.0,3425.3333333333335,156.42333333333335,55.65444485820876
160057,1624.0268239882482,3910.484312834977,97762.0,0.0,97.762,20303.5,78.0,3757.0,203.035,2286.4574888467287
160058,9341.328786912685,9484.916447723721,1499691.0,0.0,1499.691,109254.0,244.0,62728.0,1092.54,143.58766081103568
160064,1086.0934882314118,952.8649826943918,768031.0,0.0,768.031,34247.5,111.5,7670.5,342.475,-133.22850553702006
160067,2626.878741417309,2969.592029043448,1261585.0,0.0,1261.585,22444.0,113.0,5351.5,224.44,342.71328762613894
160069,1362.9399517077509,1388.829246653796,6995.0,0.0,6.995,20456.0,93.0,2132.0,204.56,25.889294946045084
160079,3230.6360932739126,2772.3575649005506,8532.0,0.0,8.532,28159.5,107.5,2852.5,281.595,-458.27852837336195
160080,1520.444022217791,1099.7259091411263,-547164.0,1.0,-547.164,15040.5,76.0,3238.5,150.405,-420.7181130766646
160082,836.8730651514209,2995.2369160436406,549380.0,0.0,549.38,70560.66666666667,251.0,22914.333333333332,705.6066666666667,2158.3638508922195
160083,1013.0642023461089,3258.4320928713737,158451.0,0.0,158.451,106868.5,268.5,35875.5,1068.685,2245.3678905252646
160089,933.0163213696482,394.39095324500244,-4492.0,1.0,-4.492,10621.5,51.5,2879.0,106.215,-538.6253681246458
160101,1918.1153978422299,2963.4458620888713,42869.0,0.0,42.869,8705.5,44.5,7802.0,87.055,1045.3304642466414
160104,2555.9343320084,1768.894276222724,-34522.0,1.0,-34.522,6373.333333333333,42.666666666666664,1625.0,63.73333333333333,-787.0400557856758
160110,626.919465722128,2718.7051481812427,136146.0,0.0,136.146,28750.666666666668,123.33333333333333,8444.0,287.50666666666666,2091.7856824591145
160112,3117.310604473224,2723.1386891953625,31037.0,0.0,31.037,8243.0,47.0,623.5,82.43,-394.17191527786144
160117,2681.060472049338,3342.9174529762713,-88786.0,1.0,-88.786,11768.333333333334,67.33333333333333,2140.3333333333335,117.68333333333334,661.8569809269334
160122,1059.2991237202405,2088.9822550035087,-494648.0,1.0,-494.648,6614.333333333333,40.666666666666664,1044.6666666666667,66.14333333333333,1029.6831312832683
160124,2089.876216560204,2214.972404184504,-278650.0,1.0,-278.65,3679.5,35.5,359.5,36.795,125.0961876243
160146,680.28434227179,2584.9833517423654,266320.0,0.0,266.32,19597.0,93.66666666666667,11396.333333333334,195.97,1904.6990094705752
160147,2433.82433366231,2029.4619745247978,-285599.0,1.0,-285.599,3694.0,39.333333333333336,571.0,36.94,-404.36235913751216
160153,2226.7760856646723,1555.1541367094637,260157.0,0.0,260.157,34029.5,105.5,5643.0,340.295,-671.6219489552086
170006,789.766117089198,1641.5285873227929,-21443.0,1.0,-21.443,12221.0,69.66666666666667,2993.0,122.21,851.7624702335949
170009,425.2309618402563,256.4664340435436,-36867.0,1.0,-36.867,4463.666666666667,46.333333333333336,455.0,44.63666666666667,-168.76452779671274
170010,264.2201281778996,869.136466482378,11965.0,0.0,11.965,3452.5,39.5,846.5,34.525,604.9163383044784
170012,501.27609195139127,1930.936606298672,33269.0,0.0,33.269,21049.0,110.66666666666667,2517.6666666666665,210.49,1429.6605143472807
170013,3099.0990413333943,701.6003272131434,-128125.0,1.0,-128.125,20477.0,63.5,1191.5,204.77,-2397.498714120251
170014,1630.3782930568161,1565.408423246249,174378.0,0.0,174.378,3678.0,38.0,561.3333333333334,36.78,-64.96986981056716
170016,521.2441920637804,265.44843799918095,113911.0,0.0,113.911,26980.333333333332,164.0,3532.0,269.80333333333334,-255.7957540645994
170017,765.5424154142627,828.715380140534,-154494.0,1.0,-154.494,5045.666666666667,42.0,474.0,50.45666666666667,63.17296472627129
170020,431.426415688732,290.0665933379765,-15536.0,1.0,-15.536,25390.0,96.0,2037.5,253.9,-141.3598223507555
170023,2843.9136753994203,2504.108415685202,7727.0,0.0,7.727,9523.5,49.5,2442.0,95.235,-339.8052597142182
170027,549.0536311652139,673.9679928264943,157403.0,0.0,157.403,4277.666666666667,37.333333333333336,446.6666666666667,42.77666666666667,124.9143616612804
170039,305.1636883497165,312.9666204734741,-11875.0,1.0,-11.875,980.6666666666666,35.333333333333336,207.0,9.806666666666667,7.802932123757614
170040,5899.352228604444,5013.762652342032,-1223710.0,1.0,-1223.71,94486.5,201.0,25696.0,944.865,-885.5895762624114
170049,582.2201372502655,1744.8292353728632,-75801.0,1.0,-75.801,26423.666666666668,140.0,3069.0,264.2366666666667,1162.6090981225977
170058,467.9710721161961,1413.9689457606553,3488.0,0.0,3.488,5129.0,31.5,864.0,51.29,945.9978736444591
170068,542.1815222072307,1326.7746653621116,-38546.0,1.0,-38.546,3886.0,49.333333333333336,1116.3333333333333,38.86,784.5931431548809
170074,893.1081414868886,2069.098814735657,-399645.0,1.0,-399.645,4944.5,36.5,613.5,49.445,1175.9906732487684
170075,572.734656932028,676.0649792628959,120.0,0.0,0.12,1406.3333333333333,24.0,32.666666666666664,14.063333333333333,103.33032233086794
170086,2395.1457643557674,2563.898460569848,-608732.0,1.0,-608.732,53933.666666666664,219.0,12516.333333333334,539.3366666666666,168.75269621408052
170094,1030.8986930328176,1040.8837521207026,27858.0,0.0,27.858,2619.0,34.0,293.3333333333333,26.19,9.98505908788502
170103,581.5001842018077,489.13872911555023,-10124.0,1.0,-10.124,9989.0,53.0,587.5,99.89,-92.36145508625742
170104,1937.918987629445,2263.099304612089,47586.0,0.0,47.586,45209.666666666664,200.33333333333334,3145.6666666666665,452.09666666666664,325.18031698264394
170105,766.2254707146823,618.3205326805587,-2347.0,1.0,-2.347,4181.0,30.0,496.0,41.81,-147.90493803412357
170109,1003.8707014937912,1732.434084170068,-505.0,1.0,-0.505,1014.3333333333334,22.0,96.33333333333333,10.143333333333334,728.5633826762768
170110,2354.8849583303922,2388.9146547470646,-147027.0,1.0,-147.027,1505.0,32.333333333333336,179.33333333333334,15.05,34.02969641667232
170120,1959.3082662623501,2291.703722381619,-101091.0,1.0,-101.091,6009.666666666667,43.0,1423.0,60.09666666666667,332.39545611926906
170133,298.5530080008586,325.5092806096969,-21247.0,1.0,-21.247,4697.333333333333,46.333333333333336,1618.3333333333333,46.97333333333333,26.956272608838276
170137,1133.9218169014337,2520.682588016151,-23388.0,1.0,-23.388,12067.666666666666,84.66666666666667,2597.3333333333335,120.67666666666666,1386.7607711147173
170142,2407.039572392518,2166.6040546904205,-13272.0,1.0,-13.272,12173.0,68.66666666666667,1522.6666666666667,121.73,-240.4355177020975
170145,1152.8213320314835,1225.6662481697176,-51698.0,1.0,-51.698,7193.666666666667,51.0,931.3333333333334,71.93666666666667,72.84491613823411
170150,539.5449099450655,516.9520092058418,-56265.0,1.0,-56.265,3385.3333333333335,29.333333333333332,528.0,33.85333333333333,-22.592900739223637
170166,711.5123635741642,448.09176240764316,14561.0,0.0,14.561,3606.3333333333335,27.333333333333332,102.66666666666667,36.06333333333333,-263.420601166521
170176,390.96822590472635,879.7929961646806,9608.0,0.0,9.608,31169.5,99.0,9712.5,311.695,488.8247702599543
170182,2057.6852304608265,1821.1754603544537,-17.0,1.0,-0.017,20404.5,80.0,421.5,204.045,-236.5097701063728
170183,3283.3513479497483,2223.1343825584445,0.0,0.0,0.0,2720.6666666666665,26.0,25.666666666666668,27.206666666666663,-1060.2169653913038
170185,2300.9241317798896,486.21367167157666,65042.0,0.0,65.042,10708.666666666666,66.0,670.0,107.08666666666666,-1814.7104601083129
170187,2219.5268294510756,2312.220172958819,-432.0,1.0,-0.432,1061.6666666666667,20.0,14.333333333333334,10.616666666666667,92.69334350774352
170188,3380.665055944978,2736.835824670698,-181.0,1.0,-0.181,1233.3333333333333,16.0,,12.333333333333332,-643.8292312742801
170190,854.698286616072,745.3097029451659,0.0,0.0,0.0,261.3333333333333,18.666666666666668,5.666666666666667,2.6133333333333333,-109.38858367090609
170191,818.0497163098942,1171.4115932485543,60738.0,0.0,60.738,3746.3333333333335,29.333333333333332,171.0,37.46333333333334,353.3618769386601
170194,299.64365094437846,856.2603430722933,25008.0,0.0,25.008,363.6666666666667,16.666666666666668,35.333333333333336,3.6366666666666667,556.6166921279148
170197,1678.4949862999333,1668.1344310502677,45395.0,0.0,45.395,7737.333333333333,42.0,163.66666666666666,77.37333333333333,-10.360555249665595
170198,1058.002826815486,896.2858144183343,0.0,0.0,0.0,321.0,16.666666666666668,12.666666666666666,3.21,-161.71701239715173
170200,911.5360522080346,1375.7223150112563,24217.0,0.0,24.217,4855.0,30.0,107.0,48.55,464.1862628032218
180001,1832.4971617128174,2162.5888810453207,10094.0,0.0,10.094,20745.333333333332,103.33333333333333,3155.0,207.45333333333332,330.0917193325033
180002,713.5167292258418,528.4599101150238,152742.0,0.0,152.742,10140.0,53.0,3736.5,101.4,-185.05681911081797
180004,696.9647547475616,1572.7341804530122,-257569.0,1.0,-257.569,5761.333333333333,65.33333333333333,2021.3333333333333,57.61333333333333,875.7694257054505
180005,1416.8045120884235,1033.7315149637084,-83134.0,1.0,-83.134,17416.5,72.5,7271.5,174.165,-383.07299712471513
180009,2486.801455119534,1693.7841973151337,776084.0,0.0,776.084,65090.0,258.6666666666667,19747.333333333332,650.9,-793.0172578044001
180010,5438.465522562402,3694.784499592561,185024.0,0.0,185.024,70376.0,142.0,7225.5,703.76,-1743.6810229698408
180011,771.4309776293213,2371.155129621391,-629466.0,1.0,-629.466,23692.5,53.5,6629.5,236.925,1599.72415199207
180012,1910.4641492099017,1737.8998854201457,9167.0,0.0,9.167,41850.0,140.0,1478.0,418.5,-172.56426378975607
180016,1108.4565130651,1641.3199390656487,1815.0,0.0,1.815,6025.333333333333,52.666666666666664,226.33333333333334,60.25333333333333,532.8634260005488
180017,2935.697483981226,3010.1457967817632,-258199.0,1.0,-258.199,15783.333333333334,103.33333333333333,5111.666666666667,157.83333333333334,74.44831280053722
180018,9624.778451185128,3250.5600489603253,150698.0,0.0,150.698,11489.0,55.5,3614.0,114.89,-6374.218402224802
180019,727.4873552022034,461.4446841149164,256769.0,0.0,256.769,6029.0,73.33333333333333,1944.0,60.29,-266.042671087287
180020,505.6953807538856,421.5706921850658,33949.0,0.0,33.949,8006.5,59.5,2968.0,80.065,-84.1246885688198
180021,713.5676995202367,559.984293855091,41372.0,0.0,41.372,11425.5,64.0,2962.5,114.255,-153.58340566514573
180024,481.52196191363595,293.83593014810054,-99112.0,1.0,-99.112,4762.0,56.0,635.6666666666666,47.62,-187.6860317655354
180025,6365.931693158259,4603.16432394604,-248269.0,1.0,-248.269,6270.0,33.0,755.5,62.7,-1762.767369212219
180027,2729.0462565352204,2347.8400371358616,207192.0,0.0,207.192,16415.666666666668,115.33333333333333,4166.333333333333,164.15666666666667,-381.2062193993588
180029,1962.5502002515593,1343.3154392693195,415457.0,0.0,415.457,37223.5,101.0,12236.0,372.235,-619.2347609822398
180035,6450.0029218578,5397.320035031924,274071.0,0.0,274.071,79993.0,276.3333333333333,16510.666666666668,799.93,-1052.6828868258763
180036,864.558965278032,1491.9821237871627,12267.0,0.0,12.267,21343.0,115.5,2603.5,213.43,627.4231585091306
180038,2510.3844243782096,2516.1125305315304,73698.0,0.0,73.698,55972.5,208.0,13463.5,559.725,5.728106153320823
180040,2093.202552753829,1991.3969115672037,-587275.0,1.0,-587.275,126623.66666666667,406.6666666666667,38855.0,1266.2366666666667,-101.80564118662528
180043,1730.8666434395202,1237.4233819090334,181665.0,0.0,181.665,8306.666666666666,48.0,4735.0,83.06666666666666,-493.4432615304868
180044,1640.0659231659993,1587.700657697447,-225270.0,1.0,-225.27,31236.666666666668,139.0,10004.333333333334,312.3666666666667,-52.36526546855225
180045,2626.105700973766,2314.974261449047,-256982.0,1.0,-256.982,21345.333333333332,94.66666666666667,6700.333333333333,213.45333333333332,-311.1314395247191
180046,1905.1644041393915,746.2003039747765,21276.0,0.0,21.276,2941.5,29.5,1630.0,29.415,-1158.964100164615
180048,2047.5113921530246,2268.4159458335203,-501430.0,1.0,-501.43,20784.333333333332,93.0,4910.0,207.84333333333333,220.9045536804956
180049,3733.9789564851526,1541.1848406929244,440004.0,0.0,440.004,9051.0,64.0,4215.666666666667,90.51,-2192.7941157922282
180050,1799.7708278484374,1051.759598239514,220214.0,0.0,220.214,10557.0,47.0,4317.0,105.57,-748.0112296089235
180051,1206.4268917674249,982.0984342099313,174586.0,0.0,174.586,19968.666666666668,123.33333333333333,6522.666666666667,199.68666666666667,-224.3284575574936
180053,1046.5279675041281,959.961526195097,-29533.0,1.0,-29.533,6064.0,39.5,527.0,60.64,-86.56644130903112
180056,1619.8525953568435,1219.5404147527993,-2742.0,1.0,-2.742,18639.0,91.5,5398.0,186.39,-400.3121806040442
180064,1501.7623519297263,3007.2678404322346,-54404.0,1.0,-54.404,5204.666666666667,47.333333333333336,1376.0,52.04666666666667,1505.5054885025083
180067,4263.487429727508,11052.631064817966,17730562.0,0.0,17730.562,115977.0,249.0,59284.5,1159.77,6789.143635090458
180069,704.2003765015445,403.7208331313868,189025.0,0.0,189.025,10152.0,56.0,1463.0,101.52,-300.47954337015767
180070,1876.1850464596837,894.1917946404997,25983.0,0.0,25.983,7253.5,49.5,476.0,72.535,-981.993251819184
180079,1360.564862642106,1330.4976000142954,-62382.0,1.0,-62.382,4593.666666666667,46.666666666666664,1515.0,45.93666666666667,-30.067262627810578
180080,1017.9434109200653,609.1781632946182,-17816.0,1.0,-17.816,35204.0,134.0,13037.0,352.04,-408.76524762544705
180087,1126.6397490956494,959.9910744725089,-55361.0,1.0,-55.361,10406.0,56.0,2108.5,104.06,-166.64867462314055
180088,4362.59345618767,3450.60471497555,119273.0,0.0,119.273,170029.66666666666,652.0,25042.333333333332,1700.2966666666666,-911.9887412121202
180092,4672.077922798083,1502.4188632868509,-165634.0,1.0,-165.634,6006.0,33.5,2526.5,60.06,-3169.659059511232
180093,1559.1054843736597,1073.291778075917,496172.0,0.0,496.172,22816.0,151.33333333333334,6650.333333333333,228.16,-485.8137062977428
180095,716.4386748549817,499.6026615289347,44086.0,0.0,44.086,5343.0,38.0,549.6666666666666,53.43,-216.83601332604707
180102,1656.7075585506668,1047.5210498101733,381795.0,0.0,381.795,31293.0,129.33333333333334,2396.3333333333335,312.93,-609.1865087404935
180103,4008.8612834370842,2866.3027444720524,12188.0,0.0,12.188,62034.0,172.5,17068.0,620.34,-1142.5585389650319
180104,3019.7345196181595,1067.8646597915356,-8457.0,1.0,-8.457,54238.5,134.5,8741.0,542.385,-1951.869859826624
180106,892.1024513181153,338.27032900562494,167653.0,0.0,167.653,6706.5,34.0,1683.5,67.065,-553.8321223124904
180115,4575.572831917327,6301.811313031318,-150807.0,1.0,-150.807,3154.0,27.0,871.3333333333334,31.54,1726.238481113991
180117,566.59532988425,434.5061710962267,3765.0,0.0,3.765,3078.5,36.5,900.5,30.785,-132.08915878802327
180124,389.5054539546746,349.1864504525075,-798517.0,1.0,-798.517,15020.666666666666,116.0,1313.0,150.20666666666665,-40.31900350216711
180127,1061.5355555057547,1110.9749020250385,187474.0,0.0,187.474,13130.0,69.0,3633.5,131.3,49.439346519283845
180130,5391.886176205388,2101.7434904040074,37565.0,0.0,37.565,99973.0,232.0,4334.0,999.73,-3290.142685801381
180132,1053.6677108419817,676.7032175914992,242098.0,0.0,242.098,36133.666666666664,116.66666666666667,13432.666666666666,361.33666666666664,-376.9644932504825
180138,1577.2772355884933,1163.1283920469382,35138.0,0.0,35.138,9322.5,56.0,696.0,93.225,-414.14884354155515
180139,321.5963604514954,473.1114187928544,321427.0,0.0,321.427,7915.5,40.5,3469.5,79.155,151.515058341359
180141,3545.7469497929815,2831.502147715908,2991282.0,0.0,2991.282,45838.666666666664,176.66666666666666,9273.0,458.38666666666666,-714.2448020770735
180143,5011.4021528810235,3839.993133698917,-228224.0,1.0,-228.224,23154.5,81.0,9485.5,231.545,-1171.4090191821065
180149,221.4061101711404,441.9116960453245,228265.0,0.0,228.265,5602.0,39.5,1129.5,56.02,220.5055858741841
190002,2290.7225823816657,3952.9624867951397,-401580.0,1.0,-401.58,42693.333333333336,153.33333333333334,17894.333333333332,426.93333333333334,1662.239904413474
190003,380.251090546845,256.4664340435436,-242255.0,1.0,-242.255,6168.666666666667,42.666666666666664,3581.0,61.68666666666667,-123.78465650330139
190004,1901.061638343804,2057.3741139693434,-139549.0,1.0,-139.549,21311.666666666668,80.66666666666667,4011.3333333333335,213.11666666666667,156.3124756255395
190005,5849.342798335867,11069.09006916687,420307.0,0.0,420.307,31669.0,90.0,30155.5,316.69,5219.747270831003
190006,2058.8739052105225,3839.9030210956143,649400.0,0.0,649.4,11141.5,68.0,8715.0,111.415,1781.0291158850919
190007,1776.5853605029015,1415.520984037561,-10863.0,1.0,-10.863,9359.0,51.5,3606.5,93.59,-361.0643764653405
190009,1580.3765086848869,7892.981829141734,228214.0,0.0,228.214,5046.0,66.0,3255.0,50.46,6312.605320456847
190011,3445.1962477934444,2416.3652372100823,-69710.0,1.0,-69.71,15449.5,66.5,16183.5,154.495,-1028.831010583362
190013,745.846416301649,1161.919754467855,255721.0,0.0,255.721,9264.333333333334,73.0,2213.3333333333335,92.64333333333335,416.073338166206
190014,259.959699086505,256.4664340435436,258455.0,0.0,258.455,7549.666666666667,96.66666666666667,3145.0,75.49666666666667,-3.4932650429614114
190015,1711.8419966399213,362.8354780813334,-217946.0,1.0,-217.946,52619.0,116.5,16333.5,526.19,-1349.006518558588
190017,294.27394634083623,1668.0289365988929,431688.0,0.0,431.688,27796.5,81.0,10596.5,277.965,1373.7549902580568
190020,790.1144105623184,867.2363804105588,1601497.0,0.0,1601.497,14449.0,54.0,4387.5,144.49,77.12196984824038
190025,221.4061101711404,256.4664340435436,-85848.0,1.0,-85.848,6467.0,91.33333333333333,3420.6666666666665,64.67,35.06032387240319
190027,221.4061101711404,3143.672346642002,1479.0,0.0,1.479,26306.5,74.0,3164.5,263.065,2922.2662364708617
190034,2203.7560793495345,1882.3631201950063,945.0,0.0,0.945,6827.666666666667,34.0,1466.0,68.27666666666667,-321.39295915452817
190036,3360.7524848259063,4302.101373887257,3704639.0,0.0,3704.639,79530.0,325.6666666666667,39045.666666666664,795.3,941.3488890613507
190040,716.4853383158095,457.56359780757094,1196369.0,0.0,1196.369,19036.333333333332,94.0,4948.333333333333,190.36333333333332,-258.92174050823854
190041,221.4061101711404,952.6698420749731,-314662.0,1.0,-314.662,48536.5,266.5,18772.0,485.365,731.2637319038326
190044,668.1544082890231,451.86355898716636,11817.0,0.0,11.817,8698.666666666666,100.66666666666667,5557.333333333333,86.98666666666666,-216.29084930185672
190045,1586.6244651289962,1830.6594167943515,-767748.0,1.0,-767.748,27868.666666666668,131.0,9132.666666666666,278.68666666666667,244.03495166535527
190046,2513.986981061581,1999.535401197179,-123348.0,1.0,-123.348,31685.333333333332,163.66666666666666,21492.333333333332,316.8533333333333,-514.451579864402
190050,267.05180588208157,447.3313608313412,256313.0,0.0,256.313,7934.333333333333,47.333333333333336,2522.6666666666665,79.34333333333333,180.27955494925965
190053,4198.967535284787,2279.0590678877284,21865.0,0.0,21.865,10232.666666666666,42.0,2983.0,102.32666666666665,-1919.9084673970588
190054,344.3070583937006,256.4664340435436,-23012.0,1.0,-23.012,11270.666666666666,72.66666666666667,3930.0,112.70666666666666,-87.84062435015699
190060,1263.5122093615244,2275.9292778606828,1055775.0,0.0,1055.775,29829.333333333332,130.66666666666666,13210.0,298.2933333333333,1012.4170684991584
190064,5537.926532042357,3961.991630816032,8976350.0,0.0,8976.35,89900.0,276.0,26246.0,899.0,-1575.9349012263256
190065,5397.94250710962,3663.416239123901,789141.0,0.0,789.141,48694.0,250.0,23733.666666666668,486.94,-1734.5262679857192
190079,2611.9262413899773,1643.968506238942,-50977.0,1.0,-50.977,3774.5,30.5,835.5,37.745,-967.9577351510354
190081,2565.0856370840315,2423.6435426002463,3322.0,0.0,3.322,4508.333333333333,32.0,1197.3333333333333,45.08333333333333,-141.44209448378524
190086,241.52459521737364,256.4664340435436,-656803.0,1.0,-656.803,16921.0,83.33333333333333,6134.666666666667,169.21,14.941838826169942
190088,793.023307016428,1013.537091775483,102931.0,0.0,102.931,2879.3333333333335,36.666666666666664,430.6666666666667,28.793333333333337,220.51378475905494
190090,221.4061101711404,256.4664340435436,27698.0,0.0,27.698,4001.0,46.666666666666664,854.3333333333334,40.01,35.06032387240319
190098,7439.770823688274,4291.190488224176,1588766.0,0.0,1588.766,64841.5,176.5,52285.5,648.415,-3148.5803354640975
190102,1727.9284995409505,5474.156571993763,1084356.0,0.0,1084.356,31169.0,115.5,4998.0,311.69,3746.228072452812
190106,221.4061101711404,256.4664340435436,-10194.0,1.0,-10.194,3556.5,43.5,928.5,35.565,35.06032387240319
190111,2740.053409286604,2907.810500573914,-930516.0,1.0,-930.516,90926.33333333333,381.3333333333333,24698.0,909.2633333333333,167.75709128730978
190114,1483.074083320189,661.3767041165141,57423.0,0.0,57.423,8691.5,38.0,2697.5,86.915,-821.6973792036748
190116,848.5694377996114,809.2034674429595,-160526.0,1.0,-160.526,5567.0,39.0,2556.5,55.67,-39.365970356651815
190118,865.3918201798385,853.2249858863582,-47254.0,1.0,-47.254,3773.3333333333335,37.0,651.3333333333334,37.733333333333334,-12.166834293480292
190125,718.2198254304545,629.0017205353554,2166357.0,0.0,2166.357,54084.0,210.0,20607.5,540.84,-89.21810489509915
190128,8617.126021355483,11133.528764616662,137141.0,0.0,137.141,21735.333333333332,106.33333333333333,32985.666666666664,217.35333333333332,2516.4027432611783
190133,1433.9067452019751,1091.5670464737495,-16400.0,1.0,-16.4,1354.5,27.5,161.5,13.545,-342.3396987282256
190140,1763.5612949058723,1226.9426116507245,167158.0,0.0,167.158,4771.5,30.5,1002.0,47.715,-536.6186832551477
190144,603.3709340094699,272.5122373368405,0.0,0.0,0.0,12736.5,69.5,6657.5,127.365,-330.85869667262943
190145,854.4655517980573,671.8177158496275,-30416.0,1.0,-30.416,5572.666666666667,46.333333333333336,1336.3333333333333,55.72666666666667,-182.64783594842982
190146,3176.9053639960807,2263.2701138932794,796507.0,0.0,796.507,45870.0,201.66666666666666,9439.333333333334,458.7,-913.6352501028014
190151,776.5990122948972,696.3419596884247,-71639.0,1.0,-71.639,3349.6666666666665,34.0,552.3333333333334,33.49666666666666,-80.25705260647248
190164,1265.8890835842117,579.7059098447171,45.0,0.0,0.045,11673.5,37.5,2867.5,116.735,-686.1831737394946
190167,1016.8533473527295,477.0718471365632,115767.0,0.0,115.767,13404.0,67.66666666666667,3671.6666666666665,134.04,-539.7815002161664
190175,403.60316930186957,256.4664340435436,-71770.0,1.0,-71.77,6654.5,65.0,2630.0,66.545,-147.13673525832598
190176,1340.0909659977096,626.0342443513317,3052808.0,0.0,3052.808,34050.666666666664,185.33333333333334,502.0,340.50666666666666,-714.0567216463779
190177,525.9247631557306,329.3431892074591,-256437.0,1.0,-256.437,18603.666666666668,106.0,6649.0,186.0366666666667,-196.5815739482715
190183,2464.336252479885,4485.282579375535,356468.0,0.0,356.468,10114.5,69.5,8882.0,101.145,2020.9463268956497
190201,587.8406724629573,325.8966081284277,61202.0,0.0,61.202,7479.0,55.0,5696.5,74.79,-261.94406433452957
190202,1496.049113684591,2088.4470971685387,120434.0,0.0,120.434,13441.0,91.66666666666667,4663.333333333333,134.41,592.3979834839477
190205,668.1418597649525,402.9973350314772,-365346.0,1.0,-365.346,37067.0,116.0,29128.0,370.67,-265.14452473347535
190208,1156.3608111998653,2601.818458229342,4814.0,0.0,4.814,1797.5,26.5,669.5,17.975,1445.4576470294767
190236,1783.5665136151347,1452.1465000392068,28262.0,0.0,28.262,20779.666666666668,96.66666666666667,4274.333333333333,207.79666666666668,-331.4200135759279
190241,1081.8206847947215,862.8560053026728,-17906.0,1.0,-17.906,528.3333333333334,30.0,2.0,5.283333333333334,-218.96467949204873
190242,3368.6710625643495,3387.2928148711935,278835.0,0.0,278.835,7777.5,45.5,1782.0,77.775,18.621752306843973
190245,1983.5947959764885,2022.7377148751038,31784.0,0.0,31.784,520.3333333333334,16.666666666666668,5.0,5.203333333333334,39.142918898615335
190246,2583.9248941971896,2547.6991665343835,-504531.0,1.0,-504.531,1154.0,24.666666666666668,28.0,11.54,-36.225727662806094
190250,304.03437687535006,475.7655335161923,-3712.0,1.0,-3.712,6343.333333333333,62.666666666666664,487.0,63.43333333333333,171.73115664084224
190251,4713.146011939481,4187.961731341322,932.0,0.0,0.932,239.66666666666666,20.0,31.333333333333332,2.3966666666666665,-525.1842805981587
190255,2568.6054018604477,3322.114187295423,0.0,0.0,0.0,56.0,16.666666666666668,1.5,0.56,753.5087854349754
190256,840.3016221112601,850.39387322214,2288.0,0.0,2.288,58.0,16.666666666666668,4.0,0.58,10.092251110879829
190257,2800.040137067645,2100.8278224905707,2408.0,0.0,2.408,1009.6666666666666,18.0,51.333333333333336,10.096666666666666,-699.2123145770743
190259,3151.514772275619,3416.08365715016,20227.0,0.0,20.227,1026.0,23.333333333333332,11.333333333333334,10.26,264.5688848745408
190263,1644.2657371591913,1837.358084376965,-35156.0,1.0,-35.156,5649.5,31.0,232.0,56.495,193.09234721777375
190266,994.3777569277833,1507.677703876315,-11802.0,1.0,-11.802,718.6666666666666,25.333333333333332,19.333333333333332,7.1866666666666665,513.2999469485318
190268,837.1505685079829,2025.8037210304117,-3398.0,1.0,-3.398,70.66666666666667,16.666666666666668,,0.7066666666666667,1188.6531525224286
190270,896.8094016608593,665.2240750716693,202503.0,0.0,202.503,1725.3333333333333,34.666666666666664,14.666666666666666,17.253333333333334,-231.58532658919
190274,1070.8047131780595,1566.8170426872464,383207.0,0.0,383.207,15170.5,63.0,7146.5,151.705,496.0123295091869
190278,2407.758507273232,1226.0851397926901,43088.0,0.0,43.088,915.6666666666666,20.0,,9.156666666666666,-1181.673367480542
190298,1751.4724594553384,1562.2070019963155,-26439.0,1.0,-26.439,1874.0,30.0,,18.74,-189.26545745902285
190303,814.3266240717165,651.3922831147106,-36668.0,1.0,-36.668,913.0,30.0,80.0,9.13,-162.93434095700593
190307,584.4242604032254,533.7984881924399,-10609.0,1.0,-10.609,147.0,30.0,59.0,1.47,-50.6257722107855
200001,3068.0344898276576,2793.848185503411,71063.0,0.0,71.063,13799.0,80.0,1759.3333333333333,137.99,-274.1863043242465
200008,5148.1873337936895,8121.486510951768,-154349.0,1.0,-154.349,20096.666666666668,116.66666666666667,6190.0,200.96666666666667,2973.2991771580782
200009,6768.375901678663,8509.866694150407,3137985.0,0.0,3137.985,90275.33333333333,361.6666666666667,27784.0,902.7533333333333,1741.4907924717445
200018,1142.279419681862,2905.295486324304,-804640.0,1.0,-804.64,7219.5,53.5,1441.0,72.195,1763.016066642442
200019,5582.692910852054,8296.728273694926,-312736.0,1.0,-312.736,12636.0,77.33333333333333,2217.0,126.36,2714.035362842871
200020,9390.618119035085,11133.528764616662,-118902.0,1.0,-118.902,12033.5,45.5,810.5,120.335,1742.9106455815763
200021,7423.2084964594305,6886.119990454697,15555.0,0.0,15.555,13403.0,64.0,3517.0,134.03,-537.088506004734
200024,1498.7970483053962,3554.617019615665,1160474.0,0.0,1160.474,29862.5,103.5,8357.5,298.625,2055.8199713102686
200025,1160.389453236462,1046.8658660476322,221.0,0.0,0.221,3456.0,41.333333333333336,287.0,34.56,-113.52358718882988
200033,10314.913194641722,11133.528764616662,1207636.0,0.0,1207.636,66009.0,139.0,21255.5,660.09,818.6155699749397
200034,3447.675817252129,2232.440441696131,453533.0,0.0,453.533,13894.333333333334,94.0,7975.0,138.94333333333333,-1215.235375555998
200037,3699.1353176406246,4864.582343021718,0.0,0.0,0.0,7774.0,36.5,2234.0,77.74,1165.4470253810932
200039,3386.30173612307,11133.528764616662,-317182.0,1.0,-317.182,38511.5,111.5,10678.5,385.115,7747.227028493591
200050,3522.090047294119,4701.47939861647,-184154.0,1.0,-184.154,8537.0,36.0,1800.5,85.37,1179.3893513223506
200052,3838.2103764714084,3063.7178206304256,-766230.0,1.0,-766.23,3820.3333333333335,36.0,997.6666666666666,38.20333333333333,-774.4925558409827
200063,8656.279709522432,9292.126781029408,-320724.0,1.0,-320.724,9985.5,51.5,2997.5,99.855,635.8470715069761
210001,10314.913194641722,11133.528764616662,-28214635.0,1.0,-28214.635,68087.5,137.5,2516.5,680.875,818.6155699749397
210002,10314.913194641722,11133.528764616662,237859.0,0.0,237.859,139485.0,241.5,27627.5,1394.85,818.6155699749397
210004,7932.690118859225,11133.528764616662,4883.0,0.0,4.883,85770.0,196.0,31621.5,857.7,3200.838645757437
210005,10314.913194641722,9466.190853886688,-28949839.0,1.0,-28949.839,63316.5,143.0,11826.0,633.165,-848.7223407550337
210006,6491.658275875135,10017.781108405106,-12328281.0,1.0,-12328.281,16563.0,76.0,560.0,165.63,3526.1228325299717
210008,6754.454305325746,11133.528764616662,-11395056.0,1.0,-11395.056,40633.0,125.0,5577.0,406.33,4379.074459290916
210009,10314.913194641722,11133.528764616662,-43381.0,1.0,-43.381,177692.0,391.0,29760.0,1776.92,818.6155699749397
210011,7396.527717430817,9513.372177723802,238994.0,0.0,238.994,61602.0,159.0,7400.0,616.02,2116.844460292986
210012,5845.006724010379,11133.528764616662,117027.0,0.0,117.027,92715.0,194.5,10728.5,927.15,5288.522040606283
210013,2558.5314900132958,5255.309758448509,0.0,0.0,0.0,21367.0,71.5,3729.5,213.67,2696.778268435213
210015,8533.388158478387,11133.528764616662,-62775581.0,1.0,-62775.581,71710.0,186.5,9659.5,717.1,2600.140606138275
210016,9273.788942026982,10235.252048240205,0.0,0.0,0.0,45759.333333333336,177.0,14613.666666666666,457.59333333333336,961.463106213223
210017,10314.913194641722,11133.528764616662,-5987239.0,1.0,-5987.239,6396.0,29.5,432.5,63.96,818.6155699749397
210018,5927.529912684167,11123.013148326962,-23418683.0,1.0,-23418.683,32464.0,94.0,1944.5,324.64,5195.483235642794
210019,2597.8179832416645,11133.528764616662,-75068279.0,1.0,-75068.279,75920.5,173.0,4145.5,759.205,8535.710781374997
210022,4616.547666141917,4219.6670158122,0.0,0.0,0.0,46367.5,102.5,1511.0,463.675,-396.88065032971735
210023,10314.913194641722,11133.528764616662,0.0,0.0,0.0,72267.5,163.0,4041.0,722.675,818.6155699749397
210024,2936.7618470564007,11133.528764616662,-54985389.0,1.0,-54985.389,48016.5,132.5,8287.0,480.165,8196.76691756026
210027,10314.913194641722,11133.528764616662,6769887.0,0.0,6769.887,54756.0,148.5,6982.0,547.56,818.6155699749397
210028,10314.913194641722,11133.528764616662,-18636018.0,1.0,-18636.018,17719.0,63.0,2772.5,177.19,818.6155699749397
210029,7806.507064323116,11133.528764616662,66023.0,0.0,66.023,84484.0,188.5,29520.0,844.84,3327.021700293546
210030,10314.913194641722,5464.312389179179,0.0,0.0,0.0,10765.5,38.5,187.0,107.655,-4850.600805462543
210033,3033.2545117000905,11133.528764616662,0.0,0.0,0.0,38043.0,107.5,7380.0,380.43,8100.274252916572
210034,2971.819068354184,9675.148350074194,-17285261.0,1.0,-17285.261,35170.5,114.5,4705.0,351.705,6703.329281720011
210035,10314.913194641722,10888.563354622773,1.0,0.0,0.001,25019.0,65.0,4146.0,250.19,573.6501599810508
210037,10314.913194641722,11133.528764616662,70.0,0.0,0.07,41591.0,96.5,2541.5,415.91,818.6155699749397
210038,10314.913194641722,6179.772315955649,261542.0,0.0,261.542,33678.0,98.5,8025.5,336.78,-4135.140878686073
210039,10314.913194641722,11133.528764616662,-10519959.0,1.0,-10519.959,21395.0,61.0,4294.5,213.95,818.6155699749397
210040,5495.002656854037,7312.074047948078,0.0,0.0,0.0,45361.5,107.5,3723.0,453.615,1817.0713910940412
210043,10314.913194641722,9991.126082968052,0.0,0.0,0.0,63484.0,158.5,2139.5,634.84,-323.78711167366964
210044,10314.913194641722,7282.735659208449,9441581.0,0.0,9441.581,60707.0,147.0,3550.5,607.07,-3032.177535433273
210048,10314.913194641722,11133.528764616662,0.0,0.0,0.0,51661.0,120.5,4285.5,516.61,818.6155699749397
210049,10314.913194641722,11133.528764616662,-25013780.0,1.0,-25013.78,33543.0,122.0,544.6666666666666,335.43,818.6155699749397
210051,6773.014211534608,7633.8240607079815,0.0,0.0,0.0,40476.5,98.0,4932.5,404.765,860.8098491733736
210055,7384.181916941983,3793.2267740671064,-15532290.0,1.0,-15532.29,18771.5,57.5,5296.5,187.715,-3590.955142874877
210056,7123.333871808317,4988.845941624735,-52706628.0,1.0,-52706.628,53456.5,150.0,4856.0,534.565,-2134.4879301835817
210057,10314.913194641722,11133.528764616662,0.0,0.0,0.0,58794.666666666664,206.0,8434.0,587.9466666666666,818.6155699749397
210058,10314.913194641722,9097.534946151569,-6703.0,1.0,-6.703,27472.5,78.5,7342.5,274.725,-1217.378248490153
210060,10314.913194641722,11133.528764616662,1.0,0.0,0.001,6439.333333333333,32.0,558.3333333333334,64.39333333333333,818.6155699749397
210061,6418.792882840323,11133.528764616662,-7053776.0,1.0,-7053.776,12122.5,38.5,443.0,121.225,4714.735881776339
220001,7431.163939262257,6895.760604132297,-137044.0,1.0,-137.044,15296.333333333334,76.66666666666667,3083.3333333333335,152.96333333333334,-535.4033351299604
220002,10314.913194641722,11133.528764616662,-184328.0,1.0,-184.328,32775.333333333336,120.66666666666667,5543.0,327.75333333333333,818.6155699749397
220008,7610.445169374496,6658.969927606981,214901.0,0.0,214.901,20692.333333333332,86.0,3452.3333333333335,206.92333333333332,-951.4752417675145
220010,4886.622377176747,5684.09798897748,664179.0,0.0,664.179,30189.333333333332,123.33333333333333,8474.333333333334,301.8933333333333,797.4756118007326
220011,3412.581574928587,3869.2243458128273,-531157.0,1.0,-531.157,28841.0,105.0,15863.0,288.41,456.64277088424024
220012,9039.92375494042,8605.576852905977,839224.0,0.0,839.224,45099.0,148.0,4670.0,450.99,-434.3469020344437
220015,6407.86480436767,5606.551207106561,80130.0,0.0,80.13,18156.666666666668,81.33333333333333,1800.3333333333333,181.5666666666667,-801.313597261109
220016,2922.6228191839255,3104.143667340164,33.0,0.0,0.033,11717.333333333334,66.0,1054.6666666666667,117.17333333333335,181.52084815623857
220017,4114.179049048648,2919.9609733376406,-685008.0,1.0,-685.008,17978.333333333332,91.0,7273.666666666667,179.78333333333333,-1194.2180757110077
220019,2868.4102295022676,2542.0571643510953,-384584.0,1.0,-384.584,8000.0,80.66666666666667,2725.6666666666665,80.0,-326.35306515117236
220020,4057.1751076025807,6148.699088038109,-341104.0,1.0,-341.104,17899.0,98.0,3134.0,178.99,2091.5239804355283
220024,1691.305070664561,1548.6262859023984,1476758.0,0.0,1476.758,17033.333333333332,119.66666666666667,5956.666666666667,170.33333333333331,-142.67878476216265
220029,6008.000178740003,5020.045094777261,-116241.0,1.0,-116.241,16755.666666666668,75.0,1762.6666666666667,167.55666666666667,-987.9550839627427
220030,2635.1993999826295,5306.195964693171,91798.0,0.0,91.798,7696.333333333333,36.666666666666664,1125.3333333333333,76.96333333333332,2670.9965647105414
220031,5962.237730185959,9633.21628821217,-1684314.0,1.0,-1684.314,67252.33333333333,289.0,41877.0,672.5233333333333,3670.9785580262114
220033,4448.030578371606,6877.27438813132,-1358519.0,1.0,-1358.519,42645.333333333336,192.66666666666666,8343.333333333334,426.4533333333334,2429.243809759714
220035,3336.755570182464,3334.5512018894397,-726129.0,1.0,-726.129,55627.333333333336,233.33333333333334,16255.666666666666,556.2733333333333,-2.204368293024345
220036,2541.0741618852458,2710.505009982509,3541627.0,0.0,3541.627,29367.666666666668,119.33333333333333,7613.333333333333,293.6766666666667,169.43084809726315
220046,7566.31297803503,8163.985324160701,614385.0,0.0,614.385,36002.666666666664,142.66666666666666,5137.666666666667,360.02666666666664,597.6723461256706
220049,2433.834372776288,1151.498230905418,-168779.0,1.0,-168.779,8078.666666666667,33.333333333333336,715.3333333333334,80.78666666666668,-1282.33614187087
220050,3620.4931138463367,3190.3327729032867,-115289.0,1.0,-115.289,2587.3333333333335,28.0,317.0,25.873333333333335,-430.16034094304996
220051,1179.0851318686907,2107.419229823801,-617566.0,1.0,-617.566,5768.0,67.33333333333333,498.3333333333333,57.68,928.3340979551101
220052,4100.477465399731,4193.996776076586,-194493.0,1.0,-194.493,25714.0,121.33333333333333,8518.666666666666,257.14,93.51931067685473
220058,783.5188115952599,886.0560586716931,-29285.0,1.0,-29.285,1956.3333333333333,24.0,142.0,19.563333333333333,102.53724707643323
220060,10314.913194641722,6020.460818490924,-457767.0,1.0,-457.767,28650.666666666668,92.0,2746.0,286.50666666666666,-4294.452376150798
220062,3034.8290995044877,4434.048640587596,738000.0,0.0,738.0,25313.333333333332,86.0,6360.333333333333,253.13333333333333,1399.2195410831087
220063,5896.132083137963,4451.1826733062935,397153.0,0.0,397.153,27690.0,121.33333333333333,9495.333333333334,276.9,-1444.949409831669
220065,2349.474369132319,1907.2461057822622,-21305.0,1.0,-21.305,7539.666666666667,47.333333333333336,806.6666666666666,75.39666666666668,-442.228263350057
220066,1007.5766304696679,4696.401075279752,500987.0,0.0,500.987,34204.0,160.66666666666666,3631.3333333333335,342.04,3688.824444810084
220067,1167.7422697067573,1808.9126509014475,325213.0,0.0,325.213,15798.666666666666,116.66666666666667,3010.3333333333335,157.98666666666665,641.1703811946902
220070,5067.89011442341,5561.490922486394,375216.0,0.0,375.216,40066.0,152.0,3305.6666666666665,400.66,493.60080806298447
220071,10314.913194641722,11133.528764616662,1024701.0,0.0,1024.701,165293.0,508.0,27422.333333333332,1652.93,818.6155699749397
220073,5347.0515013221875,4580.045035169449,27838.0,0.0,27.838,18054.333333333332,81.33333333333333,2664.0,180.54333333333332,-767.0064661527385
220074,878.0458916269387,747.8302059792992,-2141206.0,1.0,-2141.206,126906.33333333333,510.6666666666667,12001.0,1269.0633333333333,-130.21568564763948
220075,9412.756163864373,11133.528764616662,-128497.0,1.0,-128.497,2981.0,37.666666666666664,345.6666666666667,29.81,1720.7726007522888
220077,9663.318439126899,9405.450849915762,9326180.0,0.0,9326.18,98006.66666666667,367.3333333333333,23062.666666666668,980.0666666666667,-257.8675892111369
220080,7193.087490419364,2586.0110434614007,-499171.0,1.0,-499.171,28588.666666666668,114.66666666666667,7936.0,285.88666666666666,-4607.0764469579635
220082,2289.506641650245,1075.4225164316044,-189607.0,1.0,-189.607,17665.0,103.33333333333333,2774.6666666666665,176.65,-1214.0841252186406
220083,2444.845816687507,3206.2145988728416,-9817.0,1.0,-9.817,5546.333333333333,38.333333333333336,271.6666666666667,55.46333333333333,761.3687821853346
220084,6936.2713770771625,6555.643421764921,51386.0,0.0,51.386,17129.0,80.0,1469.6666666666667,171.29,-380.6279553122413
220086,10314.913194641722,11133.528764616662,-1590516.0,1.0,-1590.516,102748.0,309.6666666666667,25251.0,1027.48,818.6155699749397
220088,10314.913194641722,11133.528764616662,-175994.0,1.0,-175.994,16227.333333333334,68.66666666666667,,162.27333333333334,818.6155699749397
220090,9782.606509592557,5562.1983927495985,404596.0,0.0,404.596,21865.666666666668,84.0,4014.3333333333335,218.65666666666667,-4220.408116842958
220095,1097.3948530510718,925.162196881616,-237204.0,1.0,-237.204,10226.666666666666,82.33333333333333,1407.0,102.26666666666667,-172.23265616945582
220098,1264.3033875276428,589.3402713270381,-20369.0,1.0,-20.369,2903.0,44.0,169.33333333333334,29.03,-674.9631162006048
220100,10314.913194641722,11133.528764616662,-907152.0,1.0,-907.152,61606.333333333336,194.0,5741.666666666667,616.0633333333334,818.6155699749397
220101,10314.913194641722,11133.528764616662,148404.0,0.0,148.404,34206.0,130.66666666666666,2211.3333333333335,342.06,818.6155699749397
220105,10314.913194641722,8774.918238274693,32482.0,0.0,32.482,33251.666666666664,129.33333333333334,2181.6666666666665,332.51666666666665,-1539.9949563670289
220108,2353.841470906437,2436.993201211729,57683.0,0.0,57.683,11865.666666666666,58.666666666666664,552.0,118.65666666666667,83.15173030529195
220110,10314.913194641722,6590.112644727727,5756687.0,0.0,5756.687,138822.0,410.3333333333333,16155.666666666666,1388.22,-3724.8005499139954
220111,9583.55827208551,2623.5272155178695,-1185285.0,1.0,-1185.285,35532.333333333336,141.33333333333334,10449.0,355.3233333333334,-6960.031056567641
220116,7517.3598992235775,7440.833487581517,1509948.0,0.0,1509.948,48047.333333333336,183.33333333333334,17236.333333333332,480.47333333333336,-76.52641164206034
220119,3943.0095342120453,5342.752205960738,-211992.0,1.0,-211.992,17856.0,86.66666666666667,3528.6666666666665,178.56,1399.7426717486928
220126,1333.1184712851236,1716.4104665637167,-1037984.0,1.0,-1037.984,27384.0,147.33333333333334,2770.6666666666665,273.84,383.29199527859305
220135,9177.591109308018,8013.25370357626,98956.0,0.0,98.956,19599.0,66.66666666666667,2027.0,195.99,-1164.3374057317578
220163,8647.999971228483,11133.528764616662,1433326.0,0.0,1433.326,110080.66666666667,341.6666666666667,34908.0,1100.8066666666666,2485.528793388179
220171,10314.913194641722,11133.528764616662,-98473.0,1.0,-98.473,65396.333333333336,200.33333333333334,4622.333333333333,653.9633333333334,818.6155699749397
220174,312.14273946658335,602.0658925278551,-220124.0,1.0,-220.124,7883.333333333333,73.33333333333333,726.0,78.83333333333333,289.92315306127176
220177,2158.689216469265,3730.3746683106738,23479.0,0.0,23.479,1367.0,20.0,268.0,13.67,1571.6854518414088
230002,719.763506713275,3658.983251035324,8880026.0,0.0,8880.026,52555.0,133.0,1607.5,525.55,2939.219744322049
230003,1779.4598038352913,2675.7298064968595,-3236.0,1.0,-3.236,3892.3333333333335,48.0,270.0,38.92333333333333,896.2700026615682
230004,5479.910454376057,7570.723555907035,-217751.0,1.0,-217.751,30051.5,98.5,1997.0,300.515,2090.813101530978
230005,1586.1810625311111,1114.665330530877,95889.0,0.0,95.889,10397.0,62.666666666666664,1113.0,103.97,-471.51573200023404
230013,1030.942898725366,425.1949804282103,-335946.0,1.0,-335.946,5857.0,39.0,550.0,58.57,-605.7479182971556
230015,2201.0652705957823,1753.4139978216126,-383409.0,1.0,-383.409,4200.0,34.0,358.3333333333333,42.0,-447.6512727741697
230017,8247.582539024357,5351.103990872319,2206869.0,0.0,2206.869,56786.333333333336,203.33333333333334,14879.0,567.8633333333333,-2896.4785481520385
230019,6299.681351368541,3314.4510375037526,134458.0,0.0,134.458,111643.0,216.0,6335.5,1116.43,-2985.2303138647885
230020,3266.957032931426,2107.599750810004,1604297.0,0.0,1604.297,105822.0,345.0,12942.333333333334,1058.22,-1159.357282121422
230021,4562.967556704988,4809.6560801476235,4574412.0,0.0,4574.412,39168.0,195.33333333333334,3887.0,391.68,246.68852344263541
230022,1162.8544179339883,1446.3533068053503,-168968.0,1.0,-168.968,8153.666666666667,71.33333333333333,886.0,81.53666666666668,283.49888887136194
230024,4027.3097374086096,3344.526652874943,3124649.0,0.0,3124.649,60293.666666666664,188.0,11855.333333333334,602.9366666666666,-682.7830845336666
230029,2918.6417515906232,2462.9684792452517,-1161920.0,1.0,-1161.92,61537.5,173.0,6624.0,615.375,-455.6732723453715
230030,2661.7643900446606,3829.5920856680227,113676.0,0.0,113.676,14751.0,62.0,916.5,147.51,1167.8276956233622
230031,1448.732407502113,671.6300612876662,42703.0,0.0,42.703,13808.5,65.5,789.0,138.085,-777.1023462144467
230035,2516.2941427516857,7117.480762849643,-692.0,1.0,-0.692,6566.0,43.5,522.0,65.66,4601.186620097957
230036,3241.8780933435746,2379.115718710926,308653.0,0.0,308.653,14150.0,58.5,584.0,141.5,-862.7623746326485
230037,4660.825566636228,2900.1684115434236,36067.0,0.0,36.067,7241.5,39.5,472.0,72.415,-1760.6571550928047
230038,10314.913194641722,11133.528764616662,3012192.0,0.0,3012.192,177072.0,408.5,41478.5,1770.72,818.6155699749397
230040,1555.3842165729152,1470.0829840323743,384505.0,0.0,384.505,6902.0,65.33333333333333,854.0,69.02,-85.30123254054092
230041,1341.558608930761,1505.7137128281659,229363.0,0.0,229.363,50375.666666666664,229.33333333333334,2556.0,503.75666666666666,164.15510389740484
230046,10314.913194641722,11133.528764616662,913618.0,0.0,913.618,166460.5,339.0,28302.5,1664.605,818.6155699749397
230047,3639.0145070586627,4346.093928902397,1866373.0,0.0,1866.373,70963.0,225.66666666666666,5084.0,709.63,707.0794218437345
230053,10314.913194641722,11133.528764616662,12515216.0,0.0,12515.216,120162.0,421.3333333333333,19560.666666666668,1201.62,818.6155699749397
230054,2865.2979350772425,2418.242401184826,63575.0,0.0,63.575,29532.0,113.0,3161.0,295.32,-447.0555338924164
230055,1455.9436861903985,1408.4038452191412,311392.0,0.0,311.392,8696.666666666666,71.33333333333333,658.3333333333334,86.96666666666665,-47.53984097125726
230058,2952.1920083706145,3692.719284134464,11711.0,0.0,11.711,8005.0,41.0,1118.0,80.05,740.5272757638495
230059,7372.220481517803,8113.315305982295,2845336.0,0.0,2845.336,39898.0,106.5,5300.5,398.98,741.0948244644924
230066,3789.3764227873503,3624.6378942573624,825310.0,0.0,825.31,18488.5,91.0,1670.0,184.885,-164.7385285299879
230069,3194.9613985364263,3867.433233906112,574467.0,0.0,574.467,8610.0,54.5,547.5,86.1,672.4718353696858
230070,4112.571210374629,3277.017280734311,-5770263.0,1.0,-5770.263,91949.5,194.0,12020.5,919.495,-835.5539296403181
230071,1413.7911278706058,1295.0486181045796,-10641.0,1.0,-10.641,3894.3333333333335,32.666666666666664,,38.943333333333335,-118.74250976602616
230075,2520.764331256671,2233.3007808022858,1366956.0,0.0,1366.956,31050.0,106.0,2984.0,310.5,-287.4635504543853
230077,2577.6935660391055,2222.136705750196,175663.0,0.0,175.663,48932.5,117.0,3123.5,489.325,-355.5568602889093
230078,1653.3814308162475,3015.730248768046,95407.0,0.0,95.407,1780.6666666666667,36.666666666666664,30.0,17.80666666666667,1362.3488179517983
230080,2644.964795960927,1725.3215865365037,292606.0,0.0,292.606,7613.666666666667,56.666666666666664,803.3333333333334,76.13666666666667,-919.6432094244233
230081,1748.1352671565135,2255.213743899335,360.0,0.0,0.36,10088.5,53.0,675.5,100.885,507.0784767428215
230085,3696.521563794949,3421.202876033125,679.0,0.0,0.679,2379.5,29.5,589.5,23.795,-275.3186877618241
230089,1975.495292328955,1917.339063685145,334614.0,0.0,334.614,29949.0,176.66666666666666,1996.3333333333333,299.49,-58.15622864380998
230092,2070.701716961573,1811.3138366982737,244488.0,0.0,244.488,54035.5,174.5,6594.0,540.355,-259.38788026329917
230093,2341.205421917363,6795.524438102317,19992.0,0.0,19.992,4666.0,36.0,398.5,46.66,4454.319016184954
230096,2308.4490509978327,2010.2800932411185,-100476.0,1.0,-100.476,2740.0,40.0,309.3333333333333,27.4,-298.16895775671424
230097,7123.922416536801,5550.839294169478,1057271.0,0.0,1057.271,78054.5,181.5,5813.0,780.545,-1573.083122367323
230099,4421.3918616696565,2165.0613836773946,-388034.0,1.0,-388.034,28410.0,85.0,2935.5,284.1,-2256.330477992262
230100,3286.6300569385076,2540.2425585915817,498.0,0.0,0.498,4566.0,37.5,379.5,45.66,-746.3874983469259
230104,5280.556619341011,7654.813931983653,3164987.0,0.0,3164.987,59249.0,217.33333333333334,12070.0,592.49,2374.2573126426414
230105,2342.0993113159216,2099.908445189427,-241666.0,1.0,-241.666,23736.666666666668,96.0,3131.3333333333335,237.36666666666667,-242.1908661264947
230106,6595.457916002186,4561.500365046263,37682.0,0.0,37.682,5488.0,32.5,575.5,54.88,-2033.9575509559227
230108,7852.026434510784,5590.2164213795395,23127.0,0.0,23.127,4275.0,33.0,198.5,42.75,-2261.810013131245
230110,1582.507060543004,1716.1117518496658,-31960.0,1.0,-31.96,6758.333333333333,50.0,453.6666666666667,67.58333333333333,133.60469130666183
230117,3799.8322478227233,2276.7057661155814,2320019.0,0.0,2320.019,53028.5,141.0,5535.0,530.285,-1523.126481707142
230118,1401.0442689298916,1866.1063391411487,-9291.0,1.0,-9.291,3321.0,49.333333333333336,344.3333333333333,33.21,465.06207021125715
230121,1108.3526242088913,1005.6156704483482,60842.0,0.0,60.842,7840.0,76.0,1361.0,78.4,-102.73695376054309
230130,5883.947522097013,5923.560049524591,6663231.0,0.0,6663.231,185961.33333333334,610.3333333333334,16720.666666666668,1859.6133333333335,39.61252742757824
230132,2597.3003002332534,2073.136699574537,-7951036.0,1.0,-7951.036,59049.5,138.5,10596.5,590.495,-524.1636006587164
230133,5114.25778272302,5929.011611959606,25698.0,0.0,25.698,3604.0,38.0,405.6666666666667,36.04,814.7538292365862
230142,1434.0838305624395,1523.9591440523825,-1085942.0,1.0,-1085.942,27206.666666666668,121.33333333333333,3150.3333333333335,272.06666666666666,89.87531348994298
230144,1925.736138099422,3979.1974550304258,0.0,0.0,0.0,871.5,27.0,,8.715,2053.4613169310037
230146,3595.0719346700125,4289.142906313516,1204275.0,0.0,1204.275,49115.333333333336,149.33333333333334,3743.3333333333335,491.15333333333336,694.0709716435031
230151,3886.215358293081,4024.011855283582,-264661.0,1.0,-264.661,42810.0,182.0,3566.3333333333335,428.1,137.79649699050105
230156,8695.297220798617,6939.1989716772705,4913213.0,0.0,4913.213,91494.5,210.0,4564.5,914.945,-1756.0982491213463
230165,2681.2689858297667,3205.23532827736,3329290.0,0.0,3329.29,111718.0,347.0,15366.5,1117.18,523.9663424475934
230167,1520.765200408879,1547.5064057827285,634861.0,0.0,634.861,44549.333333333336,225.33333333333334,5122.0,445.49333333333334,26.741205373849425
230174,1593.6918302365023,1538.2627492776346,151842.0,0.0,151.842,3771.5,52.0,174.0,37.715,-55.429080958867644
230176,968.7960786245397,869.5766462877375,-153969.0,1.0,-153.969,25215.0,129.33333333333334,1461.6666666666667,252.15,-99.21943233680224
230180,1963.4984195060936,1663.6487978235207,-106783.0,1.0,-106.783,4545.0,39.5,303.5,45.45,-299.8496216825729
230193,674.4675896600155,578.281060062416,241035.0,0.0,241.035,15720.333333333334,124.0,1208.0,157.20333333333335,-96.18652959759947
230195,1867.3127760216312,1833.955664399251,2405290.0,0.0,2405.29,90297.0,225.0,5534.0,902.97,-33.357111622380216
230197,4508.089702209267,5199.342294529131,1919745.0,0.0,1919.745,75227.0,176.0,4050.5,752.27,691.2525923198646
230207,2496.1639092913433,2889.928120843027,-412074.0,1.0,-412.074,18420.666666666668,93.33333333333333,2057.6666666666665,184.20666666666668,393.76421155168373
230208,3212.136900766445,2272.4635209869334,-818296.0,1.0,-818.296,3390.0,35.333333333333336,596.6666666666666,33.9,-939.6733797795114
230216,4695.473608612997,3001.506169033321,-313901.0,1.0,-313.901,34954.5,88.5,2148.0,349.545,-1693.967439579676
230217,3633.773694999699,2848.1009824719904,-360906.0,1.0,-360.906,6009.666666666667,42.666666666666664,410.3333333333333,60.09666666666667,-785.6727125277084
230222,3184.528325080055,3140.0565686147393,-47284.0,1.0,-47.284,31182.5,122.5,2000.0,311.825,-44.47175646531559
230227,2138.3036171349763,2263.7711790102676,332732.0,0.0,332.732,41962.666666666664,180.0,3621.6666666666665,419.62666666666667,125.46756187529127
230230,6227.074975926612,9889.972177817663,3663932.0,0.0,3663.932,82069.0,285.0,13283.0,820.69,3662.897201891051
230236,3361.303256351993,5702.238447244746,2838346.0,0.0,2838.346,33923.5,107.0,16261.0,339.235,2340.935190892753
230239,2483.6501475264995,2696.800958988922,-39314.0,1.0,-39.314,8006.0,60.666666666666664,733.0,80.06,213.15081146242255
230241,1576.1190661397916,1549.051032271598,-4129.0,1.0,-4.129,6438.0,47.0,569.5,64.38,-27.068033868193652
230244,1945.4803239908933,3224.5539599177214,80050.0,0.0,80.05,27678.0,145.33333333333334,2557.0,276.78,1279.073635926828
230254,4141.738481805907,2649.240621021051,4309068.0,0.0,4309.068,34035.666666666664,110.0,1511.0,340.3566666666666,-1492.4978607848561
230259,5131.499003774863,3889.1476262850083,-69985.0,1.0,-69.985,6741.0,56.0,91.33333333333333,67.41,-1242.3513774898547
230264,1216.039458564449,1408.0873202981159,-11483.0,1.0,-11.483,56.666666666666664,18.666666666666668,4.0,0.5666666666666667,192.04786173366688
230269,8102.525988605542,10193.99839379372,1390721.0,0.0,1390.721,76615.66666666667,240.33333333333334,4391.0,766.1566666666668,2091.4724051881776
230270,4386.295680453119,2970.9205369161486,1915604.0,0.0,1915.604,18385.666666666668,63.333333333333336,1710.6666666666667,183.85666666666668,-1415.37514353697
230273,3888.992491162893,4543.2865085751855,394674.0,0.0,394.674,35341.333333333336,111.0,9911.0,353.41333333333336,654.2940174122923
230275,10314.913194641722,11133.528764616662,5302.0,0.0,5.302,718.6666666666666,14.666666666666666,,7.1866666666666665,818.6155699749397
230277,8115.806661896446,6580.952190591122,83025.0,0.0,83.025,23252.666666666668,101.33333333333333,1616.6666666666667,232.52666666666667,-1534.8544713053234
230279,747.0779559752658,489.3852065057515,0.0,0.0,0.0,12075.0,64.5,,120.75,-257.6927494695143
230297,6534.934063321729,5565.99956512108,-456484.0,1.0,-456.484,17446.0,76.5,2217.0,174.46,-968.9344982006487
230301,1583.9924197659275,1227.0328802792224,90286.0,0.0,90.286,1721.0,30.0,1.0,17.21,-356.9595394867051
230302,10031.788665315713,11133.528764616662,1532664.0,0.0,1532.664,25273.666666666668,113.33333333333333,1241.0,252.73666666666668,1101.7400993009487
240001,3955.5798223335846,3740.3012153831946,3511595.0,0.0,3511.595,47659.333333333336,213.66666666666666,10779.333333333334,476.59333333333336,-215.27860695038999
240002,1256.1526447646706,5175.217802303857,879857.0,0.0,879.857,54151.0,142.5,17274.0,541.51,3919.065157539186
240004,2980.38333377067,10059.581012911382,2726550.0,0.0,2726.55,40544.0,171.33333333333334,18510.0,405.44,7079.197679140711
240006,4023.0824093353344,3742.3259683055417,22656.0,0.0,22.656,3390.0,46.666666666666664,2523.6666666666665,33.9,-280.75644102979277
240010,8675.600767004802,11133.528764616662,5100536.0,0.0,5100.536,114054.0,418.3333333333333,10745.666666666666,1140.54,2457.9279976118596
240014,2245.781569082655,2512.804217094863,29347.0,0.0,29.347,2877.6666666666665,28.666666666666668,615.0,28.776666666666664,267.0226480122078
240018,2524.190165458337,6611.862299780165,-153854.0,1.0,-153.854,3223.6666666666665,40.666666666666664,437.0,32.236666666666665,4087.672134321828
240019,5986.432790886822,11133.528764616662,1187956.0,0.0,1187.956,14777.0,70.5,6907.0,147.77,5147.09597372984
240020,1129.9982458027607,1991.2432716592573,0.0,0.0,0.0,5861.0,58.0,1476.6666666666667,58.61,861.2450258564966
240022,793.3117787519045,984.8017043828359,58581.0,0.0,58.581,3344.0,42.0,1491.5,33.44,191.48992563093134
240030,851.0303071810299,1057.8030078252207,32921.0,0.0,32.921,9802.0,70.66666666666667,1473.6666666666667,98.02,206.77270064419076
240036,2004.0856767026698,1619.6627414334714,434946.0,0.0,434.946,73741.5,190.5,15731.0,737.415,-384.42293526919843
240038,3886.451961366115,5613.847999559149,76550.0,0.0,76.55,54767.333333333336,247.33333333333334,10939.333333333334,547.6733333333334,1727.3960381930337
240040,1205.6940531160567,4326.325816568569,-193042.0,1.0,-193.042,8992.0,82.66666666666667,3940.0,89.92,3120.6317634525126
240043,4938.255799896852,5473.72707690611,435098.0,0.0,435.098,5056.666666666667,54.0,1156.3333333333333,50.56666666666667,535.4712770092574
240044,2740.0281272857146,5722.105453656684,-315301.0,1.0,-315.301,5604.666666666667,40.0,823.6666666666666,56.04666666666667,2982.07732637097
240047,822.9091911655336,1223.2371827526908,1223399.0,0.0,1223.399,27409.666666666668,135.33333333333334,8433.333333333334,274.0966666666667,400.32799158715727
240050,3468.6275652129466,6149.779430356441,62390.0,0.0,62.39,6338.333333333333,41.333333333333336,510.3333333333333,63.38333333333333,2681.151865143494
240052,1292.8156329807873,2586.0702828848066,-61889.0,1.0,-61.889,5321.666666666667,60.0,1217.3333333333333,53.21666666666667,1293.2546499040193
240053,8383.53744428517,6866.58255735121,1422808.0,0.0,1422.808,48331.0,226.66666666666666,3074.0,483.31,-1516.9548869339596
240056,6800.236599571523,7906.351561017116,13025.0,0.0,13.025,10748.333333333334,76.0,871.0,107.48333333333333,1106.1149614455935
240057,1586.4416412445019,2759.093361633852,2011001.0,0.0,2011.001,96510.0,372.0,15585.0,965.1,1172.6517203893502
240059,2323.46682169447,4923.667615813074,2427.0,0.0,2.427,3302.6666666666665,26.666666666666668,743.6666666666666,33.026666666666664,2600.200794118604
240063,1519.3828794435885,1854.0435095866947,-440589.0,1.0,-440.589,47041.5,118.5,9059.0,470.415,334.6606301431061
240064,3345.428189868049,2667.4625994956814,92251.0,0.0,92.251,4766.5,28.5,1442.5,47.665,-677.9655903723674
240066,1614.2683688027555,4643.179886252582,-179213.0,1.0,-179.213,5847.666666666667,46.666666666666664,1100.0,58.47666666666667,3028.9115174498265
240069,3083.690931813838,4130.759457276302,0.0,0.0,0.0,3744.0,31.333333333333332,1065.0,37.44,1047.068525462464
240071,1386.960377209958,1252.2074543353558,84592.0,0.0,84.592,3282.3333333333335,52.333333333333336,1403.0,32.82333333333334,-134.7529228746023
240075,3498.4059709462135,2692.0906544030377,-6124.0,1.0,-6.124,14168.0,81.0,1520.5,141.68,-806.3153165431759
240076,2815.6557905264867,2480.50855843588,341456.0,0.0,341.456,3984.0,32.666666666666664,665.6666666666666,39.84,-335.14723209060685
240078,5459.967159405874,4277.478542542599,162457.0,0.0,162.457,41172.333333333336,190.66666666666666,1833.0,411.72333333333336,-1182.4886168632747
240080,10314.913194641722,11133.528764616662,368288.0,0.0,368.288,74037.0,277.3333333333333,14343.0,740.37,818.6155699749397
240084,1461.0134442121544,2676.2812887326318,-191797.0,1.0,-191.797,3850.3333333333335,42.0,672.6666666666666,38.50333333333334,1215.2678445204774
240088,2009.3109374635162,2033.610561816359,657186.0,0.0,657.186,7195.666666666667,56.0,2575.3333333333335,71.95666666666666,24.299624352842784
240093,2077.1045272644023,6110.633365182526,-157106.0,1.0,-157.106,25024.333333333332,121.66666666666667,6431.0,250.2433333333333,4033.528837918124
240100,1505.5700121805662,3825.725257580187,541712.0,0.0,541.712,8119.666666666667,62.666666666666664,4098.0,81.19666666666667,2320.155245399621
240101,7032.31324739428,8591.927132934728,103613.0,0.0,103.613,4875.0,31.5,2145.0,48.75,1559.6138855404488
240104,2290.82233926952,3038.1394778080908,205542.0,0.0,205.542,9400.666666666666,62.0,1218.0,94.00666666666666,747.3171385385708
240106,7639.853046649827,9523.56061177719,832016.0,0.0,832.016,66622.33333333333,265.0,29987.666666666668,666.2233333333332,1883.7075651273626
240115,8153.831221064504,11133.528764616662,3547971.0,0.0,3547.971,42248.333333333336,162.66666666666666,7131.666666666667,422.48333333333335,2979.697543552158
240132,820.4233601286545,1252.4782402178234,532010.0,0.0,532.01,24628.333333333332,129.33333333333334,3976.0,246.28333333333333,432.05488008916893
240141,3207.262681758964,5170.640252500015,338021.0,0.0,338.021,3216.0,43.333333333333336,321.6666666666667,32.16,1963.377570741051
240166,2031.4531980650968,1812.4590029251497,208455.0,0.0,208.455,6222.666666666667,44.0,2424.0,62.22666666666667,-218.99419513994712
240187,2062.7816655056363,2926.1748197398356,289925.0,0.0,289.925,3596.6666666666665,37.333333333333336,1057.3333333333333,35.96666666666667,863.3931542341993
240196,3032.635749093477,3993.5074246716254,20339.0,0.0,20.339,179.0,15.666666666666666,23.333333333333332,1.79,960.8716755781484
240207,6703.726776718519,6222.979925188397,135669.0,0.0,135.669,20540.0,108.66666666666667,1769.3333333333333,205.4,-480.7468515301225
240210,2866.8732338646987,2021.4918724311385,713457.0,0.0,713.457,34155.0,94.0,4685.0,341.55,-845.3813614335602
240213,3336.366499083901,3327.6742974475246,-1854.0,1.0,-1.854,15519.0,49.0,1273.5,155.19,-8.692201636376467
250001,6426.431223086996,4145.317196994563,5125655.0,0.0,5125.655,104111.0,229.5,79569.5,1041.11,-2281.114026092433
250002,760.6080224068013,580.6387532336146,8347.0,0.0,8.347,4499.666666666667,39.333333333333336,251.33333333333334,44.99666666666667,-179.96926917318672
250004,3839.2372938339236,3576.4956921379744,806790.0,0.0,806.79,80232.33333333333,303.3333333333333,19330.333333333332,802.3233333333333,-262.74160169594916
250006,231.06033287802094,1120.2137373562541,72655.0,0.0,72.655,9671.666666666666,106.66666666666667,5690.333333333333,96.71666666666665,889.1534044782331
250007,547.0890366495743,391.33118901849645,536227.0,0.0,536.227,20487.333333333332,122.0,5842.666666666667,204.87333333333333,-155.75784763107782
250009,2546.0383037040056,1959.7988489712818,551377.0,0.0,551.377,25376.666666666668,87.66666666666667,5621.333333333333,253.76666666666668,-586.2394547327237
250010,687.3008751992211,537.3489510206193,282615.0,0.0,282.615,2590.6666666666665,40.0,181.0,25.906666666666666,-149.95192417860176
250012,1144.7383250237997,898.4475089009422,6682.0,0.0,6.682,1740.6666666666667,28.0,230.33333333333334,17.406666666666666,-246.29081612285745
250017,1051.6582260432044,1016.6302990944412,-527463.0,1.0,-527.463,2738.5,35.0,309.5,27.385,-35.02792694876325
250018,3929.946355203606,3539.168130858457,26964.0,0.0,26.964,2002.0,23.333333333333332,8.5,20.02,-390.77822434514883
250019,1184.501650378662,896.7678223936196,1360691.0,0.0,1360.691,48159.666666666664,250.0,18096.666666666668,481.59666666666664,-287.73382798504235
250020,1579.603236780876,1047.9784103824359,34537.0,0.0,34.537,8058.666666666667,35.333333333333336,639.3333333333334,80.58666666666667,-531.6248263984401
250025,561.2797011708848,460.03625266422074,-1758.0,1.0,-1.758,10814.0,63.333333333333336,4083.3333333333335,108.14,-101.24344850666404
250027,1262.2959390183328,3640.108471622583,87905.0,0.0,87.905,2458.6666666666665,40.666666666666664,138.0,24.586666666666666,2377.81253260425
250031,512.3242380908674,277.91151936774514,330262.0,0.0,330.262,39076.5,139.0,16506.0,390.765,-234.41271872312228
250034,221.4061101711404,1707.7008961235897,47573.0,0.0,47.573,28235.666666666668,122.66666666666667,6806.333333333333,282.3566666666667,1486.2947859524493
250036,2996.8470727217104,3231.4388056685466,63755.0,0.0,63.755,4353.0,32.333333333333336,673.3333333333334,43.53,234.59173294683615
250038,670.2120398293138,598.9463408519962,-236576.0,1.0,-236.576,3409.3333333333335,54.666666666666664,2390.6666666666665,34.093333333333334,-71.26569897731758
250040,1611.7502344578627,981.0151347269589,126175.0,0.0,126.175,47094.333333333336,205.33333333333334,13348.0,470.9433333333334,-630.7350997309038
250042,221.4061101711404,256.4664340435436,161265.0,0.0,161.265,16772.666666666668,124.0,8591.333333333334,167.7266666666667,35.06032387240319
250043,2922.903699658428,4465.949475719139,-74084.0,1.0,-74.084,3792.3333333333335,35.333333333333336,734.3333333333334,37.92333333333333,1543.0457760607105
250044,221.4061101711404,607.0110868872456,-296983.0,1.0,-296.983,6270.0,38.666666666666664,417.0,62.7,385.60497671610517
250048,1850.910736965406,2010.2770020942385,-100466.0,1.0,-100.466,77400.66666666667,314.0,17662.666666666668,774.0066666666667,159.36626512883254
250049,668.7186241152682,549.9365771431114,182092.0,0.0,182.092,6841.666666666667,34.666666666666664,483.3333333333333,68.41666666666667,-118.78204697215676
250050,1318.5011248966262,1549.4263908616397,-32213.0,1.0,-32.213,8080.666666666667,70.0,4408.333333333333,80.80666666666667,230.92526596501352
250057,1327.441177698165,1254.8214922123543,300754.0,0.0,300.754,8268.0,86.0,4706.0,82.68,-72.61968548581058
250058,1254.1707420145049,1239.9793266808522,116085.0,0.0,116.085,25197.666666666668,167.33333333333334,8380.666666666666,251.9766666666667,-14.191415333652685
250060,2284.2418962912907,1547.807610763338,109081.0,0.0,109.081,1304.6666666666667,18.0,469.6666666666667,13.046666666666667,-736.4342855279526
250061,5239.633396541231,5683.686716068898,160531.0,0.0,160.531,4689.666666666667,27.333333333333332,249.33333333333334,46.89666666666667,444.05331952766664
250067,1639.7339985216124,1118.0367003332299,-358725.0,1.0,-358.725,7338.0,46.0,3062.6666666666665,73.38,-521.6972981883825
250069,1540.5022301428764,1658.6509741609173,-77549.0,1.0,-77.549,17303.666666666668,112.66666666666667,6677.333333333333,173.0366666666667,118.14874401804082
250077,1964.5306812640597,1587.7252930167992,372.0,0.0,0.372,9594.333333333334,52.666666666666664,2523.0,95.94333333333334,-376.80538824726045
250078,4036.199775058643,4643.1430325993515,68521.0,0.0,68.521,64442.333333333336,270.6666666666667,27280.333333333332,644.4233333333334,606.9432575407086
250079,1545.0645136054118,1307.8762728164413,-22202.0,1.0,-22.202,1367.3333333333333,22.666666666666668,159.0,13.673333333333332,-237.18824078897046
250081,300.4910180481824,3505.164765492076,-10017.0,1.0,-10.017,6673.666666666667,82.0,2679.6666666666665,66.73666666666666,3204.6737474438937
250082,2614.381880468484,1884.1101079844514,758392.0,0.0,758.392,27139.0,113.33333333333333,11291.0,271.39,-730.2717724840325
250084,242.29627887087958,256.4664340435436,-3878.0,1.0,-3.878,9465.0,98.0,2133.6666666666665,94.65,14.17015517266401
250085,1268.5691339496134,1813.4208910854447,-47845.0,1.0,-47.845,3721.3333333333335,38.666666666666664,268.0,37.21333333333334,544.8517571358313
250095,2279.5331239089383,1987.3448379512001,-30949.0,1.0,-30.949,3721.6666666666665,40.0,2836.0,37.21666666666667,-292.1882859577381
250096,251.4060847062157,256.4664340435436,-111028.0,1.0,-111.028,14670.0,84.66666666666667,2094.3333333333335,146.7,5.060349337327892
250097,2496.0879356025075,2577.6465423901604,173337.0,0.0,173.337,16949.0,92.66666666666667,7030.0,169.49,81.55860678765293
250099,1282.611237565963,1039.4658853659314,823697.0,0.0,823.697,19886.666666666668,119.33333333333333,9593.333333333334,198.86666666666667,-243.14535220003154
250100,221.4061101711404,909.7182024077138,167399.0,0.0,167.399,20188.666666666668,183.33333333333334,7558.333333333333,201.88666666666668,688.3120922365733
250102,2711.1074317966927,1589.2917105951524,516791.0,0.0,516.791,75472.0,274.0,9910.0,754.72,-1121.8157212015403
250104,1242.897826525476,863.1917441762791,546043.0,0.0,546.043,35903.0,163.33333333333334,8536.666666666666,359.03,-379.7060823491968
250117,1167.2186167525854,1753.4947352728911,592197.0,0.0,592.197,4215.666666666667,44.0,2142.3333333333335,42.156666666666666,586.2761185203058
250122,221.4061101711404,256.4664340435436,-506453.0,1.0,-506.453,11901.0,74.0,3726.3333333333335,119.01,35.06032387240319
250123,401.665245080354,256.4664340435436,62626.0,0.0,62.626,9828.666666666666,80.0,2679.3333333333335,98.28666666666666,-145.1988110368104
250124,1348.5027894563739,1044.7984277615167,-33686.0,1.0,-33.686,8428.0,45.333333333333336,1542.0,84.28,-303.7043616948572
250128,1036.1208380309376,836.193637440018,-313339.0,1.0,-313.339,8708.0,68.66666666666667,5283.0,87.08,-199.9272005909196
250136,434.6680011322193,962.732532521487,-41549.0,1.0,-41.549,3279.3333333333335,74.33333333333333,3205.6666666666665,32.79333333333334,528.0645313892677
250138,985.0375289102403,637.2764022186694,236454.0,0.0,236.454,13876.666666666666,95.33333333333333,8255.333333333334,138.76666666666665,-347.7611266915709
250141,409.2169450823845,2248.6295560845933,-1722437.0,1.0,-1722.437,46670.333333333336,196.0,13362.333333333334,466.7033333333334,1839.412611002209
250162,1560.4112019903607,997.8081292341836,-33186.0,1.0,-33.186,4753.333333333333,37.333333333333336,1736.6666666666667,47.53333333333333,-562.6030727561771
260001,652.8577166059574,2275.5492276972627,-83677.0,1.0,-83.677,33838.666666666664,202.33333333333334,9045.0,338.38666666666666,1622.6915110913053
260004,721.5404403005516,676.2408020852416,-23700.0,1.0,-23.7,2175.6666666666665,40.666666666666664,29.333333333333332,21.756666666666664,-45.29963821530998
260005,913.8367013938258,950.4840538606468,-95340.0,1.0,-95.34,32694.666666666668,242.0,11961.666666666666,326.94666666666666,36.64735246682096
260006,6835.796004845386,5601.962324668347,653755.0,0.0,653.755,57902.5,165.5,13089.5,579.025,-1233.8336801770392
260009,2272.7516135994388,1824.9262305448297,-257219.0,1.0,-257.219,18715.0,76.5,2030.0,187.15,-447.8253830546091
260011,1980.6631242565518,1632.0579213437718,51067.0,0.0,51.067,23926.0,107.33333333333333,3207.0,239.26,-348.60520291278
260015,359.2523172155123,414.85058824652907,-51360.0,1.0,-51.36,8064.666666666667,73.33333333333333,6851.333333333333,80.64666666666668,55.59827103101679
260017,1650.0757885737453,1158.9642362462657,-58925.0,1.0,-58.925,17836.333333333332,115.66666666666667,3751.6666666666665,178.36333333333332,-491.11155232747956
260020,3219.9340073542053,2825.646454519227,1493590.0,0.0,1493.59,125478.5,291.0,13574.5,1254.785,-394.2875528349782
260022,449.0117947468842,360.2246274141051,-94472.0,1.0,-94.472,11650.5,64.0,2557.0,116.505,-88.78716733277912
260023,2152.67727231154,1800.0703749295858,560634.0,0.0,560.634,24509.666666666668,95.33333333333333,2769.0,245.0966666666667,-352.60689738195424
260024,1567.8513429963318,1653.2524967126888,173378.0,0.0,173.378,5063.0,38.666666666666664,1289.6666666666667,50.63,85.40115371635693
260025,3680.8644974268936,3357.961606448537,-123738.0,1.0,-123.738,15364.333333333334,65.33333333333333,1867.0,153.64333333333335,-322.9028909783565
260027,828.9480046799624,986.7571387307931,102933.0,0.0,102.933,39486.666666666664,187.33333333333334,7121.0,394.8666666666666,157.80913405083072
260032,4341.709298396778,4907.706815604171,659719.0,0.0,659.719,168182.33333333334,707.3333333333334,35332.666666666664,1681.8233333333335,565.9975172073937
260034,1439.1502936662832,1188.5641834744117,1416.0,0.0,1.416,4876.0,46.333333333333336,334.3333333333333,48.76,-250.5861101918715
260040,4070.6528267804756,3540.769115704473,58940.0,0.0,58.94,80345.33333333333,339.0,33361.0,803.4533333333333,-529.8837110760028
260047,5548.235705948138,3078.575648800008,223784.0,0.0,223.784,20627.0,59.0,1186.0,206.27,-2469.6600571481304
260048,10314.913194641722,11133.528764616662,308133.0,0.0,308.133,35390.5,73.5,24478.5,353.905,818.6155699749397
260050,4744.622945810226,3952.4308314185814,85781.0,0.0,85.781,4036.6666666666665,40.666666666666664,688.0,40.36666666666667,-792.1921143916447
260052,977.5483269087595,1753.728414524977,0.0,0.0,0.0,13722.5,98.0,1240.5,137.225,776.1800876162176
260057,5602.918772835718,7081.593267690476,197424.0,0.0,197.424,6517.666666666667,30.666666666666668,921.0,65.17666666666668,1478.6744948547575
260059,3249.9982363481577,4876.486238512971,23727.0,0.0,23.727,5079.5,44.0,588.5,50.795,1626.4880021648132
260061,1844.6222528823837,1725.7332249975218,-72582.0,1.0,-72.582,3137.5,33.0,605.0,31.375,-118.88902788486189
260062,844.1492146012088,2435.6027999244793,-168085.0,1.0,-168.085,13100.0,83.33333333333333,4337.333333333333,131.0,1591.4535853232705
260064,3848.3560902399913,2882.925769357346,148315.0,0.0,148.315,6838.333333333333,36.666666666666664,529.0,68.38333333333333,-965.4303208826454
260065,3632.031576622967,3294.3601338547724,-264219.0,1.0,-264.219,102410.0,319.0,26529.5,1024.1,-337.67144276819454
260068,2429.177639776139,2519.022748640067,2000313.0,0.0,2000.313,51487.0,210.66666666666666,2822.0,514.87,89.84510886392809
260070,3617.8987301630636,3224.0641049508968,167163.0,0.0,167.163,6385.0,38.0,2546.3333333333335,63.85,-393.8346252121669
260074,584.1339039384673,700.3415916145677,10456.0,0.0,10.456,6909.666666666667,55.0,619.0,69.09666666666666,116.20768767610048
260077,1872.573560822611,1432.5792436782544,-67386.0,1.0,-67.386,72827.0,199.5,5590.0,728.27,-439.9943171443565
260078,3433.7809602186185,2778.0603002948583,106690.0,0.0,106.69,13829.0,63.333333333333336,5849.333333333333,138.29,-655.7206599237602
260080,847.4215405339594,651.6613650362485,155331.0,0.0,155.331,800.5,29.0,55.5,8.005,-195.76017549771086
260081,2469.7225871544388,1887.6878777035795,29312.0,0.0,29.312,26834.333333333332,107.66666666666667,2244.3333333333335,268.3433333333333,-582.0347094508593
260085,3848.0499586336787,2003.7046239809292,896889.0,0.0,896.889,40027.5,115.5,2328.5,400.275,-1844.3453346527494
260091,4380.591221035579,2845.230854994831,658041.0,0.0,658.041,62699.666666666664,267.6666666666667,15164.0,626.9966666666667,-1535.360366040748
260094,1650.0563508194302,3332.228820621369,31150.0,0.0,31.15,17870.0,84.0,4029.5,178.7,1682.1724698019386
260096,3376.1629857380562,2503.5033903487615,304451.0,0.0,304.451,65986.0,146.5,5701.5,659.86,-872.6595953892947
260097,3172.735356570683,2420.959563016037,1897.0,0.0,1.897,7199.333333333333,70.66666666666667,868.6666666666666,71.99333333333333,-751.775793554646
260102,7577.799103451835,5128.118369410488,578958.0,0.0,578.958,13097.5,62.5,7468.0,130.975,-2449.680734041347
260104,1807.1647262640954,2332.7741941466875,772246.0,0.0,772.246,54956.666666666664,240.33333333333334,17831.0,549.5666666666666,525.6094678825921
260105,2160.2224145465493,1435.6589646704301,4541641.0,0.0,4541.641,53224.0,124.5,14719.5,532.24,-724.5634498761192
260108,3431.038740691813,3441.0940608723613,-34098.0,1.0,-34.098,67538.33333333333,271.3333333333333,2415.6666666666665,675.3833333333333,10.055320180548279
260110,4187.526408255914,2493.1826296525155,492678.0,0.0,492.678,28668.333333333332,120.0,6511.666666666667,286.68333333333334,-1694.3437786033987
260113,802.6246755087047,938.2488429364029,-601644.0,1.0,-601.644,13124.666666666666,110.66666666666667,4591.666666666667,131.24666666666667,135.62416742769813
260119,221.4061101711404,717.8922028022303,36603.0,0.0,36.603,30879.0,248.66666666666666,14287.666666666666,308.79,496.48609263108983
260138,2270.7205561223973,3517.077456949612,1015154.0,0.0,1015.154,55633.0,216.33333333333334,13608.333333333334,556.33,1246.3569008272148
260141,4774.718831656164,6756.91462851687,1155363.0,0.0,1155.363,63302.5,167.0,18089.5,633.025,1982.1957968607057
260142,2834.7936895815574,2539.025810638613,686364.0,0.0,686.364,5319.0,35.0,478.5,53.19,-295.7678789429442
260147,411.77464381591864,318.01103420384874,420101.0,0.0,420.101,1628.0,38.5,148.5,16.28,-93.7636096120699
260160,948.2016782447907,800.5450650809888,-92541.0,1.0,-92.541,1965.0,36.5,229.5,19.65,-147.65661316380192
260162,2900.7062412277282,2274.56158717221,-10598.0,1.0,-10.598,7226.333333333333,58.666666666666664,298.0,72.26333333333334,-626.1446540555185
260163,1359.69178064,920.817646000394,-349440.0,1.0,-349.44,8537.333333333334,69.33333333333333,1223.3333333333333,85.37333333333333,-438.8741346396059
260176,834.5122105215451,527.643344456754,-227545.0,1.0,-227.545,26647.0,79.0,1944.5,266.47,-306.86886606479106
260177,7013.083664451107,1763.6928656810035,-4657.0,1.0,-4.657,41890.0,124.5,3523.5,418.9,-5249.390798770104
260179,2130.5440238588963,2842.9487987975103,93743.0,0.0,93.743,58737.5,212.0,989.5,587.375,712.4047749386141
260180,986.5956935758111,735.7221989308218,11081.0,0.0,11.081,50172.0,256.0,11611.333333333334,501.72,-250.87349464498925
260183,4128.538098713682,2192.394199661657,424429.0,0.0,424.429,42927.5,105.0,9734.0,429.275,-1936.1438990520255
260186,4171.686337278708,2850.6704295772256,69717.0,0.0,69.717,18266.0,56.0,1613.0,182.66,-1321.0159077014828
260190,2093.1404976492736,1747.8285710884932,0.0,0.0,0.0,8555.0,46.0,359.6666666666667,85.55,-345.3119265607804
260191,4077.0458079825503,2360.090722421465,41634.0,0.0,41.634,18320.666666666668,75.33333333333333,1032.6666666666667,183.20666666666668,-1716.955085561085
260193,1601.998030955986,1695.2362258008711,9316.0,0.0,9.316,14692.0,64.0,877.0,146.92,93.23819484488513
260195,5190.669487195086,5036.521780820745,68751.0,0.0,68.751,7127.5,36.0,1247.0,71.275,-154.1477063743405
260200,2939.988761514956,3729.3690185579226,225516.0,0.0,225.516,18425.333333333332,84.66666666666667,1789.6666666666667,184.25333333333333,789.3802570429666
260207,2918.4710596771893,2038.8877304106766,22388.0,0.0,22.388,2780.6666666666665,33.333333333333336,614.3333333333334,27.806666666666665,-879.5833292665127
260209,1533.1684426164359,2619.993371787295,-16574.0,1.0,-16.574,1609.0,29.0,208.5,16.09,1086.8249291708591
260210,1855.4340602775042,1129.8192732673613,409468.0,0.0,409.468,20113.333333333332,84.33333333333333,9521.666666666666,201.13333333333333,-725.6147870101429
260214,470.39735131529227,588.9156917123862,33854.0,0.0,33.854,3366.6666666666665,54.0,275.6666666666667,33.666666666666664,118.51834039709394
260216,2920.2588022850496,2917.626416641263,673988.0,0.0,673.988,16422.666666666668,62.0,1449.6666666666667,164.2266666666667,-2.6323856437866198
260219,2690.8554807505834,2449.298256911872,-4132.0,1.0,-4.132,5614.0,58.0,382.3333333333333,56.14,-241.55722383871125
270003,2995.7384587260085,8889.96456087197,-1694.0,1.0,-1.694,13940.0,60.0,2212.5,139.4,5894.226102145961
270004,10314.913194641722,10542.72056663638,-83617.0,1.0,-83.617,44412.5,121.5,9057.5,444.125,227.80737199465875
270012,3861.7280026247654,3527.282775976911,87612.0,0.0,87.612,32175.666666666668,170.33333333333334,8755.666666666666,321.75666666666666,-334.44522664785427
270014,1634.3072391128082,1929.797053319104,-507.0,1.0,-0.507,20288.666666666668,92.66666666666667,2597.3333333333335,202.88666666666668,295.4898142062957
270017,2965.0605303734383,5245.363754761256,-3388289.0,1.0,-3388.289,9712.0,59.333333333333336,2595.3333333333335,97.12,2280.303224387818
270023,2008.8894731807366,1732.624036377839,-843849.0,1.0,-843.849,14057.5,62.5,6133.0,140.575,-276.2654368028975
270032,1942.6696015688847,1594.0344741431873,34738.0,0.0,34.738,4296.5,36.5,1512.5,42.965,-348.6351274256974
270049,5602.3706369622605,5412.030126098316,379444.0,0.0,379.444,28023.333333333332,125.33333333333333,9993.333333333334,280.23333333333335,-190.34051086394447
270057,7595.066778045685,8258.686778764653,0.0,0.0,0.0,10557.0,55.333333333333336,1377.0,105.57,663.6200007189682
270086,540.9780570658445,4859.519931712903,0.0,0.0,0.0,682.0,23.333333333333332,49.0,6.82,4318.541874647059
280003,2766.900277234239,2977.168823055843,-1017172.0,1.0,-1017.172,58948.0,213.0,7107.0,589.48,210.26854582160377
280009,3522.4058277550034,3075.3287377938614,-274755.0,1.0,-274.755,30149.0,92.5,6965.5,301.49,-447.07708996114206
280013,1891.912747870927,1511.6046795467737,1725609.0,0.0,1725.609,87763.0,221.0,27160.5,877.63,-380.3080683241533
280020,767.694769764497,709.3286869073588,181535.0,0.0,181.535,42913.0,108.0,7585.5,429.13,-58.36608285713817
280023,1332.8888155146412,3794.221463240302,-112592.0,1.0,-112.592,18825.5,75.5,4371.0,188.255,2461.3326477256605
280032,3562.2211228156593,3986.5299979869396,-258464.0,1.0,-258.464,10831.333333333334,67.33333333333333,2005.0,108.31333333333333,424.3088751712803
280040,4886.586293552756,5914.643235149176,-71881.0,1.0,-71.881,50711.333333333336,212.33333333333334,6763.0,507.11333333333334,1028.05694159642
280060,2866.5295159326506,1146.5963058022173,88137.0,0.0,88.137,59571.0,124.5,19386.5,595.71,-1719.9332101304333
280061,4470.878381233113,3372.703393094337,9318.0,0.0,9.318,14543.333333333334,78.66666666666667,4898.333333333333,145.43333333333334,-1098.174988138776
280065,7539.468852769616,9274.409354091043,71518.0,0.0,71.518,9770.666666666666,53.333333333333336,2219.6666666666665,97.70666666666666,1734.9405013214273
280077,3258.641200028503,2261.2418642388657,205838.0,0.0,205.838,10754.0,57.0,2002.5,107.54,-997.3993357896375
280081,991.9117818308113,2203.2641508808947,-333256.0,1.0,-333.256,29273.0,100.0,13235.0,292.73,1211.3523690500833
280105,633.8983945025604,523.0470658247718,101.0,0.0,0.101,6083.0,44.0,771.0,60.83,-110.85132867778862
280111,2712.5251913159786,5668.185989899198,-32086.0,1.0,-32.086,6653.0,36.0,1019.0,66.53,2955.6607985832193
280125,3578.898697655314,2625.678509063932,-66429.0,1.0,-66.429,14374.0,75.33333333333333,2848.0,143.74,-953.2201885913823
280127,3935.0189240066898,6296.4264285532745,0.0,0.0,0.0,1146.3333333333333,22.333333333333332,14.333333333333334,11.463333333333333,2361.4075045465847
280128,2370.733777872791,3199.830269885332,-38208.0,1.0,-38.208,5662.666666666667,46.0,131.0,56.62666666666667,829.0964920125411
280129,10314.913194641722,11133.528764616662,12492.0,0.0,12.492,2432.6666666666665,26.0,53.0,24.326666666666664,818.6155699749397
280131,1305.5141005997468,1194.5737550811295,0.0,0.0,0.0,1023.6666666666666,22.666666666666668,47.0,10.236666666666666,-110.94034551861728
280133,562.8377898717096,1602.629919407879,0.0,0.0,0.0,1322.0,32.0,21.5,13.22,1039.7921295361693
290001,2418.9453866036115,1191.9386313047585,1511687.0,0.0,1511.687,96034.0,210.5,26597.0,960.34,-1227.006755298853
290006,3093.6785321855664,1998.5316328465879,-7735422.0,1.0,-7735.422,4847.333333333333,36.666666666666664,1024.6666666666667,48.47333333333333,-1095.1468993389785
290008,1975.424024494136,2131.6548021328485,462.0,0.0,0.462,4800.0,49.0,924.5,48.0,156.23077763871265
290009,658.8851089874149,1859.5398370925302,-137902.0,1.0,-137.902,36302.0,146.5,5992.0,363.02,1200.6547281051153
290012,221.4061101711404,475.2536879216777,-142172.0,1.0,-142.172,18234.5,56.0,3344.5,182.345,253.84757775053728
290019,2570.486616570281,2424.6792036161137,105219.0,0.0,105.219,23709.666666666668,91.33333333333333,4034.3333333333335,237.0966666666667,-145.80741295416738
290020,1873.570762477826,1662.8912260407985,59711.0,0.0,59.711,311.6666666666667,16.666666666666668,13.666666666666666,3.1166666666666667,-210.67953643702754
290032,221.4061101711404,770.2675049807946,6828.0,0.0,6.828,7717.333333333333,50.0,903.0,77.17333333333333,548.8613948096541
290039,283.41212047731733,256.4664340435436,794503.0,0.0,794.503,46167.333333333336,136.0,5298.0,461.67333333333335,-26.945686433773744
290041,676.1410162768586,1254.0751756077975,-118415.0,1.0,-118.415,40979.0,177.66666666666666,11414.333333333334,409.79,577.9341593309389
290042,7305.090614590001,4655.201834922892,10929.0,0.0,10.929,20746.0,73.0,,207.46,-2649.888779667109
290045,2341.4485995441146,329.83401430140543,-168155.0,1.0,-168.155,49349.0,104.0,6057.0,493.49,-2011.6145852427092
290046,1776.419866966125,6595.359421876787,904616.0,0.0,904.616,29624.333333333332,115.0,7078.0,296.24333333333334,4818.939554910661
290049,1997.3980056566045,1544.1444082392015,39286.0,0.0,39.286,6965.0,49.0,575.0,69.65,-453.25359741740294
290051,1735.784341829499,3507.024720230357,2323.0,0.0,2.323,1389.3333333333333,20.0,26.333333333333332,13.893333333333333,1771.2403784008582
290053,583.701339372299,323.9101081140603,-336073.0,1.0,-336.073,22671.0,73.5,1942.0,226.71,-259.7912312582387
290054,992.7434823908333,736.0196476823622,1311495.0,0.0,1311.495,19091.666666666668,97.33333333333333,4095.0,190.91666666666669,-256.72383470847103
300001,10314.913194641722,11133.528764616662,154753.0,0.0,154.753,33977.0,124.66666666666667,5113.333333333333,339.77,818.6155699749397
300003,10314.913194641722,11133.528764616662,1596404.0,0.0,1596.404,66129.0,187.66666666666666,10809.0,661.29,818.6155699749397
300005,4803.001721037734,11133.528764616662,-713265.0,1.0,-713.265,16497.666666666668,72.66666666666667,2074.3333333333335,164.9766666666667,6330.527043578928
300011,2734.57596547881,1778.4352565358406,-86249.0,1.0,-86.249,16210.666666666666,110.66666666666667,1381.3333333333333,162.10666666666665,-956.1407089429692
300012,10314.913194641722,9755.912528721805,6590.0,0.0,6.59,35404.5,106.0,8778.0,354.045,-559.0006659199171
300014,8432.409359929978,6916.7340952670265,-40424.0,1.0,-40.424,8973.333333333334,45.666666666666664,2221.0,89.73333333333333,-1515.6752646629511
300017,2466.4209674541016,2061.024377646428,0.0,0.0,0.0,8862.0,52.0,930.0,88.62,-405.39658980767354
300018,10314.913194641722,10307.749974300206,11462.0,0.0,11.462,19557.333333333332,78.66666666666667,2751.6666666666665,195.57333333333332,-7.1632203415156255
300019,5009.068336000408,3761.253752046863,210162.0,0.0,210.162,10953.666666666666,62.0,1655.6666666666667,109.53666666666666,-1247.8145839535446
300020,5350.458062716502,4314.208685568355,-4153.0,1.0,-4.153,19389.333333333332,105.66666666666667,5048.666666666667,193.89333333333332,-1036.2493771481477
300023,9952.06934041373,7835.429138634281,823527.0,0.0,823.527,16553.666666666668,63.333333333333336,2034.6666666666667,165.5366666666667,-2116.640201779448
300034,4693.0916055002735,4476.551216295979,-11884.0,1.0,-11.884,31204.5,107.0,4637.0,312.045,-216.54038920429412
310001,9265.199036657137,11133.528764616662,3550302.0,0.0,3550.302,125608.66666666667,400.3333333333333,9428.666666666666,1256.0866666666668,1868.3297279595245
310002,3442.4998018875044,2703.145779554884,-230954.0,1.0,-230.954,75414.33333333333,136.0,20049.333333333332,754.1433333333333,-739.3540223326204
310005,4217.208070734721,4138.230836195988,-34834.0,1.0,-34.834,23886.666666666668,115.33333333333333,1064.6666666666667,238.86666666666667,-78.97723453873368
310008,1226.5685190741485,1741.7709408548328,2089631.0,0.0,2089.631,51010.333333333336,186.66666666666666,1087.6666666666667,510.10333333333335,515.2024217806843
310009,1377.1040232062091,1165.3295486588281,236855.0,0.0,236.855,52347.333333333336,184.66666666666666,6028.0,523.4733333333334,-211.77447454738103
310010,6774.396880428451,4404.51729330699,-596430.0,1.0,-596.43,37461.0,134.0,2516.6666666666665,374.61,-2369.8795871214616
310012,8800.319055254547,5950.433592640789,557777.0,0.0,557.777,92883.0,269.3333333333333,1111.3333333333333,928.83,-2849.885462613758
310014,1818.6936007966603,2452.1065226653905,2066219.0,0.0,2066.219,64165.333333333336,271.0,15153.333333333334,641.6533333333333,633.4129218687301
310015,8622.80554798529,10001.204065346708,960183.0,0.0,960.183,101471.33333333333,294.6666666666667,3474.6666666666665,1014.7133333333333,1378.3985173614183
310017,828.5823228424657,477.1818597741619,-7865.0,1.0,-7.865,34086.666666666664,166.0,1059.0,340.8666666666666,-351.4004630683038
310019,1146.640424656774,1677.7109682158277,-3800185.0,1.0,-3800.185,97058.33333333333,336.6666666666667,19735.0,970.5833333333333,531.0705435590537
310021,290.4488192896606,574.2851766394112,-387803.0,1.0,-387.803,21770.333333333332,113.33333333333333,2516.0,217.70333333333332,283.83635734975064
310022,2909.292786688972,1917.18791794207,140469.0,0.0,140.469,103116.33333333333,310.0,5232.333333333333,1031.1633333333332,-992.1048687469017
310024,221.4061101711404,256.4664340435436,-2696.0,1.0,-2.696,25102.666666666668,93.33333333333333,1193.0,251.02666666666667,35.06032387240319
310025,221.4061101711404,256.4664340435436,-51370.0,1.0,-51.37,20658.666666666668,158.0,902.0,206.58666666666667,35.06032387240319
310027,1393.8067915290117,1238.3767647646544,1041502.0,0.0,1041.502,40993.0,161.33333333333334,11464.0,409.93,-155.4300267643573
310028,240.2282993599528,297.331934823576,-112133.0,1.0,-112.133,19972.666666666668,90.0,795.3333333333334,199.7266666666667,57.103635463623164
310031,338.9464871058795,1038.4990932454618,-105598.0,1.0,-105.598,12341.666666666666,53.333333333333336,397.3333333333333,123.41666666666666,699.5526061395824
310032,1125.8238400522478,1783.2531145833564,234175.0,0.0,234.175,48260.0,175.33333333333334,8314.666666666666,482.6,657.4292745311086
310034,1831.4830905886286,1107.135665970224,3967.0,0.0,3.967,37643.666666666664,136.0,1702.0,376.43666666666667,-724.3474246184046
310038,3328.951547057787,4366.663580073952,4008608.0,0.0,4008.608,110468.33333333333,344.0,14122.666666666666,1104.6833333333334,1037.7120330161652
310039,221.4061101711404,421.4783367385408,65124.0,0.0,65.124,49967.333333333336,205.0,3979.3333333333335,499.67333333333335,200.0722265674004
310040,717.8876525400885,1432.1720513941734,45315.0,0.0,45.315,20279.666666666668,123.0,5116.333333333333,202.79666666666668,714.2843988540849
310041,336.9917725272293,540.2034422516972,46940.0,0.0,46.94,105828.66666666667,230.66666666666666,2643.0,1058.2866666666666,203.21166972446792
310044,1126.101881065422,1903.2713382591771,-2909561.0,1.0,-2909.561,25251.0,138.33333333333334,5908.0,252.51,777.1694571937551
310045,838.4725873437984,882.2982410429485,-557425.0,1.0,-557.425,54276.0,200.0,4873.666666666667,542.76,43.82565369915005
310048,799.4475557640909,863.598503518944,-225634.0,1.0,-225.634,50316.666666666664,162.66666666666666,2010.0,503.16666666666663,64.15094775485306
310050,221.4061101711404,1050.74539085686,251533.0,0.0,251.533,45448.333333333336,200.0,4399.666666666667,454.48333333333335,829.3392806857196
310052,574.6377593887211,580.5182161933463,70757.0,0.0,70.757,52484.0,153.33333333333334,1715.6666666666667,524.84,5.8804568046252825
310054,1423.9130220327074,1138.4340895970197,-3147677.0,1.0,-3147.677,31260.0,123.33333333333333,905.0,312.6,-285.47893243568774
310057,2250.750209512908,1104.0295682324672,2180788.0,0.0,2180.788,54168.333333333336,189.33333333333334,3325.3333333333335,541.6833333333334,-1146.7206412804408
310058,3608.3833740283126,7786.010508259236,-2659.0,1.0,-2.659,12280.333333333334,74.0,915.0,122.80333333333334,4177.627134230924
310060,221.4061101711404,287.08612786593034,-194710.0,1.0,-194.71,19091.666666666668,85.0,666.3333333333334,190.91666666666669,65.68001769478994
310061,325.5040636445811,900.354039337927,307797.0,0.0,307.797,17212.0,106.66666666666667,2239.3333333333335,172.12,574.8499756933459
310064,1870.1086689323843,1276.642471796246,33567.0,0.0,33.567,91333.33333333333,309.6666666666667,11132.333333333334,913.3333333333333,-593.4661971361384
310069,372.90922585195847,454.02757240401604,288397.0,0.0,288.397,11487.333333333334,64.0,226.33333333333334,114.87333333333333,81.11834655205757
310070,2205.221049832033,1443.0404249398337,1127545.0,0.0,1127.545,58200.0,218.66666666666666,9116.666666666666,582.0,-762.1806248921991
310073,1708.7191833078289,1297.582884803508,-324025.0,1.0,-324.025,87241.0,288.0,7247.666666666667,872.41,-411.13629850432085
310074,221.4061101711404,3750.2677528112345,517488.0,0.0,517.488,36276.666666666664,142.66666666666666,8969.0,362.76666666666665,3528.861642640094
310075,2769.3672056696882,2682.1778484614583,178457.0,0.0,178.457,40845.333333333336,159.33333333333334,9095.0,408.4533333333334,-87.18935720822992
310076,2373.3348994699513,2548.6058349666887,-39512.0,1.0,-39.512,93888.66666666667,326.6666666666667,5930.666666666667,938.8866666666668,175.27093549673737
310081,443.83260378616967,447.2700346655278,-313359.0,1.0,-313.359,35895.666666666664,146.66666666666666,1400.6666666666667,358.95666666666665,3.4374308793581463
310084,445.97978417149125,256.4664340435436,657789.0,0.0,657.789,40834.333333333336,191.66666666666666,6826.666666666667,408.34333333333336,-189.51335012794766
310086,787.6886051183499,744.466547011422,197822.0,0.0,197.822,81120.66666666667,291.0,10336.333333333334,811.2066666666667,-43.222058106927875
310092,1512.3875297258617,858.4498539895293,1889598.0,0.0,1889.598,29659.333333333332,103.33333333333333,3738.6666666666665,296.5933333333333,-653.9376757363324
310096,729.0681047100738,3106.3594369550815,-1288407.0,1.0,-1288.407,42005.333333333336,173.0,7914.666666666667,420.05333333333334,2377.2913322450077
310108,3595.1170660238017,2584.201195615698,538696.0,0.0,538.696,66724.0,216.0,3045.3333333333335,667.24,-1010.9158704081037
310111,1743.085123602372,1628.746313859438,-251285.0,1.0,-251.285,41879.333333333336,155.0,2752.0,418.79333333333335,-114.33880974293402
310112,1036.5580445000603,681.8064817786297,136767.0,0.0,136.767,24616.333333333332,89.66666666666667,600.0,246.16333333333333,-354.75156272143056
310113,2425.8415446583267,1382.811906269179,118173.0,0.0,118.173,20420.666666666668,96.0,659.6666666666666,204.20666666666668,-1043.0296383891477
310115,841.9145562241405,670.1791392361849,-189222.0,1.0,-189.222,14501.666666666666,58.0,488.3333333333333,145.01666666666665,-171.73541698795555
310118,221.4061101711404,379.77937255218285,-101171.0,1.0,-101.171,14654.666666666666,134.0,1654.6666666666667,146.54666666666665,158.37326238104245
310119,3869.5680993927444,6962.636415963097,1535506.0,0.0,1535.506,59536.0,165.5,24784.5,595.36,3093.068316570352
320001,10314.913194641722,11133.528764616662,-556245.0,1.0,-556.245,85389.5,182.5,25741.5,853.895,818.6155699749397
320002,3530.9398921347824,6632.237618169699,-9201.0,1.0,-9.201,30979.0,89.0,3967.5,309.79,3101.2977260349166
320003,248.6508185235917,860.4208739767355,-717984.0,1.0,-717.984,5418.5,34.0,1887.0,54.185,611.7700554531438
320004,2283.327589281334,1744.5480139845338,0.0,0.0,0.0,12035.5,58.5,543.5,120.355,-538.7795752968002
320005,1894.1674944163792,4675.075351632827,286897.0,0.0,286.897,31302.0,107.5,3866.5,313.02,2780.9078572164476
320006,900.1518350776647,547.0183114275779,-192157.0,1.0,-192.157,16092.0,86.0,5139.0,160.92,-353.1335236500868
320011,1719.744163527221,1947.675967239003,130329.0,0.0,130.329,4543.666666666667,49.333333333333336,523.6666666666666,45.43666666666667,227.9318037117821
320013,3193.4257469060303,2109.72066556649,11885.0,0.0,11.885,6218.0,34.5,370.5,62.18,-1083.7050813395404
320016,4200.275929809149,2450.9761736731098,-220843.0,1.0,-220.843,6526.0,41.0,198.5,65.26,-1749.299756136039
320017,1872.8116270819944,1360.4177555187696,-54823.0,1.0,-54.823,16717.0,60.0,3364.0,167.17,-512.3938715632248
320018,1506.1597865380706,798.3890860300374,243491.0,0.0,243.491,29552.0,184.66666666666666,4338.333333333333,295.52,-707.7707005080332
320021,7172.1851145858245,6965.1718557395225,2393271.0,0.0,2393.271,78553.66666666667,330.0,11582.333333333334,785.5366666666667,-207.01325884630205
320022,1880.380728115222,1482.8662690474948,362477.0,0.0,362.477,10468.333333333334,75.33333333333333,709.3333333333334,104.68333333333334,-397.5144590677271
320030,1454.5255338748977,1819.8510687739054,5736.0,0.0,5.736,2452.5,32.0,14.0,24.525,365.3255348990076
320033,2484.554298691072,1780.9763120520947,117006.0,0.0,117.006,2090.3333333333335,37.333333333333336,161.0,20.903333333333336,-703.5779866389771
320038,3081.0051984041706,1537.4375214411948,235929.0,0.0,235.929,6140.0,41.0,1346.0,61.4,-1543.5676769629758
320063,1448.1749430684756,1154.2996913444742,-107166.0,1.0,-107.166,9074.0,47.0,1673.0,90.74,-293.8752517240014
320065,561.1278683268678,798.9361881796173,101211.0,0.0,101.211,6450.0,94.0,3916.3333333333335,64.5,237.8083198527495
320067,1604.6778107068264,1896.5845062093827,166117.0,0.0,166.117,428.5,20.0,9.5,4.285,291.9066955025562
320084,1912.9156925742302,2276.4434715797975,-24231.0,1.0,-24.231,2324.5,26.0,20.0,23.245,363.52777900556725
330003,1165.4728046096366,1041.2089402036745,69862.0,0.0,69.862,15181.333333333334,106.0,772.6666666666666,151.81333333333333,-124.26386440596207
330004,2053.3425147616126,1536.1644499489191,116550.0,0.0,116.55,28239.666666666668,96.66666666666667,2988.0,282.3966666666667,-517.1780648126935
330005,10314.913194641722,7936.946992086384,5390752.0,0.0,5390.752,146340.66666666666,536.6666666666666,25490.0,1463.4066666666665,-2377.966202555338
330006,10314.913194641722,11133.528764616662,995408.0,0.0,995.408,26442.666666666668,87.0,6363.666666666667,264.4266666666667,818.6155699749397
330008,2711.1901389240325,4449.301990138833,-128122.0,1.0,-128.122,6318.0,65.33333333333333,752.0,63.18,1738.111851214801
330009,10314.913194641722,11133.528764616662,917721.0,0.0,917.721,62048.0,276.0,54782.666666666664,620.48,818.6155699749397
330011,10314.913194641722,11133.528764616662,511798.0,0.0,511.798,26927.0,102.0,2584.0,269.27,818.6155699749397
330013,6326.688391518416,6901.582624695494,443314.0,0.0,443.314,92430.0,310.6666666666667,21708.0,924.3,574.8942331770777
330014,10314.913194641722,11133.528764616662,67643.0,0.0,67.643,47688.0,196.66666666666666,22187.333333333332,476.88,818.6155699749397
330019,10314.913194641722,2508.376653462501,1314332.0,0.0,1314.332,34514.666666666664,94.66666666666667,1982.3333333333333,345.14666666666665,-7806.536541179221
330023,529.6262231665023,4447.812289082045,408432.0,0.0,408.432,65080.666666666664,210.66666666666666,6136.666666666667,650.8066666666666,3918.1860659155427
330024,10314.913194641722,11133.528764616662,18814395.0,0.0,18814.395,178886.66666666666,611.3333333333334,36711.0,1788.8666666666666,818.6155699749397
330027,6817.087462260892,4585.19177764539,2505001.0,0.0,2505.001,44422.0,206.66666666666666,32101.666666666668,444.22,-2231.8956846155015
330028,3419.0900711534064,3671.5590695943188,1247317.0,0.0,1247.317,42157.333333333336,194.33333333333334,18254.333333333332,421.5733333333334,252.4689984409124
330030,2242.232335659481,1116.4147263643079,-318518.0,1.0,-318.518,9782.666666666666,74.0,1452.6666666666667,97.82666666666665,-1125.8176092951733
330033,2776.893940438471,1918.4321980527927,24323.0,0.0,24.323,6412.0,45.333333333333336,1429.0,64.12,-858.4617423856782
330043,8259.222794434427,11133.528764616662,-110917.0,1.0,-110.917,41489.666666666664,164.0,6131.333333333333,414.89666666666665,2874.305970182235
330044,10314.913194641722,6464.999094298293,2036806.0,0.0,2036.806,51548.666666666664,195.33333333333334,4526.333333333333,515.4866666666667,-3849.914100343429
330046,9417.304677065607,5513.349299716513,-1746561.0,1.0,-1746.561,107291.33333333333,429.0,39674.0,1072.9133333333332,-3903.9553773490943
330047,1874.1720844538547,3321.154407360841,-63885.0,1.0,-63.885,17085.0,90.0,3520.0,170.85,1446.9823229069864
330049,5158.823445788722,7858.276483663099,-93278.0,1.0,-93.278,9250.666666666666,44.0,428.6666666666667,92.50666666666666,2699.4530378743766
330055,10314.913194641722,11133.528764616662,5926870.0,0.0,5926.87,104062.0,308.6666666666667,13726.666666666666,1040.62,818.6155699749397
330056,10314.913194641722,6587.33235912017,2322193.0,0.0,2322.193,49633.333333333336,184.0,18216.666666666668,496.33333333333337,-3727.580835521552
330057,6008.277970687377,3626.5298147380545,-131806.0,1.0,-131.806,70867.33333333333,262.0,7156.0,708.6733333333333,-2381.7481559493226
330058,3141.9690013533414,2599.0708880400803,-90566.0,1.0,-90.566,11281.666666666666,81.33333333333333,885.0,112.81666666666666,-542.8981133132611
330059,10314.913194641722,11133.528764616662,12000665.0,0.0,12000.665,237333.66666666666,827.3333333333334,81774.66666666667,2373.3366666666666,818.6155699749397
330061,1911.7191123724401,1706.741404184649,1082086.0,0.0,1082.086,35682.333333333336,188.0,1566.0,356.8233333333334,-204.97770818779122
330065,4689.057818515722,3187.3546688338856,251895.0,0.0,251.895,19656.0,107.33333333333333,5150.0,196.56,-1501.7031496818363
330067,221.4061101711404,478.2413092480189,891521.0,0.0,891.521,24993.0,183.33333333333334,11264.0,249.93,256.83519907687855
330073,2488.6526744785638,1685.2676088397122,-16802.0,1.0,-16.802,15278.333333333334,90.66666666666667,4331.666666666667,152.78333333333333,-803.3850656388515
330074,3738.0603924014604,4429.544616359001,-37616.0,1.0,-37.616,10991.666666666666,80.66666666666667,1156.6666666666667,109.91666666666666,691.484223957541
330078,4921.114210517937,3942.673241801014,452683.0,0.0,452.683,45873.666666666664,238.0,5286.666666666667,458.7366666666666,-978.4409687169232
330079,3675.9650400339874,3056.8606287671546,-101105.0,1.0,-101.105,8162.666666666667,61.333333333333336,1081.3333333333333,81.62666666666667,-619.1044112668328
330080,10314.913194641722,9541.020998581356,-3733667.0,1.0,-3733.667,49187.0,137.0,24588.0,491.87,-773.8921960603657
330084,3225.552857912521,2334.7313070810073,234717.0,0.0,234.717,8289.666666666666,56.666666666666664,1986.6666666666667,82.89666666666666,-890.8215508315138
330085,3169.314043198377,5898.607754814296,459792.0,0.0,459.792,11649.333333333334,71.33333333333333,1522.0,116.49333333333334,2729.2937116159187
330086,2535.7634668303936,4488.48085868105,692702.0,0.0,692.702,11358.333333333334,77.33333333333333,1798.6666666666667,113.58333333333334,1952.717391850657
330088,1348.440797372708,1420.2739813611847,-158866.0,1.0,-158.866,8295.666666666666,50.666666666666664,5354.333333333333,82.95666666666666,71.83318398847678
330090,2279.3526870725423,1392.2445594349822,110641.0,0.0,110.641,34012.0,118.66666666666667,9557.0,340.12,-887.1081276375601
330094,1893.6132890242664,2315.869750315809,-350918.0,1.0,-350.918,17493.333333333332,74.0,1483.0,174.9333333333333,422.2564612915428
330096,1343.4330393616435,1191.144469902912,-44724.0,1.0,-44.724,5237.333333333333,52.666666666666664,718.6666666666666,52.37333333333333,-152.28856945873144
330100,7779.769357600991,8273.209666943525,275958.0,0.0,275.958,949.6666666666666,31.333333333333332,197.66666666666666,9.496666666666666,493.4403093425344
330101,10314.913194641722,11133.528764616662,14128590.0,0.0,14128.59,323225.0,992.3333333333334,75396.0,3232.25,818.6155699749397
330102,4451.979974930328,4577.771741400961,-27031.0,1.0,-27.031,18683.666666666668,108.66666666666667,869.3333333333334,186.83666666666667,125.79176647063287
330103,2876.48723850564,2523.8278312409802,-196393.0,1.0,-196.393,21914.0,100.66666666666667,1177.6666666666667,219.14,-352.6594072646599
330106,10314.913194641722,11133.528764616662,3921522.0,0.0,3921.522,172148.33333333334,429.6666666666667,13785.333333333334,1721.4833333333333,818.6155699749397
330107,3950.398213976321,3472.4658503996325,272780.0,0.0,272.78,21810.0,76.0,1648.3333333333333,218.1,-477.93236357668866
330108,833.371433755005,2498.7180658597313,64759.0,0.0,64.759,15394.0,66.0,5220.0,153.94,1665.3466321047263
330111,2871.5415064649314,4179.337114561671,-1261.0,1.0,-1.261,2125.6666666666665,24.0,115.0,21.256666666666664,1307.7956080967397
330115,2134.340154078606,1901.4529617365422,-107615.0,1.0,-107.615,8442.333333333334,73.33333333333333,1510.6666666666667,84.42333333333335,-232.8871923420636
330119,4072.4704809420164,7659.382129177778,-214520.0,1.0,-214.52,78781.33333333333,271.6666666666667,5779.333333333333,787.8133333333333,3586.9116482357613
330125,10314.913194641722,6724.89093148932,-50432.0,1.0,-50.432,92621.66666666667,291.3333333333333,8945.0,926.2166666666667,-3590.022263152402
330126,2319.762703832792,3456.621921481356,-284350.0,1.0,-284.35,60274.666666666664,242.66666666666666,4684.0,602.7466666666667,1136.859217648564
330127,10314.913194641722,9382.768417776659,1383731.0,0.0,1383.731,58830.0,139.5,31845.0,588.3,-932.1447768650632
330128,10314.913194641722,11133.528764616662,-4238870.0,1.0,-4238.87,62723.5,160.5,27804.0,627.235,818.6155699749397
330132,2054.6740469397228,1312.7522572752277,-355477.0,1.0,-355.477,4741.333333333333,77.33333333333333,1291.6666666666667,47.41333333333333,-741.921789664495
330135,387.4671927584468,642.579173148616,-136596.0,1.0,-136.596,13772.666666666666,91.0,3239.6666666666665,137.72666666666666,255.11198039016915
330136,10314.913194641722,11133.528764616662,-71620.0,1.0,-71.62,28194.333333333332,94.0,3436.0,281.9433333333333,818.6155699749397
330140,10314.913194641722,11133.528764616662,-1189678.0,1.0,-1189.678,83274.33333333333,256.3333333333333,8783.666666666666,832.7433333333333,818.6155699749397
330141,10314.913194641722,11133.528764616662,466638.0,0.0,466.638,57766.666666666664,168.0,5131.0,577.6666666666666,818.6155699749397
330144,1496.3740875196074,3381.6261234732083,56238.0,0.0,56.238,2416.3333333333335,33.333333333333336,483.6666666666667,24.163333333333334,1885.2520359536009
330151,1056.1404499991916,696.8510604229017,198405.0,0.0,198.405,6814.333333333333,90.0,4635.0,68.14333333333333,-359.28938957628986
330153,4688.964279623336,5391.867836229919,-448165.0,1.0,-448.165,54989.0,189.66666666666666,6753.333333333333,549.89,702.9035566065832
330157,4493.45981960959,5997.952224218294,-99710.0,1.0,-99.71,27093.666666666668,159.33333333333334,5583.0,270.93666666666667,1504.4924046087035
330158,806.4412802800496,1272.2348261142902,-304845.0,1.0,-304.845,45046.666666666664,211.33333333333334,7665.666666666667,450.46666666666664,465.7935458342406
330160,5732.671087740843,6917.93608554145,8608517.0,0.0,8608.517,96331.66666666667,299.3333333333333,21626.666666666668,963.3166666666667,1185.2649978006066
330162,7762.819028990086,2302.7201931650725,-59416.0,1.0,-59.416,27150.333333333332,98.0,3316.0,271.50333333333333,-5460.098835825013
330163,2420.5014720633485,1223.1494168018812,-91750.0,1.0,-91.75,20491.666666666668,110.66666666666667,3501.0,204.91666666666669,-1197.3520552614673
330164,10314.913194641722,11133.528764616662,2951511.0,0.0,2951.511,39472.0,160.33333333333334,4756.666666666667,394.72,818.6155699749397
330166,6167.609683954996,3629.240107899952,10546.0,0.0,10.546,293.3333333333333,12.666666666666666,19.333333333333332,2.933333333333333,-2538.3695760550445
330167,10314.913194641722,11133.528764616662,944549.0,0.0,944.549,105002.33333333333,294.6666666666667,8336.666666666666,1050.0233333333333,818.6155699749397
330169,1740.9554148572452,670.4690522937416,3738569.0,0.0,3738.569,150078.0,538.3333333333334,43985.333333333336,1500.78,-1070.4863625635035
330175,9646.90582629244,3803.4253739525507,16883.0,0.0,16.883,21790.0,79.33333333333333,9921.0,217.9,-5843.480452339891
330180,1946.9807476850924,2348.2886823907793,509968.0,0.0,509.968,18333.666666666668,118.66666666666667,1236.3333333333333,183.33666666666667,401.3079347056869
330181,2085.767889167887,2097.9909257435993,17965.0,0.0,17.965,28044.0,126.0,1215.3333333333333,280.44,12.223036575712285
330182,10314.913194641722,5293.697063450715,166425.0,0.0,166.425,78803.0,169.0,1342.3333333333333,788.03,-5021.216131191007
330184,4495.791271715091,2901.1886092221316,-127398.0,1.0,-127.398,29610.0,124.0,7065.0,296.1,-1594.6026624929596
330185,9913.37125110686,6728.597218746754,14302.0,0.0,14.302,44998.0,126.66666666666667,1574.6666666666667,449.98,-3184.7740323601065
330188,2842.168917149276,2717.235318788856,-128.0,1.0,-0.128,17415.666666666668,105.33333333333333,4019.3333333333335,174.15666666666667,-124.93359836041964
330191,5075.8722139639685,2021.4856953391284,104855.0,0.0,104.855,44579.333333333336,190.66666666666666,6123.0,445.79333333333335,-3054.3865186248404
330193,10314.913194641722,7595.780277311096,456275.0,0.0,456.275,52331.333333333336,184.0,13570.666666666666,523.3133333333334,-2719.132917330626
330194,10314.913194641722,11133.528764616662,4190361.0,0.0,4190.361,122131.0,384.6666666666667,25739.333333333332,1221.31,818.6155699749397
330195,10314.913194641722,11133.528764616662,2061978.0,0.0,2061.978,108123.0,342.0,21622.0,1081.23,818.6155699749397
330196,10314.913194641722,11133.528764616662,-1443310.0,1.0,-1443.31,66742.0,140.5,19494.0,667.42,818.6155699749397
330197,4514.357182128196,6564.431711385821,-411315.0,1.0,-411.315,11882.0,66.66666666666667,6958.0,118.82,2050.074529257625
330198,4627.361254793414,5588.145869546846,-465902.0,1.0,-465.902,74253.33333333333,234.0,4268.0,742.5333333333333,960.7846147534319
330199,8134.638582214747,4929.96242375653,90200.0,0.0,90.2,24402.5,102.5,15634.5,244.025,-3204.6761584582164
330201,6509.747938613964,2838.0188911977225,2253310.0,0.0,2253.31,33575.666666666664,122.66666666666667,8275.0,335.75666666666666,-3671.7290474162414
330202,10068.89573859801,11133.528764616662,2254994.0,0.0,2254.994,64517.5,179.5,42167.5,645.175,1064.6330260186514
330203,4127.864381683672,3852.0760335780756,-1885277.0,1.0,-1885.277,64650.333333333336,276.6666666666667,22013.0,646.5033333333333,-275.78834810559647
330204,8865.914995977988,10975.630930725685,-2360009.0,1.0,-2360.009,74002.5,237.5,42880.0,740.025,2109.7159347476972
330205,669.9606082780492,915.2147249482083,10492.0,0.0,10.492,8424.0,53.333333333333336,311.6666666666667,84.24,245.25411667015908
330208,3877.8132996520276,2445.62754172803,-297356.0,1.0,-297.356,60664.666666666664,250.0,34389.666666666664,606.6466666666666,-1432.1857579239977
330211,3805.0905332277,2525.119877972612,118874.0,0.0,118.874,9639.333333333334,61.333333333333336,1876.6666666666667,96.39333333333335,-1279.9706552550879
330213,4536.4292948799375,4170.029188919887,-85574.0,1.0,-85.574,4223.666666666667,42.0,1004.3333333333334,42.23666666666667,-366.4001059600505
330214,10314.913194641722,11133.528764616662,15398146.0,0.0,15398.146,103911.66666666667,378.3333333333333,7947.0,1039.1166666666668,818.6155699749397
330215,3128.444952420679,1646.9331245423573,-103962.0,1.0,-103.962,13545.0,63.333333333333336,801.3333333333334,135.45,-1481.5118278783216
330218,2509.1816532127154,2113.516402659531,-46397.0,1.0,-46.397,15809.333333333334,92.66666666666667,1433.6666666666667,158.09333333333333,-395.66525055318425
330219,10314.913194641722,11133.528764616662,316245.0,0.0,316.245,41348.333333333336,168.0,15995.333333333334,413.48333333333335,818.6155699749397
330221,1753.4478662739427,861.768258493606,70995.0,0.0,70.995,46148.0,179.0,12873.333333333334,461.48,-891.6796077803367
330222,7770.3242665854195,6894.814087456502,-52006.0,1.0,-52.006,30730.666666666668,114.0,1906.3333333333333,307.3066666666667,-875.5101791289171
330223,4938.885476646629,1633.4810663781439,-130135.0,1.0,-130.135,7425.333333333333,40.666666666666664,1983.3333333333333,74.25333333333333,-3305.4044102684857
330224,4271.623548048157,2832.5899150761634,314.0,0.0,0.314,14525.0,68.66666666666667,2195.3333333333335,145.25,-1439.033632971994
330226,10314.913194641722,11133.528764616662,738259.0,0.0,738.259,42837.666666666664,164.0,9402.0,428.37666666666667,818.6155699749397
330229,2995.948858196102,2218.599602451292,-5287.0,1.0,-5.287,6800.333333333333,47.333333333333336,545.0,68.00333333333333,-777.3492557448099
330231,10314.913194641722,11133.528764616662,2414071.0,0.0,2414.071,38200.5,95.0,21532.0,382.005,818.6155699749397
330232,1738.4852270820809,1054.0277271841933,13311.0,0.0,13.311,22634.0,118.66666666666667,5292.0,226.34,-684.4574998978876
330233,8267.288713105301,6961.478160615023,337163.0,0.0,337.163,46107.333333333336,229.33333333333334,21810.666666666668,461.0733333333334,-1305.8105524902785
330234,10314.913194641722,5771.1632488854075,5606778.0,0.0,5606.778,78840.0,267.3333333333333,29539.333333333332,788.4,-4543.749945756314
330235,10284.844935757914,4287.729182984198,476317.0,0.0,476.317,18252.0,60.0,2417.6666666666665,182.52,-5997.115752773716
330236,10314.913194641722,11133.528764616662,8809407.0,0.0,8809.407,94147.0,312.6666666666667,14680.0,941.47,818.6155699749397
330238,1466.53474919681,1326.6205997083619,-67063.0,1.0,-67.063,5744.0,58.0,648.0,57.44,-139.91414948844817
330239,2423.353877257057,2502.0383908570766,32191.0,0.0,32.191,20037.333333333332,112.33333333333333,2805.3333333333335,200.37333333333333,78.68451360001973
330240,8989.157397381503,11133.528764616662,1750426.0,0.0,1750.426,31148.0,105.0,17808.0,311.48,2144.3713672351587
330241,10314.913194641722,9541.307036448265,1456340.0,0.0,1456.34,66650.66666666667,199.33333333333334,12260.333333333334,666.5066666666667,-773.6061581934573
330245,8122.386914030871,5972.498798855454,332301.0,0.0,332.301,35184.666666666664,89.33333333333333,3065.0,351.84666666666664,-2149.8881151754167
330246,10314.913194641722,8358.618427038511,232106.0,0.0,232.106,27184.0,95.33333333333333,10513.333333333334,271.84,-1956.2947676032109
330249,5185.049376504477,3554.858405378808,22555.0,0.0,22.555,4756.333333333333,31.333333333333332,396.6666666666667,47.56333333333333,-1630.1909711256685
330250,3016.0585195538424,2105.159274791891,-2320491.0,1.0,-2320.491,44453.666666666664,187.33333333333334,8112.666666666667,444.53666666666663,-910.8992447619512
330259,1041.7283434764583,885.6436124577294,-106399.0,1.0,-106.399,32546.666666666668,188.33333333333334,3345.6666666666665,325.4666666666667,-156.08473101872892
330261,9070.748546640325,4131.761706522748,391769.0,0.0,391.769,30470.0,108.66666666666667,9990.666666666666,304.7,-4938.986840117577
330263,2960.843623107091,2242.394989801752,-109646.0,1.0,-109.646,4836.333333333333,34.0,800.3333333333334,48.36333333333333,-718.4486333053387
330264,2363.132995684844,2088.488483652967,305409.0,0.0,305.409,36152.666666666664,125.0,4095.3333333333335,361.52666666666664,-274.6445120318772
330265,2853.485057964509,2135.570794636207,50701.0,0.0,50.701,10112.666666666666,64.0,3889.0,101.12666666666667,-717.9142633283018
330267,4160.175872714593,3061.4441790248334,87802.0,0.0,87.802,25113.666666666668,84.66666666666667,2049.6666666666665,251.13666666666668,-1098.73169368976
330268,881.7194312428284,1891.6821608543,244119.0,0.0,244.119,3709.3333333333335,36.666666666666664,811.3333333333334,37.093333333333334,1009.9627296114717
330270,10314.913194641722,11133.528764616662,79937.0,0.0,79.937,33596.333333333336,119.33333333333333,566.0,335.96333333333337,818.6155699749397
330273,2804.662628546807,2215.196451939859,-40502.0,1.0,-40.502,23319.666666666668,99.33333333333333,1466.6666666666667,233.1966666666667,-589.466176606948
330276,1961.2878663026172,1161.0794740161678,-463057.0,1.0,-463.057,10404.666666666666,54.333333333333336,944.3333333333334,104.04666666666667,-800.2083922864495
330277,2528.526707730361,2975.42039422624,-85093.0,1.0,-85.093,10147.666666666666,59.333333333333336,2265.3333333333335,101.47666666666666,446.89368649587914
330279,6259.506892098161,6450.010295096709,-51859.0,1.0,-51.859,46433.0,201.33333333333334,3897.3333333333335,464.33,190.50340299854815
330285,10314.913194641722,11133.528764616662,2015171.0,0.0,2015.171,107058.0,320.6666666666667,27571.0,1070.58,818.6155699749397
330286,1659.5385479395482,530.511459528835,-410185.0,1.0,-410.185,85723.66666666667,271.3333333333333,7636.333333333333,857.2366666666667,-1129.027088410713
330304,6913.319230640324,5097.436446672237,419687.0,0.0,419.687,54156.666666666664,184.0,3611.0,541.5666666666666,-1815.882783968087
330306,10314.913194641722,11133.528764616662,2687953.0,0.0,2687.953,65608.33333333333,211.66666666666666,13791.333333333334,656.0833333333333,818.6155699749397
330307,5493.500669429805,5277.261885583553,48003.0,0.0,48.003,15320.0,93.33333333333333,1395.6666666666667,153.2,-216.23878384625277
330331,6160.057808432228,1516.3876363113466,-435647.0,1.0,-435.647,46233.666666666664,132.0,1200.3333333333333,462.33666666666664,-4643.670172120881
330332,665.7099216462386,519.6320023333117,-33734.0,1.0,-33.734,26951.666666666668,126.66666666666667,391.6666666666667,269.51666666666665,-146.07791931292695
330340,2152.0500988597546,2693.691203380556,1861084.0,0.0,1861.084,14225.0,67.33333333333333,1022.3333333333334,142.25,541.6411045208015
330350,10314.913194641722,5923.356654111075,2311502.0,0.0,2311.502,56164.666666666664,170.66666666666666,22511.333333333332,561.6466666666666,-4391.556540530647
330353,10314.913194641722,11133.528764616662,487496.0,0.0,487.496,48252.666666666664,151.33333333333334,5343.666666666667,482.52666666666664,818.6155699749397
330372,1594.4504537417592,2193.4039138802746,2733602.0,0.0,2733.602,34818.333333333336,173.0,2788.0,348.18333333333334,598.9534601385153
330385,4448.780651728196,3563.036583532315,-739859.0,1.0,-739.859,18504.5,70.5,10415.5,185.045,-885.744068195881
330386,2478.085037027161,1771.5666543261477,163891.0,0.0,163.891,13183.333333333334,77.33333333333333,1643.6666666666667,131.83333333333334,-706.5183827010133
330393,10314.913194641722,11133.528764616662,2160206.0,0.0,2160.206,95674.0,283.6666666666667,15848.333333333334,956.74,818.6155699749397
330394,3752.316061917589,4770.220870578936,1082543.0,0.0,1082.543,50797.333333333336,223.66666666666666,11567.0,507.97333333333336,1017.904808661347
330395,6134.046053387644,3901.041597400678,214722.0,0.0,214.722,36724.0,132.0,18687.666666666668,367.24,-2233.004455986966
330396,8312.679478165854,10059.637310847067,377804.0,0.0,377.804,38354.5,117.0,20665.5,383.545,1746.9578326812134
330397,5480.871522691144,5171.217232392778,-673538.0,1.0,-673.538,24082.666666666668,112.66666666666667,18350.0,240.82666666666668,-309.6542902983656
330399,4370.520639487366,3315.875124602307,-141413.0,1.0,-141.413,34814.666666666664,218.0,26214.666666666668,348.14666666666665,-1054.6455148850587
330401,3823.942396196978,1569.3137965346762,-103437.0,1.0,-103.437,51609.0,167.33333333333334,1743.6666666666667,516.09,-2254.628599662302
330404,10314.913194641722,7915.603982830433,7406.0,0.0,7.406,6058.666666666667,30.0,36.666666666666664,60.58666666666667,-2399.309211811289
330406,10314.913194641722,11133.528764616662,0.0,0.0,0.0,3431.3333333333335,21.333333333333332,49.0,34.31333333333333,818.6155699749397
340001,3130.657282907684,2396.9085669748774,-432192.0,1.0,-432.192,64191.333333333336,275.3333333333333,19990.0,641.9133333333334,-733.7487159328066
340002,7444.436329955609,7307.0686996059285,2333063.0,0.0,2333.063,117721.0,306.6666666666667,42393.333333333336,1177.21,-137.36763034968044
340003,2204.285326413824,1377.456952982857,262349.0,0.0,262.349,11822.0,70.0,2007.6666666666667,118.22,-826.8283734309668
340004,2168.200765923348,1848.4473679374482,35158.0,0.0,35.158,42582.0,214.0,10991.333333333334,425.82,-319.75339798589994
340008,4006.523306418884,2132.857623793019,390323.0,0.0,390.323,15439.666666666666,69.33333333333333,5883.666666666667,154.39666666666665,-1873.6656826258654
340010,2393.551810066339,3052.809598088776,-79974.0,1.0,-79.974,39857.0,163.66666666666666,10007.0,398.57,659.2577880224371
340011,2661.1520044289005,1995.2595651840409,45258.0,0.0,45.258,5349.0,42.666666666666664,1250.6666666666667,53.49,-665.8924392448596
340013,1086.2967191743733,913.7466203357975,-402035.0,1.0,-402.035,12504.666666666666,84.0,4098.666666666667,125.04666666666667,-172.55009883857576
340014,9271.611689545627,9745.27184407396,71142.0,0.0,71.142,111368.66666666667,465.0,42497.333333333336,1113.6866666666667,473.6601545283338
340015,1959.5048818116509,3152.0537974566196,-215950.0,1.0,-215.95,22495.0,110.66666666666667,5571.333333333333,224.95,1192.5489156449687
340016,2159.1070301022937,719.0560337890674,75059.0,0.0,75.059,9465.666666666666,67.33333333333333,3614.3333333333335,94.65666666666667,-1440.0509963132263
340017,1605.804180235022,1307.5190693185898,248798.0,0.0,248.798,19500.666666666668,134.66666666666666,3617.3333333333335,195.0066666666667,-298.28511091643213
340020,338.15205857578053,331.193455958196,4642.0,0.0,4.642,17708.0,74.5,4943.0,177.08,-6.958602617584518
340021,1065.1660270820742,762.9744261394965,295851.0,0.0,295.851,24878.666666666668,131.33333333333334,7580.333333333333,248.7866666666667,-302.1916009425777
340023,5799.405448507388,6204.7310994085055,237714.0,0.0,237.714,9487.0,49.333333333333336,2995.6666666666665,94.87,405.3256509011171
340024,1894.4562049293627,1616.7477170055754,645795.0,0.0,645.795,9152.333333333334,54.666666666666664,2952.3333333333335,91.52333333333334,-277.7084879237873
340027,1862.4543719277317,1676.7725642141224,781755.0,0.0,781.755,31015.666666666668,109.33333333333333,6345.333333333333,310.1566666666667,-185.68180771360926
340028,10314.913194641722,11133.528764616662,982774.0,0.0,982.774,102692.0,257.0,44551.666666666664,1026.92,818.6155699749397
340030,3832.8562192082386,10718.385547167742,479179.0,0.0,479.179,166300.5,296.0,53967.0,1663.005,6885.529327959503
340032,3189.6149663422343,2454.7394808475847,-495746.0,1.0,-495.746,67375.5,163.0,21475.5,673.755,-734.8754854946496
340036,297.5612896452799,662.7326694769416,-1065.0,1.0,-1.065,3173.6666666666665,52.666666666666664,589.6666666666666,31.736666666666665,365.17137983166174
340037,2018.658042875601,1061.1318489700586,86344.0,0.0,86.344,5364.666666666667,34.0,947.0,53.64666666666667,-957.5261939055424
340039,3209.2859141629824,2293.026899819344,104155.0,0.0,104.155,30074.0,102.66666666666667,5033.333333333333,300.74,-916.2590143436382
340040,8505.703686103985,6445.067938197843,-1950138.0,1.0,-1950.138,132685.0,362.6666666666667,58197.0,1326.85,-2060.6357479061417
340041,1724.6507345918988,2072.6620669431327,-638536.0,1.0,-638.536,12480.666666666666,77.33333333333333,3790.6666666666665,124.80666666666666,348.01133235123393
340042,3145.12583136856,2159.0853602404236,-357523.0,1.0,-357.523,23076.0,108.66666666666667,7766.333333333333,230.76,-986.0404711281362
340047,8379.495878115627,6779.271579140154,7253724.0,0.0,7253.724,141582.0,292.5,44271.0,1415.82,-1600.2242989754732
340049,10093.031996167078,11133.528764616662,-70535.0,1.0,-70.535,2340.6666666666665,22.0,140.33333333333334,23.406666666666666,1040.4967684495841
340050,1360.5022215441206,4420.061622488838,-464686.0,1.0,-464.686,43070.333333333336,205.33333333333334,17386.333333333332,430.7033333333334,3059.5594009447177
340051,3278.1179349120525,2805.226297212127,621453.0,0.0,621.453,15041.666666666666,63.333333333333336,2266.0,150.41666666666666,-472.89163769992547
340053,10314.913194641722,4971.96672168905,2599269.0,0.0,2599.269,84938.66666666667,295.3333333333333,36731.0,849.3866666666668,-5342.946472952672
340060,2655.959004329121,1331.1895136044354,-123853.0,1.0,-123.853,14181.333333333334,76.0,2903.3333333333335,141.81333333333333,-1324.7694907246855
340061,5478.194848576309,11133.528764616662,-2346561.0,1.0,-2346.561,126355.0,303.0,62218.5,1263.55,5655.333916040353
340064,1018.2321839791072,1256.0798053340523,189963.0,0.0,189.963,9622.0,83.66666666666667,2457.3333333333335,96.22,237.8476213549451
340068,954.0250808927286,556.125188877949,267581.0,0.0,267.581,17044.666666666668,106.0,4993.666666666667,170.4466666666667,-397.89989201477965
340069,10314.913194641722,6555.951314789219,2735107.0,0.0,2735.107,103556.33333333333,294.3333333333333,44568.666666666664,1035.5633333333333,-3758.9618798525025
340070,7120.897731561149,5989.121812835216,634631.0,0.0,634.631,26057.666666666668,110.0,8013.0,260.57666666666665,-1131.7759187259335
340071,3693.7454739477157,599.1150525897349,-986890.0,1.0,-986.89,16443.333333333332,73.33333333333333,6833.666666666667,164.4333333333333,-3094.6304213579806
340073,1517.5657998495622,4051.7014589394116,301602.0,0.0,301.602,23068.5,73.0,2477.0,230.685,2534.1356590898495
340075,810.910561658789,1447.0427451881615,1337632.0,0.0,1337.632,14864.333333333334,108.66666666666667,6387.0,148.64333333333335,636.1321835293725
340084,817.5747792662876,632.4389827823529,103698.0,0.0,103.698,2643.3333333333335,44.666666666666664,437.0,26.433333333333334,-185.13579648393466
340085,1114.6141244067087,1623.4582136616991,74705.0,0.0,74.705,5606.333333333333,82.0,3085.0,56.06333333333333,508.8440892549904
340087,2356.6894844543,2923.2802354216324,-306805.0,1.0,-306.805,4417.0,36.666666666666664,1083.3333333333333,44.17,566.5907509673325
340090,2724.9594728223215,2260.674226934316,679122.0,0.0,679.122,27211.0,106.66666666666667,8479.333333333334,272.11,-464.28524588800565
340091,5179.114721809842,4805.757941520257,1212730.0,0.0,1212.73,123091.0,471.6666666666667,42783.333333333336,1230.91,-373.356780289585
340096,1870.351273623417,2158.6394398874386,3247.0,0.0,3.247,6364.0,52.666666666666664,2821.0,63.64,288.2881662640216
340097,748.1980704290183,2965.6847487709365,-105205.0,1.0,-105.205,10949.0,64.0,2770.3333333333335,109.49,2217.4866783419184
340098,4954.855341870774,6203.776706981457,800507.0,0.0,800.507,46166.333333333336,168.66666666666666,8005.333333333333,461.66333333333336,1248.921365110683
340099,1779.1974638397578,1745.9736846526323,399896.0,0.0,399.896,10520.333333333334,60.666666666666664,3475.3333333333335,105.20333333333333,-33.2237791871255
340106,252.52928679534827,297.2512865910282,-252904.0,1.0,-252.904,10413.666666666666,48.666666666666664,2730.0,104.13666666666666,44.72199979567992
340107,1303.2270096056407,1332.8646827498185,252220.0,0.0,252.22,9929.0,72.0,4428.0,99.29,29.637673144177825
340109,2332.5523428452025,1490.3620560015372,545576.0,0.0,545.576,17183.666666666668,93.33333333333333,3698.3333333333335,171.83666666666667,-842.1902868436653
340113,10314.913194641722,7698.740181241498,-26087.0,1.0,-26.087,136844.33333333334,381.3333333333333,74925.0,1368.4433333333334,-2616.1730134002237
340114,6104.321873505712,6859.080994967924,-22281.0,1.0,-22.281,78284.0,206.5,8847.5,782.84,754.7591214622125
340115,2613.2742257085897,3244.661820998789,-15011.0,1.0,-15.011,63577.666666666664,193.0,14189.666666666666,635.7766666666666,631.3875952901994
340116,221.4061101711404,780.0123346185952,-970803.0,1.0,-970.803,36074.5,131.5,8269.5,360.745,558.6062244474548
340119,2262.560024797972,1541.7607009856217,553380.0,0.0,553.38,10401.666666666666,66.0,2910.3333333333335,104.01666666666667,-720.7993238123502
340120,1458.3289069009725,2385.7842820908563,597110.0,0.0,597.11,5037.0,36.666666666666664,2528.0,50.37,927.4553751898839
340123,1815.1323972803964,1526.306716179667,-171446.0,1.0,-171.446,16032.0,98.66666666666667,4833.666666666667,160.32,-288.8256811007293
340126,566.385918483316,546.3202074411234,159639.0,0.0,159.639,25718.333333333332,168.0,6690.0,257.18333333333334,-20.06571104219256
340127,4375.208924303627,4242.197503471315,160293.0,0.0,160.293,5883.333333333333,34.0,1354.3333333333333,58.83333333333333,-133.01142083231207
340129,1597.899002222718,1126.365122459062,-320122.0,1.0,-320.122,16272.0,77.33333333333333,4132.666666666667,162.72,-471.53387976365616
340130,3869.620969143493,2188.9879126955584,-1101483.0,1.0,-1101.483,23748.0,105.33333333333333,9883.333333333334,237.48,-1680.6330564479345
340131,2919.0072179610315,2085.859684920334,-15274.0,1.0,-15.274,47328.0,117.33333333333333,7293.666666666667,473.28,-833.1475330406975
340132,2657.4182664142018,2746.8710350840083,-940844.0,1.0,-940.844,12477.0,57.333333333333336,5106.0,124.77,89.45276866980657
340133,392.1861380472047,349.47732913383476,-189277.0,1.0,-189.277,6890.5,33.0,1711.5,68.905,-42.70880891336992
340141,649.943146980637,3789.4809864704603,-95285.0,1.0,-95.285,99325.0,312.6666666666667,30367.333333333332,993.25,3139.5378394898235
340142,3785.899013248265,4507.199280636612,877456.0,0.0,877.456,18806.666666666668,88.33333333333333,3347.6666666666665,188.0666666666667,721.3002673883466
340143,2542.1899711458336,2152.2658548962727,4033.0,0.0,4.033,25452.0,101.0,10303.5,254.52,-389.92411624956094
340144,629.8003019170201,618.4339146843521,-102207.0,1.0,-102.207,10499.666666666666,68.0,3450.0,104.99666666666666,-11.36638723266799
340145,1423.6254751267059,1450.4132880552695,195686.0,0.0,195.686,8748.666666666666,70.66666666666667,2754.6666666666665,87.48666666666666,26.787812928563653
340147,1827.820999035284,1549.5600332262138,-915991.0,1.0,-915.991,40912.666666666664,215.33333333333334,13196.333333333334,409.12666666666667,-278.2609658090703
340148,3774.194944955317,9943.862843308927,132875.0,0.0,132.875,1451.6666666666667,36.666666666666664,105.66666666666667,14.516666666666667,6169.667898353609
340151,1436.7930572859982,1318.8679173921935,16076.0,0.0,16.076,22314.666666666668,87.66666666666667,4731.666666666667,223.14666666666668,-117.92513989380473
340153,2603.3609120301558,2829.8726761458556,36351.0,0.0,36.351,7448.0,52.666666666666664,345.0,74.48,226.51176411569986
340155,476.8241274750435,1697.2547834731781,1176746.0,0.0,1176.746,45559.0,147.5,9852.5,455.59,1220.4306559981346
340158,1656.081685845073,3429.4870077630712,206396.0,0.0,206.396,8208.0,46.666666666666664,2372.0,82.08,1773.4053219179982
340159,2262.5695318430407,971.6794712844786,-189164.0,1.0,-189.164,4558.666666666667,34.0,610.0,45.58666666666667,-1290.8900605585623
340160,2556.13031023168,1988.948436096623,93334.0,0.0,93.334,7538.5,40.5,1641.5,75.385,-567.1818741350571
340166,2365.53149795614,5669.685295778881,67973.0,0.0,67.973,11906.333333333334,85.33333333333333,3918.0,119.06333333333333,3304.1537978227407
340168,7074.126897080178,2671.022981838107,0.0,0.0,0.0,13734.0,30.0,,137.34,-4403.103915242071
340171,10314.913194641722,8808.072804372856,765381.0,0.0,765.381,20763.0,70.0,4055.0,207.63,-1506.840390268866
340173,6756.617523001348,6293.932903622906,81141.0,0.0,81.141,27157.666666666668,100.66666666666667,3654.3333333333335,271.57666666666665,-462.6846193784413
340184,1923.2948449989908,1257.5290968744623,-416172.0,1.0,-416.172,11857.333333333334,77.33333333333333,3009.6666666666665,118.57333333333334,-665.7657481245285
350002,805.433473276767,5270.177029690346,69033.0,0.0,69.033,27113.0,99.5,5319.5,271.13,4464.743556413579
350006,1659.9771488017614,5176.296149883758,303691.0,0.0,303.691,25668.0,102.0,4719.5,256.68,3516.3190010819962
350011,2083.1441044375115,4222.684769603871,198377.0,0.0,198.377,67651.0,170.0,17587.5,676.51,2139.5406651663598
350015,6144.690413549069,4951.370214276837,-16054.0,1.0,-16.054,23874.0,102.66666666666667,5188.666666666667,238.74,-1193.3201992722315
350019,8486.22789240755,6197.160929471519,-2314.0,1.0,-2.314,31489.666666666668,131.33333333333334,9480.0,314.8966666666667,-2289.066962936032
350070,8447.091681164864,11133.528764616662,19782.0,0.0,19.782,16310.0,48.666666666666664,4216.333333333333,163.1,2686.4370834517977
360001,3960.2677060263773,3742.174079753938,460370.0,0.0,460.37,25452.666666666668,117.33333333333333,1444.6666666666667,254.52666666666667,-218.09362627243945
360002,2032.7756013767116,2422.1130597479496,-197306.0,1.0,-197.306,4607.666666666667,43.333333333333336,427.0,46.07666666666667,389.337458371238
360003,10314.913194641722,5807.738277532734,180122.0,0.0,180.122,77800.0,147.0,18974.0,778.0,-4507.174917108988
360006,5106.131245660874,6179.979105228009,4081.0,0.0,4.081,120926.5,322.5,14898.0,1209.265,1073.847859567135
360008,2580.9934368820163,7944.190621735778,-724682.0,1.0,-724.682,33959.0,94.0,2510.0,339.59,5363.197184853761
360009,600.3734571702096,1947.5683579237173,399012.0,0.0,399.012,20919.333333333332,179.33333333333334,2696.3333333333335,209.19333333333333,1347.1949007535077
360010,995.2836431176049,1000.0638273535219,43833.0,0.0,43.833,15927.333333333334,80.66666666666667,876.6666666666666,159.27333333333334,4.780184235916977
360011,2697.0348357121534,3584.5532392295754,-22534.0,1.0,-22.534,19392.0,85.0,3018.5,193.92,887.518403517422
360012,5725.740781082528,1793.0206381588835,579421.0,0.0,579.421,42906.0,127.5,6001.0,429.06,-3932.7201429236447
360013,3678.4278271688186,4833.389963126444,-21973.0,1.0,-21.973,5148.0,46.0,304.3333333333333,51.48,1154.9621359576254
360014,993.5907200608868,3651.8118438403567,418869.0,0.0,418.869,6849.0,53.0,766.5,68.49,2658.22112377947
360016,3121.5001355821164,3593.6405353088903,574818.0,0.0,574.818,34009.5,97.5,1885.0,340.095,472.1403997267739
360017,3685.874299157168,3604.7036073779464,78619.0,0.0,78.619,59786.5,176.0,14577.0,597.865,-81.17069177922167
360019,1815.587412944406,1421.1836559609185,-23952.0,1.0,-23.952,23068.333333333332,99.0,1442.0,230.6833333333333,-394.4037569834875
360020,3756.6573749085737,2883.305038789279,698631.0,0.0,698.631,79451.0,268.6666666666667,9010.0,794.51,-873.3523361192947
360025,1317.3436548398417,1722.4643209531243,12921.0,0.0,12.921,29383.333333333332,129.66666666666666,2566.0,293.8333333333333,405.1206661132826
360026,3411.6885966596114,1352.4503834748027,492342.0,0.0,492.342,8632.0,102.0,659.6666666666666,86.32,-2059.238213184809
360027,843.3037177615346,1127.6135967501912,-1083775.0,1.0,-1083.775,59409.0,237.33333333333334,6968.0,594.09,284.3098789886566
360029,2702.5229362417135,2408.1922853337314,63911.0,0.0,63.911,7954.5,62.5,483.0,79.545,-294.3306509079821
360032,2091.274783405699,4633.112635139876,1018174.0,0.0,1018.174,4407.666666666667,38.0,710.3333333333334,44.07666666666667,2541.837851734177
360035,1423.5417920898944,1227.9056027356419,1213774.0,0.0,1213.774,103717.0,289.5,11286.5,1037.17,-195.63618935425256
360036,1862.0220460171854,1936.5547618946885,252990.0,0.0,252.99,10171.666666666666,77.33333333333333,840.6666666666666,101.71666666666665,74.53271587750305
360037,671.650005503261,1755.5234970549536,-592576.0,1.0,-592.576,17361.666666666668,81.0,3512.0,173.61666666666667,1083.8734915516925
360039,3728.053584903952,3403.125724041327,538235.0,0.0,538.235,39600.333333333336,209.66666666666666,3687.6666666666665,396.00333333333333,-324.92786086262504
360040,2914.342925491851,5389.903957514739,706410.0,0.0,706.41,8578.0,66.66666666666667,556.0,85.78,2475.561032022888
360041,697.7786299530035,2219.912007455725,365769.0,0.0,365.769,39585.666666666664,131.33333333333334,1271.6666666666667,395.8566666666666,1522.1333775027215
360044,1071.8285322520744,2119.681565896769,-349925.0,1.0,-349.925,5391.666666666667,56.666666666666664,646.0,53.91666666666667,1047.8530336446945
360046,2627.907271619289,3606.8217062710955,-100070.0,1.0,-100.07,5617.0,43.333333333333336,1053.3333333333333,56.17,978.9144346518065
360048,531.8667185451634,2753.2479792315494,932253.0,0.0,932.253,35639.0,96.5,4540.0,356.39,2221.3812606863858
360051,762.9690788102197,1992.5672789188134,569015.0,0.0,569.015,99991.0,373.3333333333333,19251.0,999.91,1229.5982001085936
360052,1447.802802142778,872.4137152375979,842085.0,0.0,842.085,55020.0,217.33333333333334,5822.666666666667,550.2,-575.3890869051802
360054,509.28260735590277,1977.2117205920727,174186.0,0.0,174.186,15189.5,93.5,1176.5,151.895,1467.92911323617
360055,668.2128267018311,404.50907665754585,203779.0,0.0,203.779,31861.0,186.66666666666666,2794.6666666666665,318.61,-263.70375004428524
360056,2147.1947705561493,1265.233613569515,-349284.0,1.0,-349.284,32477.666666666668,107.33333333333333,1875.0,324.7766666666667,-881.9611569866343
360059,3674.412409187126,3706.1728162492473,1000004.0,0.0,1000.004,49396.666666666664,242.0,19361.333333333332,493.96666666666664,31.76040706212143
360064,2144.370458070028,1842.8488629637638,366113.0,0.0,366.113,51131.333333333336,232.0,4804.0,511.31333333333333,-301.52159510626393
360065,3125.84430218966,2646.507303470243,-39999.0,1.0,-39.999,10668.666666666666,55.0,908.6666666666666,106.68666666666667,-479.3369987194169
360066,3217.6870604506844,2063.538429549374,883409.0,0.0,883.409,45448.333333333336,179.33333333333334,4059.3333333333335,454.48333333333335,-1154.1486309013103
360068,2741.3740527522987,2242.6902187668275,290616.0,0.0,290.616,78286.66666666667,298.3333333333333,12899.0,782.8666666666667,-498.6838339854712
360070,5080.0378777427895,6637.050253024668,285937.0,0.0,285.937,37078.0,149.33333333333334,3406.6666666666665,370.78,1557.0123752818781
360071,935.5043491676175,1696.2359016941941,-134042.0,1.0,-134.042,3042.6666666666665,60.0,214.33333333333334,30.426666666666666,760.7315525265766
360072,1594.1434401008403,1287.8500177985904,2050201.0,0.0,2050.201,27726.333333333332,144.66666666666666,4365.333333333333,277.2633333333333,-306.29342230224984
360074,4014.6083450899164,2924.837052448543,-31357.0,1.0,-31.357,18543.333333333332,101.0,1534.6666666666667,185.4333333333333,-1089.7712926413733
360076,284.6459100249191,1260.0282005443585,-196566.0,1.0,-196.566,30662.0,150.66666666666666,4746.666666666667,306.62,975.3822905194394
360077,3311.4267230487167,2537.0128975341618,-99043.0,1.0,-99.043,56562.666666666664,208.33333333333334,9036.333333333334,565.6266666666667,-774.4138255145549
360078,1247.8427571521504,899.0083041953923,-58706.0,1.0,-58.706,21319.0,93.33333333333333,1857.6666666666667,213.19,-348.8344529567581
360079,2494.001222763139,2294.8989790196442,-2546597.0,1.0,-2546.597,45203.666666666664,202.0,2450.3333333333335,452.03666666666663,-199.1022437434949
360080,2003.3681434625357,1941.6858504842482,274431.0,0.0,274.431,9735.333333333334,59.333333333333336,690.3333333333334,97.35333333333334,-61.68229297828748
360081,1285.1328178594506,918.9441560009393,740126.0,0.0,740.126,18820.333333333332,99.0,2180.3333333333335,188.20333333333332,-366.1886618585113
360082,2312.2652408326003,1569.7092048978293,273406.0,0.0,273.406,18858.666666666668,87.33333333333333,2177.3333333333335,188.58666666666667,-742.556035934771
360084,5253.118787602614,5516.163484235336,205824.0,0.0,205.824,57083.333333333336,256.3333333333333,5431.0,570.8333333333334,263.04469663272175
360085,1385.3879753715014,8224.885314592117,341560.0,0.0,341.56,143866.5,358.0,25633.0,1438.665,6839.497339220616
360086,1182.7652588433095,705.6772678259235,-1829552.0,1.0,-1829.552,35423.0,163.33333333333334,3231.6666666666665,354.23,-477.087991017386
360087,1358.8880971862927,1142.6489861945274,542666.0,0.0,542.666,10228.0,79.66666666666667,1588.6666666666667,102.28,-216.2391109917653
360089,4739.16351793163,3049.749174191079,-9644.0,1.0,-9.644,6983.333333333333,38.0,676.3333333333334,69.83333333333333,-1689.414343740551
360090,3210.210636652942,2245.5565181742777,314596.0,0.0,314.596,27695.666666666668,108.66666666666667,1208.3333333333333,276.9566666666667,-964.6541184786643
360091,2962.211651415762,1323.6555177484092,45038.0,0.0,45.038,15541.333333333334,79.33333333333333,452.6666666666667,155.41333333333333,-1638.5561336673527
360092,1588.9378281704967,3391.915094878752,3142.0,0.0,3.142,2937.0,47.333333333333336,333.6666666666667,29.37,1802.9772667082552
360095,2434.5131535018186,5584.533361262593,230159.0,0.0,230.159,15663.333333333334,81.33333333333333,3735.6666666666665,156.63333333333333,3150.020207760774
360096,1839.1739313408884,1329.1884540556355,57069.0,0.0,57.069,13701.666666666666,80.66666666666667,3193.6666666666665,137.01666666666665,-509.98547728525295
360098,5213.2862381686045,2897.980047307327,209496.0,0.0,209.496,50608.333333333336,168.0,2663.3333333333335,506.08333333333337,-2315.3061908612776
360107,3063.5991155884776,2296.5246432193912,-88492.0,1.0,-88.492,4781.0,36.666666666666664,618.3333333333334,47.81,-767.0744723690864
360109,1543.7449814318093,2429.536103725157,179891.0,0.0,179.891,6505.666666666667,42.666666666666664,433.0,65.05666666666667,885.7911222933476
360112,1797.0263259223495,1590.757327467918,6538440.0,0.0,6538.44,50058.666666666664,229.33333333333334,10525.333333333334,500.58666666666664,-206.26899845443154
360118,3445.3480305417575,3652.341195631006,1023778.0,0.0,1023.778,39383.0,162.0,2405.6666666666665,393.83,206.99316508924858
360121,3233.906537961177,2562.704775114876,57019.0,0.0,57.019,6278.333333333333,61.333333333333336,791.0,62.78333333333333,-671.2017628463009
360123,221.4061101711404,1597.8421864149398,190930.0,0.0,190.93,28263.333333333332,93.66666666666667,1155.3333333333333,282.6333333333333,1376.4360762437993
360125,1383.2135779027863,1737.762927997652,-1205001.0,1.0,-1205.001,13173.666666666666,72.66666666666667,1458.3333333333333,131.73666666666665,354.54935009486576
360131,2988.580392087025,2638.9563678333798,485710.0,0.0,485.71,10600.333333333334,72.66666666666667,804.6666666666666,106.00333333333334,-349.6240242536451
360132,895.5047301098548,973.126777145734,323393.0,0.0,323.393,15537.0,79.0,1457.5,155.37,77.62204703587918
360133,2413.7738084961284,1866.670162531217,364873.0,0.0,364.873,29644.333333333332,138.66666666666666,4851.0,296.4433333333333,-547.1036459649113
360134,1295.8294144647061,1582.7389254104592,759643.0,0.0,759.643,71009.0,181.0,16450.0,710.09,286.909510945753
360137,3727.9227598594775,3260.910263273172,3667767.0,0.0,3667.767,82591.66666666667,289.3333333333333,10971.0,825.9166666666667,-467.0124965863056
360141,745.4529082235111,342.78516149608186,1799714.0,0.0,1799.714,21583.666666666668,119.33333333333333,2623.6666666666665,215.83666666666667,-402.6677467274293
360143,992.5853307787238,1048.225290339208,33131.0,0.0,33.131,34050.666666666664,167.33333333333334,1425.0,340.50666666666666,55.63995956048416
360144,1634.8035381921507,947.3614836426098,-136145.0,1.0,-136.145,26688.333333333332,102.66666666666667,3180.6666666666665,266.8833333333333,-687.4420545495409
360145,429.2763962897899,2416.8785583874046,569139.0,0.0,569.139,38248.0,209.66666666666666,3001.0,382.48,1987.6021620976148
360147,7003.8485284601375,6075.421974935554,-398343.0,1.0,-398.343,22495.333333333332,94.33333333333333,1982.3333333333333,224.95333333333332,-928.4265535245831
360148,2337.1582692375073,2260.906541176739,-2822.0,1.0,-2.822,3368.3333333333335,39.0,609.3333333333334,33.68333333333334,-76.25172806076807
360150,283.32589969924646,1575.0751890304728,883300.0,0.0,883.3,7900.333333333333,72.66666666666667,463.6666666666667,79.00333333333333,1291.7492893312262
360151,364.7087340540876,329.3197418063994,86552.0,0.0,86.552,13527.0,51.5,1199.0,135.27,-35.38899224768818
360152,3073.0628659902854,1877.4154104704442,-391842.0,1.0,-391.842,27824.5,95.5,5281.0,278.245,-1195.6474555198413
360153,283.4321173379118,2650.313371054809,42536.0,0.0,42.536,2717.0,53.333333333333336,990.6666666666666,27.17,2366.8812537168974
360155,3005.501985639546,3380.146507538264,23872.0,0.0,23.872,39663.333333333336,152.0,1259.6666666666667,396.6333333333334,374.6445218987178
360159,3179.96100700949,4422.319349371622,738890.0,0.0,738.89,26082.333333333332,118.0,2622.3333333333335,260.8233333333333,1242.3583423621317
360161,3055.252705854954,2158.2289004012614,213996.0,0.0,213.996,22443.0,95.33333333333333,1986.6666666666667,224.43,-897.0238054536926
360163,6112.305500880609,5515.6424379573555,526644.0,0.0,526.644,68598.0,178.0,7521.0,685.98,-596.6630629232532
360170,2259.363789364755,2230.0984907616744,50327.0,0.0,50.327,5807.333333333333,48.666666666666664,535.0,58.07333333333333,-29.265298603080737
360172,952.3235591910114,521.0034394443597,1051424.0,0.0,1051.424,36022.666666666664,126.33333333333333,2872.3333333333335,360.22666666666663,-431.3201197466517
360174,2031.0531480716513,1412.0677873977404,48811.0,0.0,48.811,19936.0,102.0,2498.6666666666665,199.36,-618.9853606739109
360175,5760.906501792007,3247.7524651010617,-507801.0,1.0,-507.801,9346.0,56.0,588.6666666666666,93.46,-2513.154036690945
360179,2453.0123362793834,3415.530415392789,482714.0,0.0,482.714,66301.5,172.5,8762.0,663.015,962.5180791134057
360180,6500.7808353322,9724.058006662504,1096532.0,0.0,1096.532,191629.33333333334,696.3333333333334,29021.666666666668,1916.2933333333335,3223.2771713303046
360185,667.0650212065837,1663.2423940429776,8946.0,0.0,8.946,15455.0,95.0,717.5,154.55,996.1773728363939
360189,1875.7225252292849,2136.642389102164,24420.0,0.0,24.42,2894.6666666666665,31.333333333333332,297.3333333333333,28.946666666666665,260.9198638728792
360192,927.8638985791532,3916.5642681779145,352566.0,0.0,352.566,15350.333333333334,73.33333333333333,699.6666666666666,153.50333333333333,2988.7003695987614
360195,2671.8273242251066,990.601854528275,665.0,0.0,0.665,5958.333333333333,42.666666666666664,694.6666666666666,59.58333333333333,-1681.2254696968316
360197,1228.530436760236,2448.0000815493436,-173116.0,1.0,-173.116,4089.6666666666665,50.666666666666664,902.3333333333334,40.89666666666667,1219.4696447891076
360203,2648.3550983715536,2562.2300669573683,29769.0,0.0,29.769,9813.333333333334,66.0,559.0,98.13333333333334,-86.12503141418529
360210,4650.713287014929,4220.609162240152,-66224.0,1.0,-66.224,6337.5,41.5,893.0,63.375,-430.1041247747771
360211,826.8893830278636,2680.4677439153465,-197941.0,1.0,-197.941,28673.333333333332,152.66666666666666,2380.0,286.73333333333335,1853.578360887483
360212,1732.3389623064422,1451.2183073998076,-23406.0,1.0,-23.406,20003.333333333332,95.33333333333333,2177.6666666666665,200.03333333333333,-281.1206549066346
360218,1614.7570207373444,1956.7078630725405,420633.0,0.0,420.633,14281.666666666666,138.33333333333334,1450.0,142.81666666666666,341.95084233519606
360230,3535.4517570969,5268.857004503197,1315709.0,0.0,1315.709,63486.333333333336,221.66666666666666,1695.0,634.8633333333333,1733.4052474062964
360234,1174.1340064916124,1773.5677967407287,520862.0,0.0,520.862,16487.666666666668,98.0,2434.3333333333335,164.87666666666667,599.4337902491163
360236,1859.8698712446967,1517.6497721936407,24473.0,0.0,24.473,15115.666666666666,78.66666666666667,1459.6666666666667,151.15666666666667,-342.22009905105597
360239,1070.8705014721363,1018.6182998529434,754211.0,0.0,754.211,17976.666666666668,110.66666666666667,2310.0,179.76666666666668,-52.252201619192874
360245,293.10754650929505,259.9342720681013,20004.0,0.0,20.004,8722.0,85.0,1053.3333333333333,87.22,-33.17327444119377
360247,246.17826297110352,385.6543002932282,160799.0,0.0,160.799,5466.0,41.333333333333336,,54.66,139.47603732212465
360259,791.0948936409893,1346.329938938965,6852.0,0.0,6.852,8357.333333333334,52.666666666666664,599.6666666666666,83.57333333333334,555.2350452979756
360261,891.2273270021294,607.7450634688694,30672.0,0.0,30.672,37.333333333333336,15.333333333333334,3.5,0.37333333333333335,-283.48226353326004
360262,221.4061101711404,976.3765612881322,-140635.0,1.0,-140.635,12827.666666666666,75.33333333333333,1059.3333333333333,128.27666666666667,754.9704511169917
360263,1653.5437693254455,5178.083640545594,253.0,0.0,0.253,1009.6666666666666,18.0,22.333333333333332,10.096666666666666,3524.5398712201486
360266,3246.2507012330843,1032.1778136980058,-6423.0,1.0,-6.423,6220.5,36.0,47.5,62.205,-2214.0728875350787
360270,3853.038215543504,1945.943842915996,62725.0,0.0,62.725,3110.0,28.0,128.33333333333334,31.1,-1907.0943726275082
360274,885.4809870550872,781.9876674008796,53539.0,0.0,53.539,490.3333333333333,27.333333333333332,11.0,4.903333333333333,-103.49331965420765
360276,3215.2868705922037,3104.2107795524485,224647.0,0.0,224.647,22392.666666666668,80.66666666666667,858.3333333333334,223.92666666666668,-111.07609103975528
360348,6226.686916470938,6137.784664495231,1410.0,0.0,1.41,9837.5,54.5,989.0,98.375,-88.90225197570726
360351,3026.003042394053,2689.293717683867,85202.0,0.0,85.202,5268.333333333333,52.0,146.0,52.68333333333333,-336.70932471018614
360352,4059.792177131909,4421.929931437137,334.0,0.0,0.334,813.6666666666666,27.666666666666668,95.0,8.136666666666667,362.13775430522855
360354,1198.9814478993242,2530.112717546201,24105.0,0.0,24.105,14772.0,51.0,573.0,147.72,1331.131269646877
360355,705.6432647123722,2564.5407183809707,238373.0,0.0,238.373,860.0,26.0,66.0,8.6,1858.8974536685985
360358,1488.2718435613956,1396.0442118399205,562.0,0.0,0.562,148.0,30.0,1.0,1.48,-92.22763172147506
360359,1644.3572258019624,1083.5644763090966,1957903.0,0.0,1957.903,14543.0,30.0,207.0,145.43,-560.7927494928658
370001,1590.7055515891159,1585.5065662973218,-1522662.0,1.0,-1522.662,76281.5,208.5,47262.0,762.815,-5.198985291794088
370002,1085.623151215975,1600.683567564734,-140235.0,1.0,-140.235,4920.5,44.0,758.5,49.205,515.060416348759
370004,1032.0601475432659,724.3187190453007,61816.0,0.0,61.816,7278.5,57.5,2463.5,72.785,-307.7414284979652
370006,284.7580096614101,652.0064588338104,39328.0,0.0,39.328,9165.0,46.5,3222.0,91.65,367.2484491724003
370007,221.4061101711404,256.4664340435436,11075.0,0.0,11.075,1408.6666666666667,28.0,401.3333333333333,14.086666666666668,35.06032387240319
370008,901.7371797986433,2190.1866000198993,884268.0,0.0,884.268,52840.0,198.5,12583.0,528.4,1288.4494202212559
370011,606.1249850437123,256.4664340435436,756.0,0.0,0.756,1841.0,39.0,804.5,18.41,-349.6585510001687
370013,5046.531319380553,4901.882073249227,644970.0,0.0,644.97,59535.5,137.0,15505.5,595.355,-144.64924613132644
370015,1732.6236960042406,1001.1380471120231,-29042.0,1.0,-29.042,2473.0,32.5,787.5,24.73,-731.4856488922176
370016,253.83981881715187,962.0118146266107,624426.0,0.0,624.426,19778.0,76.0,18961.5,197.78,708.1719958094588
370018,2685.1144535610356,3329.7480700096357,599665.0,0.0,599.665,13703.333333333334,71.0,3393.3333333333335,137.03333333333333,644.6336164486002
370019,1163.7456990133676,3169.9595831975766,1548.0,0.0,1.548,5666.0,29.0,1959.5,56.66,2006.213884184209
370020,339.29148663885576,647.3451924132311,276850.0,0.0,276.85,9787.666666666666,75.33333333333333,3273.0,97.87666666666667,308.0537057743753
370022,1632.615561181413,885.0050845669284,-20240.0,1.0,-20.24,11017.0,50.0,2577.5,110.17,-747.6104766144847
370023,419.2207817455419,523.4391067991046,-1636.0,1.0,-1.636,10606.5,50.5,2512.5,106.065,104.2183250535627
370025,1158.9113929460402,666.5153833086846,-410700.0,1.0,-410.7,24959.666666666668,108.0,7657.333333333333,249.5966666666667,-492.39600963735563
370026,221.4061101711404,539.5688561691363,-1354.0,1.0,-1.354,17076.333333333332,84.66666666666667,2809.0,170.76333333333332,318.1627459979959
370028,221.4061101711404,256.4664340435436,2009517.0,0.0,2009.517,98030.5,198.0,53829.0,980.305,35.06032387240319
370029,1392.3881767653954,1189.938423200025,-2250.0,1.0,-2.25,3428.0,35.5,1262.5,34.28,-202.44975356537043
370030,732.5090150411693,508.93375878393306,-14758.0,1.0,-14.758,3245.0,32.0,653.5,32.45,-223.57525625723622
370034,838.578872668991,1257.5647209601364,1031648.0,0.0,1031.648,12478.5,83.5,3080.5,124.785,418.9858482911453
370036,221.4061101711404,256.4664340435436,91514.0,0.0,91.514,2305.0,26.0,193.5,23.05,35.06032387240319
370037,3305.010861745463,3651.8215688134474,-3057775.0,1.0,-3057.775,61455.0,174.66666666666666,61197.333333333336,614.55,346.81070706798437
370039,1340.1065398881617,1384.0642865893374,-441.0,1.0,-0.441,3435.3333333333335,42.0,1342.3333333333333,34.35333333333333,43.957746701175665
370041,542.9178471682135,256.4664340435436,31830.0,0.0,31.83,700.3333333333334,28.666666666666668,35.333333333333336,7.003333333333334,-286.4514131246699
370047,469.5442963411338,2077.259938560292,434311.0,0.0,434.311,26627.5,85.0,5329.0,266.275,1607.7156422191583
370048,413.3301819475543,470.80389657581014,13924.0,0.0,13.924,4766.5,58.0,2181.5,47.665,57.473714628255834
370049,814.6372310945562,1213.9540129714474,41980.0,0.0,41.98,9259.333333333334,63.333333333333336,2650.3333333333335,92.59333333333333,399.3167818768911
370051,362.9516604880099,445.3782203906808,-73850.0,1.0,-73.85,2304.6666666666665,34.666666666666664,236.33333333333334,23.046666666666667,82.42655990267087
370054,462.1200483194982,1109.766128581998,-12127.0,1.0,-12.127,5035.0,68.0,1710.3333333333333,50.35,647.6460802624997
370056,2436.926988387717,2588.664240000902,-139480.0,1.0,-139.48,37417.5,93.0,9308.5,374.175,151.73725161318498
370057,595.1900159357552,1823.9317407986853,-12209.0,1.0,-12.209,2353.0,43.333333333333336,569.0,23.53,1228.74172486293
370065,1430.3433283494144,1535.3655203706367,251198.0,0.0,251.198,4250.0,38.0,879.6666666666666,42.5,105.02219202122228
370072,371.8575964970002,256.4664340435436,122165.0,0.0,122.165,1465.0,31.5,173.5,14.65,-115.39116245345662
370078,221.4061101711404,580.1411451400006,1771337.0,0.0,1771.337,17102.333333333332,131.33333333333334,7897.333333333333,171.0233333333333,358.7350349688602
370080,747.9203571182267,806.8563625417281,-1741.0,1.0,-1.741,1467.5,33.5,64.5,14.675,58.936005423501456
370089,957.5620207716876,573.5583688883899,266132.0,0.0,266.132,11250.5,34.0,3132.5,112.505,-384.0036518832977
370091,2170.4147415314637,4599.516618671665,521476.0,0.0,521.476,136095.0,301.5,46620.5,1360.95,2429.1018771402014
370093,3337.098247140135,3107.5623720974527,-818660.0,1.0,-818.66,102721.0,229.5,77501.0,1027.21,-229.53587504268216
370094,221.4061101711404,256.4664340435436,228720.0,0.0,228.72,41546.5,120.5,6096.5,415.465,35.06032387240319
370099,450.1728545618827,409.99702461500027,101149.0,0.0,101.149,5843.666666666667,62.0,1458.6666666666667,58.43666666666667,-40.1758299468824
370100,542.9584980368988,393.84978590694396,193158.0,0.0,193.158,5480.0,32.0,952.5,54.8,-149.10871212995488
370103,1063.966365866601,642.3526956592583,-6492.0,1.0,-6.492,3438.0,27.5,235.5,34.38,-421.6136702073428
370106,531.3557495799066,1361.0248174985954,2268175.0,0.0,2268.175,35111.5,132.5,10143.5,351.115,829.6690679186888
370113,2258.32460922353,1089.6157263897774,8866.0,0.0,8.866,7704.0,49.0,2130.0,77.04,-1168.7088828337526
370114,3391.344824168201,4720.403263732129,1879933.0,0.0,1879.933,78181.0,282.0,20069.333333333332,781.81,1329.058439563928
370138,296.3920509172477,256.4664340435436,7488.0,0.0,7.488,2438.5,36.0,1265.5,24.385,-39.92561687370409
370139,221.4061101711404,481.6542296256781,6159.0,0.0,6.159,2731.5,28.0,76.5,27.315,260.2481194545377
370149,1201.7981158420826,1905.9331914690065,33236.0,0.0,33.236,10636.666666666666,68.66666666666667,5033.333333333333,106.36666666666666,704.1350756269239
370153,794.4843070192659,640.9944761646436,-32396.0,1.0,-32.396,3937.5,34.0,456.0,39.375,-153.48983085462226
370156,221.4061101711404,256.4664340435436,-35406.0,1.0,-35.406,5806.0,47.0,508.5,58.06,35.06032387240319
370158,273.3763642956798,256.4664340435436,-82153.0,1.0,-82.153,3802.5,34.5,422.5,38.025,-16.909930252136235
370166,234.93340556454027,365.3490828045279,-42328.0,1.0,-42.328,6471.333333333333,72.66666666666667,2785.0,64.71333333333332,130.41567723998762
370169,221.4061101711404,256.4664340435436,-13963.0,1.0,-13.963,205.33333333333334,32.0,42.0,2.0533333333333332,35.06032387240319
370178,1078.647986004242,2141.666583931492,97245.0,0.0,97.245,4903.0,40.0,1298.0,49.03,1063.0185979272499
370183,1342.2368644462872,1045.4843611555877,80290.0,0.0,80.29,1986.6666666666667,28.0,324.0,19.866666666666667,-296.75250329069945
370192,3437.0665920577308,2266.2155676628986,0.0,0.0,0.0,436.0,16.0,6.5,4.36,-1170.8510243948322
370199,2753.729395267607,2567.963525681837,-1205.0,1.0,-1.205,2084.6666666666665,25.333333333333332,375.3333333333333,20.846666666666664,-185.7658695857699
370201,644.7326813333979,559.7358302680595,-74951.0,1.0,-74.951,289.3333333333333,18.0,123.66666666666667,2.893333333333333,-84.99685106533832
370202,878.8486435898901,1016.6920747813098,-199685.0,1.0,-199.685,16656.666666666668,117.33333333333333,9779.666666666666,166.5666666666667,137.84343119141965
370203,2619.759590838936,2427.1616894798476,473.0,0.0,0.473,3591.0,36.666666666666664,180.66666666666666,35.91,-192.5979013590886
370206,2188.2490175300304,3562.229607935394,5144.0,0.0,5.144,1634.0,23.666666666666668,11.0,16.34,1373.9805904053637
370210,733.7894296897136,932.736474352709,1026.0,0.0,1.026,4448.0,60.666666666666664,176.0,44.48,198.94704466299538
370211,1451.8474967001962,989.3094979061209,2105.0,0.0,2.105,7658.0,35.0,2990.5,76.58,-462.5379987940753
370212,4483.3070773263935,5631.186693829929,-1562.0,1.0,-1.562,744.6666666666666,16.666666666666668,30.0,7.446666666666666,1147.8796165035355
370214,1566.1925506902223,2223.800727545963,351.0,0.0,0.351,3219.0,28.0,15.0,32.19,657.6081768557408
370215,1157.770114335861,1170.9755669512126,45817.0,0.0,45.817,23367.333333333332,76.0,1112.6666666666667,233.67333333333332,13.205452615351533
370216,687.5436015274348,256.4664340435436,-372.0,1.0,-0.372,2802.6666666666665,34.666666666666664,291.0,28.026666666666664,-431.07716748389123
370218,600.4327666888795,3489.2289938264403,-23247.0,1.0,-23.247,6883.5,63.0,1682.0,68.835,2888.796227137561
370220,221.4061101711404,256.4664340435436,45407.0,0.0,45.407,253.66666666666666,15.333333333333334,13.0,2.5366666666666666,35.06032387240319
370222,386.8198754662478,763.4566210251228,327.0,0.0,0.327,6051.666666666667,52.666666666666664,75.33333333333333,60.51666666666667,376.63674555887496
370225,519.6758894831703,795.3765260374629,51291.0,0.0,51.291,325.3333333333333,20.0,63.5,3.253333333333333,275.7006365542926
370227,2955.2093759848385,2273.5785907854834,-37433.0,1.0,-37.433,2351.3333333333335,31.333333333333332,677.0,23.513333333333335,-681.6307851993552
370228,774.9485857960271,588.4321543333929,128045.0,0.0,128.045,2322.0,54.666666666666664,538.3333333333334,23.22,-186.51643146263427
370229,771.8773661813613,671.3783088637982,-62740.0,1.0,-62.74,1695.0,31.0,353.5,16.95,-100.49905731756303
370235,542.712513265089,849.7742884480872,67543.0,0.0,67.543,4608.0,30.0,170.0,46.08,307.0617751829982
380001,8611.007743547207,8054.866115598786,-8787.0,1.0,-8.787,4428.666666666667,34.0,1288.0,44.28666666666667,-556.141627948421
380002,7173.746694320047,3315.9136146011897,-111627.0,1.0,-111.627,13398.666666666666,60.0,4746.666666666667,133.98666666666665,-3857.8330797188573
380004,10314.913194641722,8726.270813769785,317169.0,0.0,317.169,63711.333333333336,278.3333333333333,19652.0,637.1133333333333,-1588.6423808719373
380005,2169.5016018201873,3994.882987891478,56942.0,0.0,56.942,3735.0,33.5,1152.0,37.35,1825.3813860712908
380009,10229.204648583198,11133.528764616662,373103.0,0.0,373.103,98582.0,209.0,27855.5,985.82,904.3241160334637
380014,5424.382734449678,4412.0674748477095,542409.0,0.0,542.409,19179.0,97.33333333333333,5068.333333333333,191.79,-1012.3152596019681
380018,5044.405366824682,4805.930663631596,727659.0,0.0,727.659,34478.333333333336,160.0,13547.333333333334,344.78333333333336,-238.4747031930856
380020,999.1916561508065,2982.022007977616,466428.0,0.0,466.428,11458.666666666666,76.66666666666667,2167.0,114.58666666666666,1982.8303518268094
380021,1023.2925602654409,864.5568586450516,-110087.0,1.0,-110.087,9279.666666666666,120.0,4727.0,92.79666666666667,-158.73570162038925
380022,2601.1352870925316,7184.600973326805,-638750.0,1.0,-638.75,5726.0,49.333333333333336,2776.0,57.26,4583.465686234273
380027,1745.3285210598767,2989.04348617939,753580.0,0.0,753.58,21022.0,69.5,5551.0,210.22,1243.7149651195134
380029,6537.853407243438,5592.484121336731,0.0,0.0,0.0,5133.0,39.333333333333336,4228.0,51.33,-945.3692859067069
380037,4778.313571075677,5273.7534970605,4336.0,0.0,4.336,3909.6666666666665,34.0,1303.6666666666667,39.096666666666664,495.4399259848233
380038,1935.1040909888113,3914.6931816658293,-15821.0,1.0,-15.821,5669.0,64.0,2146.6666666666665,56.69,1979.589090677018
380040,2157.1247940918965,4689.068561102581,-684887.0,1.0,-684.887,3700.6666666666665,32.0,1159.3333333333333,37.00666666666667,2531.9437670106845
380047,3326.2819640816565,3973.9547112430273,0.0,0.0,0.0,29062.0,142.0,10958.0,290.62,647.6727471613708
380050,1690.3332192393507,5775.671460683669,-65448.0,1.0,-65.448,13155.0,75.33333333333333,4662.666666666667,131.55,4085.3382414443176
380051,3573.0975359541067,5671.177953123011,702806.0,0.0,702.806,43667.666666666664,205.33333333333334,19963.666666666668,436.6766666666666,2098.0804171689047
380052,4298.898538931053,3776.8253189929587,10035.0,0.0,10.035,5161.0,35.5,1273.0,51.61,-522.0732199380941
380056,705.4498236679983,1016.0613493651268,-52478.0,1.0,-52.478,1727.0,36.666666666666664,622.6666666666666,17.27,310.6115256971285
380060,3875.0199361890554,5542.7717265002475,211821.0,0.0,211.821,14917.666666666666,117.66666666666667,1689.0,149.17666666666665,1667.751790311192
380061,6216.407534502811,9586.129949247372,385169.0,0.0,385.169,43556.666666666664,208.66666666666666,12484.666666666666,435.56666666666666,3369.7224147445604
380071,1789.9192734205412,1801.0947109798544,-6701.0,1.0,-6.701,8673.333333333334,61.333333333333336,2312.3333333333335,86.73333333333333,11.175437559313195
380075,3837.7400659746895,3438.6481309153596,218211.0,0.0,218.211,13699.333333333334,81.33333333333333,3427.3333333333335,136.99333333333334,-399.0919350593299
380082,4450.950618487081,4886.20121143149,57425.0,0.0,57.425,4847.333333333333,48.666666666666664,1721.6666666666667,48.47333333333333,435.2505929444096
380090,718.7193228670878,455.2462496053508,-556434.0,1.0,-556.434,18492.0,96.0,5104.0,184.92,-263.47307326173706
380102,5233.199893383265,4295.280466407756,449822.0,0.0,449.822,66331.0,164.5,17582.0,663.31,-937.9194269755089
390002,221.4061101711404,256.4664340435436,0.0,0.0,0.0,35468.5,93.5,1140.0,354.685,35.06032387240319
390003,337.7142589458957,1052.1933697328302,53065.0,0.0,53.065,5391.0,35.0,1094.5,53.91,714.4791107869345
390004,757.4611694545798,1256.0562270688781,12879.0,0.0,12.879,43509.5,143.5,2155.0,435.095,498.5950576142983
390006,1150.4979279636054,342.00831110355284,465577.0,0.0,465.577,78914.5,146.5,28539.0,789.145,-808.4896168600526
390008,1963.7417254564762,2679.9645604948987,-8784.0,1.0,-8.784,5551.5,42.0,151.0,55.515,716.2228350384225
390009,820.6355384651893,1055.3090656623463,-56997.0,1.0,-56.997,56270.0,178.5,13413.5,562.7,234.673527197157
390012,451.25910950721305,525.233342941524,854.0,0.0,0.854,11627.333333333334,68.0,779.5,116.27333333333334,73.97423343431097
390013,4091.2694537776547,3352.8998374532894,73332.0,0.0,73.332,13321.5,69.0,1313.0,133.215,-738.3696163243653
390016,1791.7334524355038,1648.265866174797,-141318.0,1.0,-141.318,24130.5,114.0,1028.5,241.305,-143.46758626070664
390019,221.4061101711404,464.0281457310317,-1.0,1.0,-0.001,5715.0,46.5,232.5,57.15,242.62203555989132
390027,1155.381056531455,1044.3631230958663,9529473.0,0.0,9529.473,84525.0,254.0,10931.5,845.25,-111.0179334355887
390028,714.6721948162254,355.30882369315594,25398.0,0.0,25.398,66091.5,182.5,4059.0,660.915,-359.3633711230695
390030,651.9388011797064,430.8100612225177,663380.0,0.0,663.38,25264.0,76.0,3735.5,252.64,-221.1287399571887
390031,663.7708351033227,345.7181972823006,-17790.0,1.0,-17.79,19843.0,58.0,1065.5,198.43,-318.05263782102213
390032,1359.7334891510186,871.8420437532881,-214664.0,1.0,-214.664,24845.5,116.0,786.0,248.455,-487.89144539773054
390035,221.4061101711404,899.8904380818964,-52.0,1.0,-0.052,6681.0,29.5,231.0,66.81,678.484327910756
390036,2825.1839471048497,1900.938089487476,112084.0,0.0,112.084,44208.5,126.0,1248.5,442.085,-924.2458576173738
390037,1995.5869527345003,1824.8183977226004,261.0,0.0,0.261,21064.5,81.0,499.0,210.645,-170.76855501189993
390039,697.29940375318,607.6772834351823,-17963.0,1.0,-17.963,11812.0,61.5,1474.0,118.12,-89.62212031799766
390041,1872.68975049736,4490.804968156363,174794.0,0.0,174.794,26358.5,97.5,1379.5,263.585,2618.1152176590035
390042,2178.230757492071,1978.236383672418,44773.0,0.0,44.773,34282.0,100.5,4638.0,342.82,-199.994373819653
390043,599.2936780946434,583.7774219474726,17021.0,0.0,17.021,6255.5,45.5,1222.0,62.555,-15.516256147170793
390044,2044.5054174826819,6698.154877935746,1016693.0,0.0,1016.693,91066.5,215.0,6150.0,910.665,4653.649460453064
390045,2864.3740674774945,4343.250883811689,332797.0,0.0,332.797,33005.0,100.0,6104.5,330.05,1478.8768163341947
390046,4739.938924851112,11133.528764616662,327503.0,0.0,327.503,89107.5,226.0,6352.5,891.075,6393.58983976555
390048,1083.905557158736,1052.8475338156284,480167.0,0.0,480.167,12317.5,64.5,2601.0,123.175,-31.058023343107607
390050,3374.890155877144,2969.961492077391,-1175074.0,1.0,-1175.074,84091.5,237.0,5811.5,840.915,-404.92866379975294
390052,2278.802305460438,1614.830700666051,-45210.0,1.0,-45.21,11500.0,52.0,1484.0,115.0,-663.9716047943873
390056,1511.9418699652758,549.3949080442354,19175.0,0.0,19.175,6221.5,41.0,1259.5,62.215,-962.5469619210404
390057,527.6856354863587,1587.9685360970705,56243.0,0.0,56.243,25768.0,104.0,558.0,257.68,1060.2829006107117
390058,1259.860030927628,793.616518559331,-3845.0,1.0,-3.845,17582.5,81.5,1620.0,175.825,-466.24351236829705
390061,749.1710016473808,517.6598582930919,197576.0,0.0,197.576,15213.0,99.5,1539.5,152.13,-231.51114335428883
390062,1331.6662384446379,1205.0264804080389,-18339.0,1.0,-18.339,5427.0,35.0,1758.0,54.27,-126.639758036599
390065,9055.943789623956,8152.873645298968,139305.0,0.0,139.305,12905.0,46.0,786.5,129.05,-903.0701443249882
390066,2304.253939901697,1429.4502479635225,-119108.0,1.0,-119.108,26120.0,71.5,2302.0,261.2,-874.8036919381743
390067,2395.1846150977544,6815.2230706387945,124599.0,0.0,124.599,86611.0,241.5,8047.5,866.11,4420.03845554104
390068,581.7778582312259,513.2447361144086,-43467.0,1.0,-43.467,7884.5,81.0,293.0,78.845,-68.53312211681725
390070,967.1915053947184,256.4664340435436,-33354.0,1.0,-33.354,18270.0,57.5,932.0,182.7,-710.7250713511748
390071,712.5470041686967,665.1569447480753,95242.0,0.0,95.242,3394.5,34.5,982.0,33.945,-47.39005942062147
390072,755.114036865468,493.30191951973654,80102.0,0.0,80.102,8408.5,51.5,1224.0,84.085,-261.8121173457315
390073,756.6196398367061,1367.4156860498924,1822385.0,0.0,1822.385,61111.5,193.5,8435.0,611.115,610.7960462131863
390079,223.8437762439899,256.4664340435436,-175241.0,1.0,-175.241,45794.5,115.5,10006.0,457.945,32.62265779955368
390084,225.20438493787904,256.4664340435436,132114.0,0.0,132.114,5896.5,58.0,928.5,58.965,31.262049105664545
390086,1166.8957802182354,1275.9434976031487,-126409.0,1.0,-126.409,24473.0,86.0,7692.5,244.73,109.04771738491331
390090,997.7792897115702,3101.785354485833,278059.0,0.0,278.059,34113.5,190.0,3118.5,341.135,2104.006064774263
390091,2536.761737719639,563.0765197286564,281343.0,0.0,281.343,19406.0,74.5,3397.0,194.06,-1973.6852179909824
390093,905.2585912530118,773.7833527650861,-177928.0,1.0,-177.928,7930.0,46.0,1065.5,79.3,-131.4752384879257
390096,2234.4715415421424,2341.693728649654,39443.0,0.0,39.443,27243.0,103.0,2096.0,272.43,107.22218710751167
390100,2816.2477278048596,2350.4972588206083,137861.0,0.0,137.861,111949.0,284.0,5509.0,1119.49,-465.75046898425126
390101,1410.8916363205533,671.4237169582389,-63843.0,1.0,-63.843,14359.5,65.0,620.5,143.595,-739.4679193623144
390102,619.9068765174495,256.4664340435436,-14273.0,1.0,-14.273,43627.0,125.0,850.0,436.27,-363.44044247390593
390104,1100.3050740808903,256.4664340435436,-103953.0,1.0,-103.953,3546.5,28.0,174.0,35.465,-843.8386400373467
390107,1119.7486145277169,732.4244561909104,3130.0,0.0,3.13,56990.0,157.5,975.5,569.9,-387.3241583368065
390110,1299.2504737447127,1131.3104472257412,207750.0,0.0,207.75,76959.0,216.0,10568.5,769.59,-167.94002651897154
390111,5590.503082449862,11133.528764616662,1396304.0,0.0,1396.304,148025.0,298.0,11757.5,1480.25,5543.0256821668
390112,809.4893890209061,1343.1394665845653,-244122.0,1.0,-244.122,4386.5,37.0,604.5,43.865,533.6500775636592
390113,888.8510222847441,732.7797700313288,6207837.0,0.0,6207.837,22809.5,80.0,2800.5,228.095,-156.0712522534153
390114,10314.913194641722,5235.122273514806,40175.0,0.0,40.175,53681.0,131.0,5221.5,536.81,-5079.790921126916
390116,221.4061101711404,256.4664340435436,145854.0,0.0,145.854,14138.666666666666,75.0,2604.3333333333335,141.38666666666666,35.06032387240319
390117,1145.3456697918327,2038.5615764787908,0.0,0.0,0.0,4094.5,37.5,774.5,40.945,893.2159066869581
390118,2836.008635902344,2658.5067860485215,-18834.0,1.0,-18.834,9987.0,56.0,4487.0,99.87,-177.50184985382248
390119,1741.7624026214328,630.9499236625869,190677.0,0.0,190.677,32965.0,88.0,11160.5,329.65,-1110.812478958846
390122,413.0972893963665,1034.559636892774,-36887.0,1.0,-36.887,6795.5,49.0,1465.5,67.955,621.4623474964076
390123,1193.3567498479053,714.321943235809,66399.0,0.0,66.399,27496.5,91.0,1125.0,274.965,-479.0348066120963
390125,1658.9832517349635,627.4206529975661,196618.0,0.0,196.618,10635.0,56.0,1900.0,106.35,-1031.5625987373974
390130,292.3802230459139,486.2416200420608,-46091.0,1.0,-46.091,2959.0,27.5,177.0,29.59,193.86139699614688
390132,370.60497970137976,639.7992259285869,-378092.0,1.0,-378.092,22718.0,75.0,7057.5,227.18,269.19424622720715
390138,815.0578144037768,2538.0031258395516,189523.0,0.0,189.523,7616.0,52.0,1205.0,76.16,1722.9453114357748
390139,221.4061101711404,1282.9651678099458,161903.0,0.0,161.903,53873.0,139.5,1752.5,538.73,1061.5590576388054
390145,1797.5243338619073,5656.584415960055,219989.0,0.0,219.989,58474.0,167.5,2345.0,584.74,3859.060082098147
390146,655.7023041612472,831.1079826811858,-1197.0,1.0,-1.197,8000.5,47.5,1646.0,80.005,175.40567851993865
390147,1345.0149905852159,2611.2789533165223,153819.0,0.0,153.819,24600.0,81.0,3438.0,246.0,1266.2639627313065
390150,1932.6319829685947,3732.890131101338,-15511.0,1.0,-15.511,6880.5,32.0,153.5,68.805,1800.2581481327431
390151,1827.230145633992,1686.6780075379893,-130743.0,1.0,-130.743,32420.0,104.5,3566.5,324.2,-140.55213809600264
390153,484.0288777981422,2601.9394756575693,1467.0,0.0,1.467,39254.5,118.0,1131.0,392.545,2117.910597859427
390154,922.3825181096229,880.2255609696127,7358.0,0.0,7.358,9875.0,45.5,945.5,98.75,-42.15695714001015
390157,432.44510780386315,437.2904602723036,-110468.0,1.0,-110.468,10595.5,52.0,398.0,105.955,4.845352468440467
390160,477.0748954726261,878.9323599965714,5008.0,0.0,5.008,9557.5,55.0,401.0,95.575,401.85746452394534
390163,1063.3407086406655,915.9894116850734,89464.0,0.0,89.464,19066.0,77.5,1341.5,190.66,-147.35129695559215
390168,997.3293806133864,669.4893704937651,-111431.0,1.0,-111.431,34415.0,109.0,7249.5,344.15,-327.8400101196213
390173,1273.668421978064,1437.8525805773568,35205.0,0.0,35.205,19221.5,76.0,917.5,192.215,164.1841585992927
390174,885.2543109980095,592.5904174923178,-738069.0,1.0,-738.069,154666.5,334.0,12392.0,1546.665,-292.6638935056917
390178,1713.1884100119742,1711.9718511925823,0.0,0.0,0.0,21803.5,75.0,2839.0,218.035,-1.216558819391821
390179,2212.2746509303347,2520.6192630861765,1040781.0,0.0,1040.781,42817.5,108.5,1648.5,428.175,308.3446121558418
390183,1470.3857092540973,1112.9169845226556,5435.0,0.0,5.435,5975.0,34.5,367.0,59.75,-357.4687247314416
390184,789.6863233889846,1826.6396696538766,-22891.0,1.0,-22.891,3731.5,32.5,253.5,37.315,1036.953346264892
390192,529.412197643336,538.7533998815348,6879.0,0.0,6.879,3821.0,41.0,263.0,38.21,9.341202238198889
390194,738.2764881637961,642.0476857183687,-1157.0,1.0,-1.157,8805.0,54.5,883.5,88.05,-96.22880244542739
390197,221.4061101711404,256.4664340435436,79605.0,0.0,79.605,15938.5,91.5,3198.5,159.385,35.06032387240319
390198,753.8459701263315,690.5504693095153,-28556.0,1.0,-28.556,6807.5,44.0,1013.5,68.075,-63.29550081681623
390199,971.2242463872262,797.9272415987284,389839.0,0.0,389.839,6102.0,34.5,718.0,61.02,-173.29700478849782
390201,452.99359332422574,1675.7640708206006,-2755.0,1.0,-2.755,35795.0,107.5,4733.5,357.95,1222.770477496375
390203,260.30877814778773,345.8791311606738,36888.0,0.0,36.888,37152.5,126.0,2668.5,371.525,85.57035301288607
390204,1988.1842773674002,1036.0898861533228,53324.0,0.0,53.324,27772.333333333332,108.0,1445.3333333333333,277.7233333333333,-952.0943912140774
390211,3245.205305467391,2053.885464075606,-212018.0,1.0,-212.018,29186.0,84.0,8018.0,291.86,-1191.3198413917853
390217,1613.2528624188217,2092.8915383734397,28697.0,0.0,28.697,10390.0,61.0,274.5,103.9,479.63867595461807
390219,1274.0803910304935,3722.4678099727776,166113.0,0.0,166.113,20166.0,73.5,874.0,201.66,2448.387418942284
390220,251.29645974196308,256.4664340435436,101619.0,0.0,101.619,10082.5,40.5,887.5,100.825,5.16997430158051
390223,381.2814937756338,3079.7572261871824,703984.0,0.0,703.984,45459.5,126.0,1987.5,454.595,2698.4757324115485
390225,2156.64030453879,2284.1806860698616,-3114.0,1.0,-3.114,18718.5,69.0,491.5,187.185,127.54038153107149
390226,1145.4719733989664,3120.828534520943,1043675.0,0.0,1043.675,69487.5,156.0,4272.5,694.875,1975.3565611219765
390228,2901.6602325876456,2637.7373956639653,1248.0,0.0,1.248,44856.0,131.5,1354.5,448.56,-263.9228369236803
390233,4049.5467077458093,3358.564259255675,149119.0,0.0,149.119,16815.0,55.5,187.5,168.15,-690.9824484901342
390236,1803.4989734768358,1706.232445303912,56778.0,0.0,56.778,4276.5,34.5,854.5,42.765,-97.2665281729237
390256,8790.033381196707,5533.581463134032,421759.0,0.0,421.759,87973.0,181.5,11010.5,879.73,-3256.451918062675
390258,10232.78590558692,9368.414288429534,194316.0,0.0,194.316,59790.666666666664,186.66666666666666,2633.0,597.9066666666666,-864.3716171573851
390265,3176.9110721123,1971.310848264336,-6853.0,1.0,-6.853,48481.5,166.0,1549.5,484.815,-1205.6002238479641
390266,452.58807747510207,709.0087520871949,-9644.0,1.0,-9.644,5053.5,55.5,558.5,50.535,256.42067461209285
390267,789.5808165764315,1765.5933396328728,-698598.0,1.0,-698.598,41975.5,131.0,1154.0,419.755,976.0125230564413
390268,3170.7284088376296,3692.230518899299,2342.0,0.0,2.342,33881.0,108.5,3472.0,338.81,521.5021100616696
390270,5327.8629136733425,2919.6628436619635,0.0,0.0,0.0,37798.5,102.5,7480.0,377.985,-2408.200070011379
390278,1493.4461211486546,1815.1205854542904,-1696.0,1.0,-1.696,7554.5,39.0,2099.5,75.545,321.67446430563587
390307,1118.560716365201,488.33512184946494,54.0,0.0,0.054,217.66666666666666,16.666666666666668,18.0,2.1766666666666667,-630.225594515736
390314,911.3129706053858,517.6839265516127,-6388.0,1.0,-6.388,1655.0,23.333333333333332,2.0,16.55,-393.6290440537731
390316,789.3645672886385,789.8788564857997,2390.0,0.0,2.39,935.3333333333334,20.0,1.0,9.353333333333333,0.5142891971612471
390321,1795.8998124242987,4775.176107972461,-3819.0,1.0,-3.819,787.3333333333334,24.666666666666668,2.0,7.873333333333334,2979.276295548162
390322,632.4140012767633,256.4664340435436,5148.0,0.0,5.148,433.5,27.0,,4.335,-375.94756723321973
390323,623.2761934417217,1809.8630319594827,4235.0,0.0,4.235,609.0,22.0,,6.09,1186.586838517761
390324,287.27828583787056,256.4664340435436,55990.0,0.0,55.99,115.0,30.0,,1.15,-30.81185179432697
390325,2162.056943701573,5914.8276468915765,0.0,0.0,0.0,2486.0,30.0,,24.86,3752.7707031900036
400003,1244.8045726626715,4617.531691950141,84087.0,0.0,84.087,18712.0,73.0,7931.0,187.12,3372.7271192874696
400004,644.8137275837191,416.2489282854268,-3340.0,1.0,-3.34,30365.0,113.5,,303.65,-228.56479929829231
400005,1533.2243092912058,3175.9821366922124,80581.0,0.0,80.581,7071.666666666667,51.333333333333336,3256.0,70.71666666666667,1642.7578274010066
400006,463.249694130105,7228.40596051254,62007.0,0.0,62.007,16301.5,74.5,6384.0,163.015,6765.156266382435
400007,1671.9352373297625,1252.6015265604253,-24288.0,1.0,-24.288,18573.0,100.66666666666667,15829.333333333334,185.73,-419.33371076933713
400009,470.195432427875,366.64278192044526,31250.0,0.0,31.25,7267.5,56.5,2452.0,72.675,-103.55265050742975
400010,505.02536847561686,951.62828625211,1597.0,0.0,1.597,686.3333333333334,26.0,294.6666666666667,6.863333333333333,446.60291777649314
400011,937.129539476583,924.8737997354551,58765.0,0.0,58.765,6471.333333333333,47.333333333333336,5970.666666666667,64.71333333333332,-12.255739741127854
400012,591.2689055375847,1007.2073319950391,26178.0,0.0,26.178,4777.5,36.0,1619.0,47.775,415.9384264574544
400014,2120.7970794136695,1548.159092763539,237301.0,0.0,237.301,20967.666666666668,107.33333333333333,,209.67666666666668,-572.6379866501304
400016,2252.0148635146325,1657.6321872305384,985193.0,0.0,985.193,72086.0,310.6666666666667,,720.86,-594.382676284094
400019,1975.3464285625344,3106.0920214079597,194.0,0.0,0.194,29243.666666666668,112.0,,292.43666666666667,1130.7455928454253
400021,9802.650219745561,5676.257225525496,-6079.0,1.0,-6.079,22036.333333333332,108.33333333333333,9388.666666666666,220.36333333333332,-4126.392994220065
400022,3329.613585444408,2954.498832559215,183846.0,0.0,183.846,27078.333333333332,127.33333333333333,15081.0,270.7833333333333,-375.11475288519296
400026,666.9084911856319,600.7666248655929,-7.0,1.0,-0.007,3411.0,32.0,,34.11,-66.14186632003896
400032,2662.4804304174713,886.0494847819891,-9530.0,1.0,-9.53,31056.666666666668,155.66666666666666,19245.0,310.56666666666666,-1776.4309456354822
400044,2945.5395440862753,6224.361607222411,622799.0,0.0,622.799,42944.666666666664,215.0,20708.0,429.44666666666666,3278.822063136136
400048,5663.442483929777,2963.429427358061,36196.0,0.0,36.196,13857.333333333334,80.66666666666667,12462.666666666666,138.57333333333335,-2700.0130565717163
400079,1683.5388208277188,2095.8754147747677,48709.0,0.0,48.709,17149.0,107.33333333333333,10505.0,171.49,412.33659394704887
400087,2812.7372686826516,3768.1006666860585,63583.0,0.0,63.583,23512.666666666668,114.33333333333333,16898.0,235.12666666666667,955.3633980034069
400098,2648.4230441349514,3594.739665817679,6402.0,0.0,6.402,13708.333333333334,99.0,12198.666666666666,137.08333333333334,946.3166216827276
400102,1371.3747959806992,11133.528764616662,-20308.0,1.0,-20.308,21277.0,65.5,4596.5,212.77,9762.153968635963
400103,1104.880125955552,11133.528764616662,89144.0,0.0,89.144,20393.333333333332,86.33333333333333,3202.0,203.9333333333333,10028.64863866111
400104,221.4061101711404,2356.4626592688533,-1414.0,1.0,-1.414,6335.5,81.0,4444.5,63.355,2135.056549097713
400106,1893.2866855934776,3409.165819572433,66035.0,0.0,66.035,14972.666666666666,88.66666666666667,,149.72666666666666,1515.8791339789555
400109,2574.298110945073,2811.7784234576816,-476.0,1.0,-0.476,51428.666666666664,253.33333333333334,,514.2866666666666,237.48031251260863
400110,703.7372575084306,2212.451797631281,9047.0,0.0,9.047,5761.333333333333,84.66666666666667,3905.6666666666665,57.61333333333333,1508.7145401228504
400111,2174.537951326772,2385.9851236034315,-35697.0,1.0,-35.697,10950.0,76.0,4932.0,109.5,211.44717227665933
400112,1459.617963934663,1193.1429348228228,229902.0,0.0,229.902,34210.5,92.5,13417.5,342.105,-266.4750291118403
400113,1150.5287772594802,1653.0234008942668,-4012.0,1.0,-4.012,15363.666666666666,83.33333333333333,8802.333333333334,153.63666666666666,502.49462363478665
400115,292.33662851958366,256.4664340435436,3021.0,0.0,3.021,7861.333333333333,92.66666666666667,5533.333333333333,78.61333333333333,-35.87019447604007
400117,1158.6685225399933,3747.4001170115075,-79281.0,1.0,-79.281,15482.333333333334,95.33333333333333,8262.666666666666,154.82333333333335,2588.731594471514
400120,10314.913194641722,4282.91267375551,-272459.0,1.0,-272.459,52901.0,211.33333333333334,26053.666666666668,529.01,-6032.000520886212
400121,470.73254219450195,1479.0385455611327,4217.0,0.0,4.217,6402.0,42.0,,64.02,1008.3060033666306
400122,309.9917102684416,386.5742004745945,139730.0,0.0,139.73,2346.0,42.0,,23.46,76.5824902061529
400123,10314.913194641722,6205.4829706223045,32607.0,0.0,32.607,16318.666666666666,82.0,6609.0,163.18666666666667,-4109.430224019417
400124,3195.8495595243116,2785.362608236532,-32560.0,1.0,-32.56,22100.5,53.0,6946.5,221.005,-410.48695128777945
400125,1098.6235270871248,545.4228244097316,-921.0,1.0,-0.921,15368.333333333334,106.66666666666667,8320.333333333334,153.68333333333334,-553.2007026773932
400126,672.4933851007119,1110.0283505462276,1559.0,0.0,1.559,7259.0,60.666666666666664,3392.3333333333335,72.59,437.5349654455157
400127,2435.653730253671,11133.528764616662,13717.0,0.0,13.717,7006.0,50.0,,70.06,8697.87503436299
400128,1714.4606161962547,3445.5394584149767,1640.0,0.0,1.64,10623.666666666666,89.33333333333333,15240.666666666666,106.23666666666666,1731.078842218722
410001,1679.3083391624498,3822.07353204891,-14285.0,1.0,-14.285,17312.0,86.66666666666667,2243.3333333333335,173.12,2142.7651928864598
410004,2864.652499926895,2716.574882405775,-188521.0,1.0,-188.521,18650.666666666668,107.0,2701.5,186.5066666666667,-148.07761752111992
410005,888.000391992691,499.6623813624619,695274.0,0.0,695.274,19956.333333333332,130.33333333333334,1962.3333333333333,199.56333333333333,-388.3380106302291
410006,2012.0382855046084,1299.9984779518254,75590.0,0.0,75.59,13694.0,71.33333333333333,513.3333333333334,136.94,-712.039807552783
410007,2108.4530972627977,1733.6522276736346,-2396.0,1.0,-2.396,92302.0,335.0,13917.666666666666,923.02,-374.8008695891631
410008,4504.866178502769,5152.667902374121,-72790.0,1.0,-72.79,11986.333333333334,66.66666666666667,276.6666666666667,119.86333333333334,647.8017238713519
410009,6852.388067749466,3397.7418231714228,1256866.0,0.0,1256.866,43692.333333333336,180.66666666666666,5837.0,436.92333333333335,-3454.6462445780435
410010,10314.913194641722,10178.586645417343,-59498.0,1.0,-59.498,27858.333333333332,111.33333333333333,33490.666666666664,278.5833333333333,-136.32654922437905
410011,3316.6090605852623,1387.7943650040652,-49164.0,1.0,-49.164,19095.0,81.33333333333333,1853.3333333333333,190.95,-1928.8146955811972
410012,1170.0495532275336,802.7334008224416,1492907.0,0.0,1492.907,39910.333333333336,151.33333333333334,2433.0,399.10333333333335,-367.316152405092
410013,2863.2609928356887,1958.6542954751553,-99733.0,1.0,-99.733,11633.333333333334,71.33333333333333,375.3333333333333,116.33333333333334,-904.6066973605334
420002,2584.356016038691,2043.221256968301,-42432.0,1.0,-42.432,45822.0,133.0,9951.0,458.22,-541.1347590703899
420004,10314.913194641722,11133.528764616662,388943.0,0.0,388.943,113677.0,232.0,34750.0,1136.77,818.6155699749397
420005,1179.6666424935024,634.4847884001045,-14380.0,1.0,-14.38,6270.666666666667,48.0,1256.6666666666667,62.70666666666667,-545.1818540933979
420007,10314.913194641722,10764.166825414668,871360.0,0.0,871.36,85977.33333333333,272.0,15280.333333333334,859.7733333333333,449.25363077294605
420009,3038.521069282363,1138.5299218795299,565060.0,0.0,565.06,20698.333333333332,84.66666666666667,2525.3333333333335,206.98333333333332,-1899.9911474028331
420010,668.4168578524783,590.399550093951,-165588.0,1.0,-165.588,15161.333333333334,79.33333333333333,3262.0,151.61333333333334,-78.0173077585273
420011,984.4806709419329,434.09006208745063,248802.0,0.0,248.802,2682.0,35.333333333333336,212.66666666666666,26.82,-550.3906088544823
420015,2318.921963804325,1364.7964581180906,-447588.0,1.0,-447.588,12368.333333333334,61.666666666666664,2773.0,123.68333333333334,-954.1255056862344
420016,967.7518974468101,695.2176421830131,207720.0,0.0,207.72,1667.3333333333333,30.0,303.3333333333333,16.673333333333332,-272.5342552637969
420018,3723.3729478542436,3225.3759557623416,27435.0,0.0,27.435,93178.0,262.3333333333333,36067.0,931.78,-497.99699209190203
420019,566.0995376551972,1238.6303482166475,-370882.0,1.0,-370.882,3736.0,60.666666666666664,409.6666666666667,37.36,672.5308105614503
420020,1600.0874041322227,1398.205172867687,265706.0,0.0,265.706,18032.666666666668,90.66666666666667,3403.6666666666665,180.32666666666668,-201.88223126453568
420023,2935.655461866117,2041.709825469571,912220.0,0.0,912.22,54486.5,158.0,4514.0,544.865,-893.9456363965462
420026,1654.2759466078319,1365.4763931293269,95968.0,0.0,95.968,40923.0,192.0,2504.6666666666665,409.23,-288.799553478505
420027,2527.4890873555682,2084.848959601479,947332.0,0.0,947.332,54653.666666666664,222.33333333333334,5860.666666666667,546.5366666666666,-442.64012775408946
420030,745.2326378731165,439.86069869117034,-45431.0,1.0,-45.431,13720.333333333334,77.66666666666667,2218.6666666666665,137.20333333333335,-305.3719391819461
420033,3673.6588425205814,3484.403300558741,43627.0,0.0,43.627,8177.666666666667,44.666666666666664,861.3333333333334,81.77666666666667,-189.2555419618402
420036,258.7228140159501,347.9543810569124,34321.0,0.0,34.321,17873.333333333332,105.33333333333333,2808.3333333333335,178.73333333333332,89.23156704096226
420037,1732.8690807204955,2306.3580332337256,15177.0,0.0,15.177,4267.333333333333,34.666666666666664,246.0,42.67333333333333,573.4889525132301
420038,1933.6961108366738,5803.808044157563,-74484.0,1.0,-74.484,8360.333333333334,55.333333333333336,1739.6666666666667,83.60333333333334,3870.111933320889
420039,916.3916238977029,1230.0119169488464,16637.0,0.0,16.637,6444.0,76.0,656.6666666666666,64.44,313.62029305114356
420043,396.74045530057464,424.5443187782849,-142805.0,1.0,-142.805,9952.666666666666,85.33333333333333,1814.3333333333333,99.52666666666666,27.80386347771025
420048,2728.107153437228,1545.9770568686338,19731.0,0.0,19.731,17595.0,82.66666666666667,1978.3333333333333,175.95,-1182.1300965685944
420049,2513.6245616611723,2306.9230850220847,-46798.0,1.0,-46.798,22790.0,106.66666666666667,5232.333333333333,227.9,-206.70147663908756
420051,2595.636157683796,2146.291515480004,-697231.0,1.0,-697.231,78288.33333333333,264.0,20225.0,782.8833333333333,-449.34464220379186
420053,660.3118586926424,723.8406394152762,50597.0,0.0,50.597,6255.0,56.5,1120.0,62.55,63.52878072263377
420054,312.45924159430234,361.2732044093696,28812.0,0.0,28.812,2979.0,58.0,512.0,29.79,48.81396281506727
420055,1573.769214236146,579.4987976516419,-972208.0,1.0,-972.208,8064.666666666667,59.0,1733.6666666666667,80.64666666666668,-994.270416584504
420057,1007.6014027715947,1195.5713745074474,249669.0,0.0,249.669,4028.0,42.666666666666664,849.3333333333334,40.28,187.9699717358527
420065,1479.8506451489402,2247.846407651817,63777.0,0.0,63.777,21595.666666666668,138.66666666666666,2939.6666666666665,215.95666666666668,767.9957625028769
420066,1710.8883278386616,1063.6837235695627,-1599.0,1.0,-1.599,2164.0,30.0,258.5,21.64,-647.2046042690988
420067,2872.728400953215,2385.3303036968023,1625746.0,0.0,1625.746,25066.0,116.0,4264.0,250.66,-487.3980972564127
420068,877.8330974329774,1212.9950991586768,1353511.0,0.0,1353.511,32700.666666666668,164.0,7580.666666666667,327.00666666666666,335.1620017256994
420069,2735.0060070927557,5495.794088372995,160042.0,0.0,160.042,6625.666666666667,38.333333333333336,1575.6666666666667,66.25666666666667,2760.7880812802396
420070,5772.692846180198,2306.2783160454137,-14445.0,1.0,-14.445,41583.333333333336,134.66666666666666,7359.0,415.83333333333337,-3466.4145301347844
420071,2138.707495054824,2066.100228302397,687297.0,0.0,687.297,35919.666666666664,189.66666666666666,7740.0,359.19666666666666,-72.60726675242677
420072,1069.5695684884777,1137.284948645487,-441050.0,1.0,-441.05,2508.0,27.333333333333332,357.0,25.08,67.71538015700935
420073,3960.478479409643,3972.928248638914,-114534.0,1.0,-114.534,58808.0,230.0,12021.666666666666,588.08,12.449769229270714
420078,4407.654702638968,8719.926327030196,941904.0,0.0,941.904,107357.66666666667,385.0,31905.333333333332,1073.5766666666668,4312.271624391228
420080,1899.077563883507,1918.2671298359035,43512.0,0.0,43.512,13628.333333333334,64.0,1952.6666666666667,136.28333333333333,19.18956595239638
420082,235.2498903880705,2399.0953036953447,-461320.0,1.0,-461.32,29410.666666666668,123.33333333333333,10292.333333333334,294.1066666666667,2163.845413307274
420083,1585.2021274162482,907.598246840032,421667.0,0.0,421.667,20813.5,75.5,2007.0,208.135,-677.6038805762163
420085,2496.6171349659908,362.79099133962796,2232281.0,0.0,2232.281,48211.0,108.5,4386.5,482.11,-2133.826143626363
420086,4189.333327105999,3042.6137804498585,668369.0,0.0,668.369,44368.0,201.33333333333334,8361.0,443.68,-1146.7195466561407
420087,3011.170683423465,2283.8600181587267,457688.0,0.0,457.688,52029.666666666664,225.33333333333334,3483.0,520.2966666666666,-727.3106652647384
420089,1305.8064290038644,1323.0828554374937,-800.0,1.0,-0.8,10016.0,78.0,1224.3333333333333,100.16,17.27642643362924
420091,230.49795235085318,256.4664340435436,618692.0,0.0,618.692,58155.5,173.0,7669.0,581.555,25.968481692690403
420098,3795.778996325562,3188.192137248851,507637.0,0.0,507.637,20539.333333333332,87.33333333333333,1673.0,205.39333333333332,-607.5868590767109
420101,1038.1372381119033,1893.3299979039473,148099.0,0.0,148.099,3078.0,28.0,268.3333333333333,30.78,855.192759792044
420102,4331.826713830709,1883.6965532131862,422022.0,0.0,422.022,1583.0,58.0,35.0,15.83,-2448.130160617523
420103,2017.5186880608762,2829.189915451058,5356.0,0.0,5.356,2840.0,39.333333333333336,222.0,28.4,811.6712273901817
420104,845.5021535179692,1166.6482195145911,110244.0,0.0,110.244,5256.0,30.0,234.0,52.56,321.1460659966219
430005,2764.549090705579,2472.3321806668837,12409.0,0.0,12.409,9669.0,51.5,1334.5,96.69,-292.21691003869546
430008,925.4155101182365,3076.635880385178,-476445.0,1.0,-476.445,3514.3333333333335,42.666666666666664,393.3333333333333,35.14333333333334,2151.2203702669417
430012,870.6383699130123,6757.5008481886,-44408.0,1.0,-44.408,12063.0,59.0,2383.0,120.63,5886.862478275588
430013,1778.8585886697483,2011.3343966719929,31000.0,0.0,31.0,9749.5,55.0,1293.5,97.495,232.47580800224455
430014,5243.27402864941,3654.5170833116895,7547.0,0.0,7.547,17456.0,66.5,1935.0,174.56,-1588.7569453377205
430015,1392.842667916216,1816.5292547150927,77315.0,0.0,77.315,4324.0,42.0,1384.0,43.24,423.68658679887676
430016,4581.422914936183,7230.6386958441135,512439.0,0.0,512.439,67003.5,193.0,24348.5,670.035,2649.215780907931
430027,1136.6580080299325,4229.725298447522,-570586.0,1.0,-570.586,75094.5,187.0,25956.0,750.945,3093.067290417589
430048,2666.067773545166,4333.841133090999,8775.0,0.0,8.775,3767.0,35.0,1075.0,37.67,1667.7733595458335
430077,6090.553432147436,5413.823941128109,145093.0,0.0,145.093,57835.0,137.5,16823.5,578.35,-676.7294910193268
430089,822.7778069343041,1903.731575018637,-44426.0,1.0,-44.426,1492.3333333333333,36.666666666666664,74.0,14.923333333333332,1080.9537680843328
430090,1290.8321722787339,1282.7383278409818,-546.0,1.0,-0.546,1654.0,33.333333333333336,48.666666666666664,16.54,-8.093844437752068
430091,1835.0109454694111,1418.9139470047921,0.0,0.0,0.0,2151.3333333333335,27.333333333333332,109.66666666666667,21.513333333333335,-416.096998464619
430092,252.79699292327558,353.61054374645653,0.0,0.0,0.0,698.3333333333334,20.0,28.333333333333332,6.983333333333333,100.81355082318095
430093,1681.778890475902,3875.413693530163,79.0,0.0,0.079,245.5,18.0,27.0,2.455,2193.6348030542613
430094,1977.9023619919785,4211.360882348878,-11.0,1.0,-0.011,114.0,17.0,,1.14,2233.458520356899
430095,2134.6307464018496,4201.672765600279,5603.0,0.0,5.603,7418.0,46.666666666666664,184.33333333333334,74.18,2067.042019198429
430096,668.6249350461939,1717.8824680091946,949.0,0.0,0.949,586.0,15.333333333333334,53.666666666666664,5.86,1049.2575329630008
440001,365.36951651349204,256.4664340435436,-25165.0,1.0,-25.165,3903.5,38.0,17.5,39.035,-108.90308246994846
440003,221.4061101711404,1156.1527163460362,-294540.0,1.0,-294.54,11901.333333333334,90.0,4173.0,119.01333333333334,934.7466061748958
440006,1147.4132585849466,843.0110650414096,649479.0,0.0,649.479,33024.0,135.33333333333334,2372.3333333333335,330.24,-304.402193543537
440007,396.58099307260727,256.4664340435436,40390.0,0.0,40.39,3298.3333333333335,46.0,702.3333333333334,32.983333333333334,-140.11455902906368
440009,221.4061101711404,1236.2327586492402,98015.0,0.0,98.015,21112.5,81.5,,211.125,1014.8266484780997
440010,221.4061101711404,256.4664340435436,-269892.0,1.0,-269.892,2333.0,31.0,243.0,23.33,35.06032387240319
440011,549.1739235304084,1415.9404460964079,227688.0,0.0,227.688,36711.5,111.5,6543.0,367.115,866.7665225659995
440015,558.7765011064416,4333.227345893087,7672073.0,0.0,7672.073,74665.66666666667,251.66666666666666,14090.333333333334,746.6566666666668,3774.450844786645
440016,221.4061101711404,357.3631629005675,149505.0,0.0,149.505,3445.3333333333335,47.666666666666664,,34.45333333333333,135.9570527294271
440025,417.77099077657334,350.808697441451,191934.0,0.0,191.934,12516.5,80.0,1150.5,125.165,-66.96229333512235
440029,791.9248594573537,2139.497071745366,64086.0,0.0,64.086,25950.0,95.5,2834.0,259.5,1347.5722122880125
440030,271.1387542472696,1054.474281491507,471584.0,0.0,471.584,21271.0,73.5,5523.5,212.71,783.3355272442375
440031,942.5328523779215,1057.142101363377,-81035.0,1.0,-81.035,5435.5,32.5,806.0,54.355,114.60924898545545
440032,221.4061101711404,634.6251534791941,-10955.0,1.0,-10.955,3612.0,38.0,695.0,36.12,413.21904330805364
440033,721.6656791361819,1567.6282465207307,126610.0,0.0,126.61,5455.666666666667,43.333333333333336,1003.0,54.55666666666667,845.9625673845488
440034,1280.3740017091895,1747.1043896447445,-160775.0,1.0,-160.775,34084.0,163.33333333333334,6681.666666666667,340.84,466.730387935555
440035,476.3761125791128,386.09554274293146,207086.0,0.0,207.086,27192.666666666668,161.33333333333334,7714.0,271.9266666666667,-90.28056983618137
440040,1019.9910342496537,659.502701815518,31733.0,0.0,31.733,3459.3333333333335,24.0,356.0,34.593333333333334,-360.4883324341357
440046,221.4061101711404,268.5199341068271,-63024.0,1.0,-63.024,12963.5,68.0,13.0,129.635,47.113823935686725
440047,221.4061101711404,256.4664340435436,-9936.0,1.0,-9.936,1263.0,35.5,131.0,12.63,35.06032387240319
440048,221.4061101711404,1865.234021870961,4972351.0,0.0,4972.351,142984.66666666666,481.6666666666667,,1429.8466666666666,1643.8279116998206
440049,2412.3799082084292,2583.6186085897593,7780285.0,0.0,7780.285,189037.33333333334,620.0,87080.66666666667,1890.3733333333334,171.2387003813301
440050,1086.6607770118108,1163.5276436580502,-99104.0,1.0,-99.104,5473.5,47.5,1812.5,54.735,76.86686664623949
440053,1020.2826921373512,374.5469423361893,-333000.0,1.0,-333.0,48774.5,117.5,,487.745,-645.7357498011619
440056,309.7339731336036,915.0730006389499,-177116.0,1.0,-177.116,5514.333333333333,44.666666666666664,497.6666666666667,55.14333333333333,605.3390275053463
440058,221.4061101711404,390.4075781426813,162280.0,0.0,162.28,13393.333333333334,88.66666666666667,3031.0,133.93333333333334,169.0014679715409
440059,1135.8214095148478,5203.769239739724,-157616.0,1.0,-157.616,43013.5,115.5,9682.5,430.135,4067.9478302248763
440060,221.4061101711404,256.4664340435436,57420.0,0.0,57.42,1569.0,37.0,86.0,15.69,35.06032387240319
440064,221.4061101711404,273.64669800879045,191295.0,0.0,191.295,4109.0,37.333333333333336,546.6666666666666,41.09,52.240587837650054
440065,525.4916016763334,919.1990459085515,-19683.0,1.0,-19.683,14459.0,65.5,3969.0,144.59,393.7074442322181
440068,221.4061101711404,349.50210670207184,5486.0,0.0,5.486,6003.666666666667,71.33333333333333,2133.5,60.03666666666667,128.09599653093144
440070,221.4061101711404,355.5833753446402,130684.0,0.0,130.684,3692.0,35.0,,36.92,134.17726517349982
440073,576.1947171374713,1806.0878448875976,82389.0,0.0,82.389,36696.5,126.5,9781.5,366.965,1229.8931277501263
440081,1943.1796712430707,9679.982810357591,37266.0,0.0,37.266,6985.666666666667,45.666666666666664,2995.3333333333335,69.85666666666667,7736.8031391145205
440082,301.54936385692133,1592.5287842395078,480425.0,0.0,480.425,73164.0,195.0,6069.0,731.64,1290.9794203825863
440083,308.93838955209435,256.4664340435436,0.0,0.0,0.0,5729.666666666667,66.66666666666667,1096.3333333333333,57.29666666666667,-52.471955508550764
440084,243.21320993135004,916.7695042652767,-431453.0,1.0,-431.453,8933.0,44.5,,89.33,673.5562943339266
440091,979.1553165571294,3509.092948375062,572838.0,0.0,572.838,99209.5,184.5,3510.0,992.095,2529.9376318179325
440102,561.4888991625809,1066.8890398213537,299744.0,0.0,299.744,4259.5,36.0,,42.595,505.4001406587728
440109,465.84825713177923,1332.4743545278077,-771278.0,1.0,-771.278,5715.0,44.0,2132.5,57.15,866.6260973960284
440110,358.60277689046495,2540.737993837495,103086.0,0.0,103.086,4062.0,40.666666666666664,493.3333333333333,40.62,2182.13521694703
440111,2492.9236416152885,1823.1996449049757,-87511.0,1.0,-87.511,12097.5,56.0,8313.0,120.975,-669.7239967103128
440115,221.4061101711404,256.4664340435436,-426691.0,1.0,-426.691,2383.5,36.0,289.5,23.835,35.06032387240319
440120,357.6120648572819,1114.6084631329163,-1588251.0,1.0,-1588.251,50494.333333333336,307.0,11982.333333333334,504.9433333333334,756.9963982756344
440125,750.5667514938333,3636.7375226545396,394252.0,0.0,394.252,44364.666666666664,198.33333333333334,15437.333333333334,443.64666666666665,2886.1707711607064
440130,411.6666811965752,978.09369488064,66511.0,0.0,66.511,5527.666666666667,56.666666666666664,16.0,55.27666666666667,566.4270136840648
440131,221.4061101711404,1032.4720381611612,292405.0,0.0,292.405,3401.0,71.33333333333333,,34.01,811.0659279900208
440132,375.4435160621794,897.293910317841,280185.0,0.0,280.185,11634.5,58.0,2022.0,116.345,521.8503942556615
440133,1564.7320315213187,1146.4003239995118,756883.0,0.0,756.883,72558.5,183.5,,725.585,-418.33170752180695
440141,231.88388029026973,937.4220082843376,57070.0,0.0,57.07,3174.6666666666665,28.666666666666668,357.0,31.746666666666666,705.5381279940678
440144,474.031664911984,256.4664340435436,98376.0,0.0,98.376,19128.0,77.5,4146.5,191.28,-217.56523086844044
440148,221.4061101711404,385.6803543619845,-214522.0,1.0,-214.522,3706.0,42.0,418.0,37.06,164.2742441908441
440150,221.4061101711404,1351.3934989023282,101964.0,0.0,101.964,24020.0,119.33333333333333,1937.0,240.2,1129.9873887311878
440152,1172.4853548382437,3455.0625493986718,780371.0,0.0,780.371,47373.0,115.0,396.0,473.73,2282.5771945604283
440161,221.4061101711404,1805.7253850921177,614640.0,0.0,614.64,62243.0,221.0,2597.3333333333335,622.43,1584.3192749209773
440168,244.1886844279291,840.1482509627958,-24290.0,1.0,-24.29,1240.6666666666667,35.333333333333336,160.0,12.406666666666668,595.9595665348668
440173,455.9350334781235,1665.2173938851433,-1078697.0,1.0,-1078.697,70383.5,208.0,18276.0,703.835,1209.28236040702
440174,557.7950324413735,428.5414593540573,-34074.0,1.0,-34.074,2074.6666666666665,33.666666666666664,209.66666666666666,20.746666666666666,-129.25357308731617
440175,221.4061101711404,256.4664340435436,0.0,0.0,0.0,7213.0,60.333333333333336,1864.3333333333333,72.13,35.06032387240319
440176,221.4061101711404,473.57611984543024,166289.0,0.0,166.289,15972.0,88.0,1649.0,159.72,252.17000967428984
440180,667.7762519152584,518.626727904463,219983.0,0.0,219.983,4411.0,40.0,932.5,44.11,-149.1495240107954
440181,221.4061101711404,256.4664340435436,-375594.0,1.0,-375.594,930.5,31.5,140.5,9.305,35.06032387240319
440183,363.94278220746196,461.43879070399737,178.0,0.0,0.178,59816.0,206.5,3562.0,598.16,97.49600849653541
440184,490.51975862286577,1224.7195531089628,187484.0,0.0,187.484,9057.5,38.5,1390.5,90.575,734.1997944860971
440193,469.21350287900606,256.4664340435436,69649.0,0.0,69.649,17348.666666666668,116.0,4981.0,173.48666666666668,-212.74706883546247
440194,342.58407473892026,256.4664340435436,27345.0,0.0,27.345,13071.0,51.0,1486.5,130.71,-86.11764069537668
440197,389.31585741998606,1070.6352369895594,-229844.0,1.0,-229.844,10121.0,49.5,998.5,101.21,681.3193795695734
440200,324.43334840100164,737.3045650418836,43600.0,0.0,43.6,1880.0,30.0,154.0,18.8,412.871216640882
440218,1504.924594732562,2192.693889605707,0.0,0.0,0.0,903.6666666666666,25.333333333333332,74.66666666666667,9.036666666666667,687.7692948731453
440228,1202.029445277887,373.88226615314727,-862.0,1.0,-0.862,21328.0,52.0,489.5,213.28,-828.1471791247396
450002,221.4061101711404,437.72487067341564,-695.0,1.0,-0.695,53314.5,237.5,13296.5,533.145,216.31876050227524
450005,809.2552491056412,329.74778150463237,5.0,0.0,0.005,5565.0,59.0,555.0,55.65,-479.5074676010088
450007,3374.165467853624,2798.8308603354044,15829.0,0.0,15.829,15727.5,58.0,607.5,157.275,-575.3346075182194
450010,2261.6378031689524,3293.5116861410693,194607.0,0.0,194.607,42335.333333333336,182.66666666666666,12566.0,423.35333333333335,1031.873882972117
450011,3949.6708197721327,2727.5292081328553,378369.0,0.0,378.369,44619.333333333336,136.66666666666666,12060.666666666666,446.1933333333334,-1222.1416116392775
450015,4348.001085554479,3361.782665048974,-494.0,1.0,-0.494,86789.66666666667,389.6666666666667,117247.66666666667,867.8966666666668,-986.2184205055046
450018,10314.913194641722,7520.04533408701,5623290.0,0.0,5623.29,70843.0,162.0,15357.5,708.43,-2794.867860554712
450021,5585.534435375167,6508.776050011326,-408723.0,1.0,-408.723,167254.0,362.5,13822.5,1672.54,923.2416146361593
450023,258.46248521219707,272.56681857431465,-197961.0,1.0,-197.961,32670.0,166.0,1831.0,326.7,14.104333362117586
450024,2775.263785688143,2570.7324414336795,73176.0,0.0,73.176,29115.333333333332,148.66666666666666,17866.0,291.1533333333333,-204.53134425446342
450028,428.6002448287439,256.4664340435436,200503.0,0.0,200.503,30798.5,101.0,14394.0,307.985,-172.1338107852003
450029,221.96234176095592,803.4369118195947,-508788.0,1.0,-508.788,46748.333333333336,174.0,18052.666666666668,467.48333333333335,581.4745700586387
450032,429.9949546241198,530.7150944099193,-87020.0,1.0,-87.02,8881.666666666666,90.0,858.0,88.81666666666666,100.72013978579946
450033,865.7450860799895,900.2258256438514,2683649.0,0.0,2683.649,58604.5,174.0,18028.0,586.045,34.4807395638619
450034,221.4061101711404,3091.756362612499,419893.0,0.0,419.893,71135.5,213.5,5974.0,711.355,2870.3502524413584
450035,526.4333689530589,2081.0530790067123,385556.0,0.0,385.556,32552.0,163.33333333333334,14776.0,325.52,1554.6197100536533
450037,390.77583485978516,484.4280587009419,-166072.0,1.0,-166.072,54193.333333333336,206.66666666666666,8540.0,541.9333333333334,93.65222384115674
450039,3899.4073514834918,4208.217117655356,-1120585.0,1.0,-1120.585,52889.666666666664,248.66666666666666,38488.666666666664,528.8966666666666,308.8097661718639
450040,1812.4665931951636,2819.1955038733627,-1810701.0,1.0,-1810.701,84127.0,217.0,5502.0,841.27,1006.7289106781991
450042,870.5929370528213,2371.096750940897,2176080.0,0.0,2176.08,44330.0,107.0,3025.0,443.3,1500.5038138880757
450046,221.4061101711404,1278.5502051614856,-2035342.0,1.0,-2035.342,115057.0,300.5,11735.0,1150.57,1057.1440949903451
450051,385.3691040059833,2599.1844966513195,-457123.0,1.0,-457.123,65033.0,180.0,13633.5,650.33,2213.815392645336
450052,603.0277430191477,1344.0656929546344,-519.0,1.0,-0.519,3816.0,31.5,146.0,38.16,741.0379499354867
450054,1703.9266660372805,4662.1672222197385,4275196.0,0.0,4275.196,99130.0,207.0,8908.5,991.3,2958.240556182458
450055,1418.4581090900463,1844.101043822161,-246173.0,1.0,-246.173,4625.666666666667,35.0,263.0,46.25666666666667,425.6429347321148
450056,1781.171682881448,2203.912391641512,262924.0,0.0,262.924,72045.0,166.5,3243.5,720.45,422.74070876006385
450058,896.5193223029011,394.90953785090954,-1781811.0,1.0,-1781.811,188375.5,512.5,12001.0,1883.755,-501.6097844519915
450064,3740.2912960677013,2571.82245029349,-380347.0,1.0,-380.347,43448.0,194.0,3209.0,434.48,-1168.4688457742113
450068,1790.6595695826582,5713.7624863917445,-3065665.0,1.0,-3065.665,133591.0,295.5,35831.0,1335.91,3923.1029168090863
450072,407.71330716966054,2225.197162997635,136551.0,0.0,136.551,10788.0,74.66666666666667,571.0,107.88,1817.4838558279746
450073,1157.8142343219413,1970.496542154501,-70052.0,1.0,-70.052,2303.6666666666665,38.0,162.33333333333334,23.036666666666665,812.6823078325597
450079,4829.073566928415,4079.9672095824317,245987.0,0.0,245.987,32959.5,87.0,1813.0,329.595,-749.1063573459833
450080,4990.177319970639,1407.1059289275959,285629.0,0.0,285.629,10038.0,50.0,1302.6666666666667,100.38,-3583.0713910430427
450082,759.5804849436059,485.7086057489372,-5260.0,1.0,-5.26,5256.5,34.5,362.0,52.565,-273.87187919466874
450083,321.74373713766227,256.4664340435436,-1245062.0,1.0,-1245.062,75906.0,252.66666666666666,7075.333333333333,759.06,-65.27730309411868
450085,1980.8606832172259,2133.2612446833823,-121728.0,1.0,-121.728,3030.3333333333335,29.333333333333332,207.0,30.303333333333335,152.40056146615643
450087,1021.7198484681596,533.8139810955809,-64452.0,1.0,-64.452,23882.5,84.5,680.0,238.825,-487.90586737257877
450090,1472.238377533766,1098.803399801569,601275.0,0.0,601.275,4851.666666666667,41.666666666666664,953.0,48.51666666666667,-373.434977732197
450092,1178.552113142698,876.7969569189091,7942.0,0.0,7.942,12381.666666666666,60.666666666666664,1805.0,123.81666666666666,-301.75515622378896
450097,1259.6408660431546,844.8419120646975,1514847.0,0.0,1514.847,45649.666666666664,212.66666666666666,8693.333333333334,456.49666666666667,-414.7989539784571
450101,1551.950074738968,1796.980017086934,-237087.0,1.0,-237.087,31910.5,114.5,5080.5,319.105,245.02994234796597
450102,3147.235368738832,941.7780152025757,-76025.0,1.0,-76.025,83263.0,174.5,19237.5,832.63,-2205.4573535362565
450104,1345.00389258121,1760.0511474339594,193890.0,0.0,193.89,11295.333333333334,78.0,800.6666666666666,112.95333333333333,415.04725485274935
450107,760.8481767893926,335.49434406053257,-101407.0,1.0,-101.407,59055.0,206.0,5583.666666666667,590.55,-425.35383272886
450108,877.2110398674088,812.9546041641672,506.0,0.0,0.506,2157.3333333333335,38.333333333333336,72.0,21.573333333333334,-64.25643570324155
450124,3374.6384542735586,7756.934535728283,449573.0,0.0,449.573,37871.0,99.0,16991.0,378.71,4382.296081454724
450128,794.3434163043556,340.51246789381764,-249868.0,1.0,-249.868,26735.0,111.5,8488.5,267.35,-453.830948410538
450132,1213.6338526194545,1219.1392070173085,409241.0,0.0,409.241,41329.333333333336,156.0,6293.333333333333,413.29333333333335,5.505354397854035
450133,2891.705404671043,4178.481244160667,28380.0,0.0,28.38,28869.0,136.0,2501.0,288.69,1286.775839489624
450135,5844.150229402832,4049.324257007949,-514478.0,1.0,-514.478,96891.33333333333,322.6666666666667,8483.333333333334,968.9133333333333,-1794.8259723948831
450137,3775.9255185528136,3622.8819186545265,360659.0,0.0,360.659,55484.666666666664,249.33333333333334,3559.3333333333335,554.8466666666667,-153.04359989828708
450143,1300.7252534707945,989.27328764462,-110366.0,1.0,-110.366,2014.5,25.0,27.5,20.145,-311.4519658261745
450144,2150.696072573655,2504.7257621639974,11605.0,0.0,11.605,1840.6666666666667,37.0,184.66666666666666,18.406666666666666,354.0296895903425
450147,376.1170183910868,574.3162807308029,667842.0,0.0,667.842,22771.666666666668,138.0,2452.3333333333335,227.71666666666667,198.19926233971609
450148,987.1800247691297,715.0474250182949,-9126.0,1.0,-9.126,9440.0,78.0,979.3333333333334,94.4,-272.13259975083474
450152,869.5421568356927,505.43746451451193,316310.0,0.0,316.31,19021.333333333332,130.0,2833.6666666666665,190.2133333333333,-364.1046923211808
450154,1386.8994136067438,1685.5276681488522,97742.0,0.0,97.742,8938.5,44.0,770.5,89.385,298.6282545421084
450155,1042.610986894237,1854.7281942747484,63921.0,0.0,63.921,1845.3333333333333,34.666666666666664,384.0,18.453333333333333,812.1172073805114
450162,481.1665614015395,484.7077875130798,-127899.0,1.0,-127.899,2443.3333333333335,66.66666666666667,90.0,24.433333333333334,3.5412261115402544
450163,793.9954275939489,861.4393852591213,-19562.0,1.0,-19.562,12076.0,49.5,1039.0,120.76,67.44395766517243
450165,911.1488359225452,884.6885028423197,7977.0,0.0,7.977,6449.0,45.5,376.0,64.49,-26.460333080225496
450176,364.2230398625378,697.879047966221,373738.0,0.0,373.738,31718.666666666668,154.66666666666666,12325.666666666666,317.18666666666667,333.65600810368323
450177,3138.3427090669657,1885.7971171499735,7739.0,0.0,7.739,6025.0,35.0,442.5,60.25,-1252.5455919169922
450178,2312.253896732441,3501.9304607876184,-76098.0,1.0,-76.098,2522.0,28.0,159.66666666666666,25.22,1189.6765640551776
450184,3709.4040985642405,2854.425025863236,227218.0,0.0,227.218,162608.0,471.5,29711.5,1626.08,-854.9790727010045
450187,1029.5549838582938,1012.5142421019854,-241981.0,1.0,-241.981,4661.666666666667,46.666666666666664,536.0,46.61666666666667,-17.04074175630842
450192,466.2643828221703,399.2416601364294,212.0,0.0,0.212,5054.5,48.0,350.5,50.545,-67.02272268574092
450193,4027.281671247045,3976.2032868417623,96402.0,0.0,96.402,109005.33333333333,368.6666666666667,5476.0,1090.0533333333333,-51.07838440528258
450194,621.1779726421502,694.6490654035034,282179.0,0.0,282.179,5752.333333333333,33.333333333333336,757.3333333333334,57.52333333333333,73.47109276135325
450196,593.0779918489917,381.449706192814,-13538.0,1.0,-13.538,24832.0,118.0,4323.5,248.32,-211.6282856561777
450200,579.1473857815661,484.96535007435756,-167718.0,1.0,-167.718,15766.666666666666,106.33333333333333,3611.3333333333335,157.66666666666666,-94.18203570720851
450203,1585.0450454920453,2182.345697695286,360652.0,0.0,360.652,11289.0,55.333333333333336,835.0,112.89,597.3006522032408
450209,221.4061101711404,899.043606266762,114379.0,0.0,114.379,37334.333333333336,201.0,22732.0,373.34333333333336,677.6374960956216
450210,546.1387495078205,479.8131775817659,-78363.0,1.0,-78.363,2617.0,39.5,360.5,26.17,-66.32557192605464
450211,277.2075249785486,428.56129856294825,-13084.0,1.0,-13.084,27087.0,130.33333333333334,1754.6666666666667,270.87,151.35377358439968
450213,4345.152202076733,4345.836660188378,2616729.0,0.0,2616.729,52688.666666666664,253.66666666666666,26606.0,526.8866666666667,0.6844581116447443
450214,1400.9488253274812,256.4664340435436,-175193.0,1.0,-175.193,4050.0,47.666666666666664,602.6666666666666,40.5,-1144.4823912839377
450219,2871.6116654316306,4716.745308219244,0.0,0.0,0.0,1256.5,30.0,149.5,12.565,1845.1336427876136
450221,1385.3851687967,1608.7459698177454,38511.0,0.0,38.511,2836.0,38.5,279.0,28.36,223.3608010210453
450222,463.03994794162315,256.4664340435436,1019294.0,0.0,1019.294,45218.666666666664,156.66666666666666,4827.666666666667,452.18666666666667,-206.57351389807957
450231,1781.1051136159433,2558.369812139008,305906.0,0.0,305.906,54577.333333333336,232.0,11926.666666666666,545.7733333333333,777.2646985230647
450235,1827.1512979481768,2087.7354166539385,-376688.0,1.0,-376.688,2657.0,33.5,321.0,26.57,260.58411870576174
450236,1373.6204273818605,1416.6513976852432,358.0,0.0,0.358,7890.0,52.666666666666664,898.0,78.9,43.030970303382674
450237,434.7196770723072,1156.3477658774389,-6930581.0,1.0,-6930.581,100418.0,287.5,18308.5,1004.18,721.6280888051317
450241,740.9370419591,1968.9052197691562,109112.0,0.0,109.112,1246.5,23.5,24.5,12.465,1227.9681778100562
450243,221.4061101711404,407.1495647290861,0.0,0.0,0.0,954.0,27.5,21.5,9.54,185.74345455794568
450253,461.6603305240439,1257.49855992508,2514.0,0.0,2.514,1649.6666666666667,31.333333333333332,57.333333333333336,16.496666666666666,795.838229401036
450271,2865.897263768808,3640.7208447394214,-61602.0,1.0,-61.602,9230.333333333334,61.333333333333336,746.6666666666666,92.30333333333334,774.8235809706134
450272,495.59835891311985,481.4497923083034,-90838.0,1.0,-90.838,11885.0,102.33333333333333,1112.0,118.85,-14.148566604816438
450280,2728.753608726389,3275.8364819388567,650879.0,0.0,650.879,28887.333333333332,128.33333333333334,2272.6666666666665,288.87333333333333,547.0828732124678
450292,791.3014701165606,509.278732511536,91203.0,0.0,91.203,5574.666666666667,49.666666666666664,697.0,55.74666666666667,-282.0227376050246
450293,916.5088540467341,692.5418341586799,288090.0,0.0,288.09,1149.0,24.666666666666668,154.33333333333334,11.49,-223.9670198880542
450299,659.154062684152,515.7317363857912,-490338.0,1.0,-490.338,13279.0,85.66666666666667,2982.6666666666665,132.79,-143.42232629836076
450306,828.1594811207065,835.3446475776304,-26292.0,1.0,-26.292,1347.0,26.666666666666668,40.0,13.47,7.18516645692398
450324,1450.3557928264163,1595.4976917269883,57650.0,0.0,57.65,27457.666666666668,115.33333333333333,7386.333333333333,274.57666666666665,145.14189890057196
450330,816.2019036154642,1344.5890251584306,301181.0,0.0,301.181,12804.666666666666,100.0,4304.333333333333,128.04666666666665,528.3871215429664
450340,950.1227787315559,964.302715335727,205559.0,0.0,205.559,19877.0,62.5,1279.5,198.77,14.17993660417119
450346,632.9335957477515,588.7774340449753,-58262.0,1.0,-58.262,52105.5,171.0,5172.5,521.055,-44.15616170277622
450347,1364.4419787650666,2216.646202130164,-219537.0,1.0,-219.537,8359.0,61.333333333333336,491.3333333333333,83.59,852.2042233650975
450348,301.8300324158877,392.463674459688,-31295.0,1.0,-31.295,2046.0,37.0,118.0,20.46,90.63364204380031
450351,1606.6412735755455,1228.0420956890152,-54659.0,1.0,-54.659,5440.0,43.666666666666664,351.3333333333333,54.4,-378.59917788653024
450352,992.4510652176152,1298.833971108432,545244.0,0.0,545.244,16362.0,97.33333333333333,1862.6666666666667,163.62,306.3829058908168
450358,2666.3620089211977,3181.6169217087795,1514376.0,0.0,1514.376,132232.0,471.6666666666667,6578.333333333333,1322.32,515.2549127875818
450369,2318.5056258718973,1803.5675995803208,11621.0,0.0,11.621,2833.6666666666665,30.0,230.66666666666666,28.336666666666666,-514.9380262915765
450370,1527.6414424292511,1757.2391192963705,-768490.0,1.0,-768.49,3636.0,33.0,377.5,36.36,229.5976768671194
450372,4138.034052559612,2829.4368549963697,2989.0,0.0,2.989,9135.5,38.5,342.0,91.355,-1308.5971975632424
450373,221.4061101711404,256.4664340435436,-10602.0,1.0,-10.602,1437.0,30.0,36.666666666666664,14.37,35.06032387240319
450379,433.36958166263526,343.3863211270801,-292777.0,1.0,-292.777,5242.666666666667,72.33333333333333,204.0,52.42666666666667,-89.98326053555513
450389,494.0413260473295,283.160718519729,15846.0,0.0,15.846,21216.5,69.5,1356.5,212.165,-210.8806075276005
450395,477.4084203241106,392.53677222897414,6296.0,0.0,6.296,7698.0,48.666666666666664,465.0,76.98,-84.87164809513644
450399,1160.8181702693892,2000.5506303397972,-25334.0,1.0,-25.334,2291.0,32.666666666666664,326.6666666666667,22.91,839.732460070408
450403,1570.0785472278794,682.2866263738712,97295.0,0.0,97.295,32117.0,92.5,1945.0,321.17,-887.7919208540083
450411,497.82004171829914,411.3869913537622,0.0,0.0,0.0,3597.5,33.0,138.0,35.975,-86.43305036453694
450419,2597.781992564371,1472.042802555384,0.0,0.0,0.0,3479.3333333333335,26.666666666666668,109.66666666666667,34.79333333333334,-1125.7391900089872
450422,4591.5857249237015,5784.63139448568,-446.0,1.0,-0.446,784.3333333333334,28.666666666666668,1.0,7.843333333333334,1193.0456695619787
450424,1676.2247820572786,1834.1266820375095,74965.0,0.0,74.965,30641.0,116.66666666666667,4198.333333333333,306.41,157.90189998023084
450431,1909.6038154918645,2298.0537434225034,-4478182.0,1.0,-4478.182,57111.333333333336,232.66666666666666,11141.0,571.1133333333333,388.449927930639
450447,277.2042969799584,256.4664340435436,136205.0,0.0,136.205,9396.0,95.33333333333333,670.6666666666666,93.96,-20.737862936414786
450451,1948.2766632668643,1833.0195904147254,-198837.0,1.0,-198.837,2033.3333333333333,20.666666666666668,32.666666666666664,20.333333333333332,-115.25707285213889
450460,779.1555923832105,686.0522919712007,0.0,0.0,0.0,2180.0,27.5,98.5,21.8,-93.10330041200984
450462,3698.7743896428997,3403.7880649970084,-1597311.0,1.0,-1597.311,78949.33333333333,308.6666666666667,7577.0,789.4933333333333,-294.9863246458913
450465,3534.9693687888685,1936.1510190781592,67117.0,0.0,67.117,5713.333333333333,36.666666666666664,491.0,57.13333333333333,-1598.8183497107093
450469,824.8985198721111,1205.8131854756646,-7827.0,1.0,-7.827,24630.666666666668,124.0,989.3333333333334,246.30666666666667,380.91466560355343
450475,343.02274113643955,389.6324979444906,14509.0,0.0,14.509,3679.0,37.333333333333336,317.3333333333333,36.79,46.60975680805103
450484,433.3045795114679,538.5123710542313,152291.0,0.0,152.291,15118.333333333334,75.0,669.3333333333334,151.18333333333334,105.20779154276335
450488,221.4061101711404,256.4664340435436,-3211.0,1.0,-3.211,147.5,39.0,,1.475,35.06032387240319
450497,460.90554746518984,591.2427957437292,14390.0,0.0,14.39,4383.5,33.5,83.0,43.835,130.33724827853933
450498,472.5816907905854,504.66438575732553,24102.0,0.0,24.102,2541.0,37.0,44.5,25.41,32.08269496674012
450508,1307.6479731113463,1079.7835457604974,-248856.0,1.0,-248.856,21648.0,68.0,2284.5,216.48,-227.86442735084893
450518,518.8702296330508,701.9689708685077,-472286.0,1.0,-472.286,17309.333333333332,114.0,1803.3333333333333,173.09333333333333,183.09874123545683
450537,1032.065920537492,2762.1923049760912,2529.0,0.0,2.529,7364.5,62.5,224.0,73.645,1730.1263844385992
450539,1361.4748365929474,1040.5920323622372,9929.0,0.0,9.929,5123.0,36.5,751.5,51.23,-320.88280423071024
450558,221.4061101711404,327.75141900278487,-53505.0,1.0,-53.505,23864.5,87.0,4588.0,238.645,106.34530883164447
450563,4748.049917962124,2013.3148388170068,-5874.0,1.0,-5.874,40869.5,119.5,1193.0,408.695,-2734.735079145117
450565,1562.2376169120832,1372.8796326386419,39864.0,0.0,39.864,4517.333333333333,36.666666666666664,631.3333333333334,45.17333333333333,-189.3579842734414
450571,6126.941322893102,2595.919350487472,-378242.0,1.0,-378.242,30335.333333333332,123.66666666666667,4675.333333333333,303.3533333333333,-3531.0219724056296
450573,1103.2638128652102,801.711058574876,-51808.0,1.0,-51.808,4209.0,34.5,504.5,42.09,-301.5527542903342
450578,1766.164486328879,2991.0893224759034,-17444.0,1.0,-17.444,588.6666666666666,20.0,9.0,5.886666666666667,1224.9248361470243
450584,958.9151360197832,983.3531361767464,4079.0,0.0,4.079,2548.6666666666665,33.333333333333336,46.333333333333336,25.486666666666665,24.4380001569632
450586,788.9900345917802,798.039392171077,65178.0,0.0,65.178,2581.5,28.5,65.5,25.815,9.049357579296839
450587,888.3360592806158,712.7182828596548,3500.0,0.0,3.5,17294.0,87.0,1239.3333333333333,172.94,-175.61777642096104
450591,661.4110758343697,802.8171831024921,85568.0,0.0,85.568,4143.333333333333,44.666666666666664,1498.3333333333333,41.43333333333333,141.40610726812235
450596,1647.1406145100448,2266.822016514869,-19919.0,1.0,-19.919,4979.333333333333,32.666666666666664,316.3333333333333,49.79333333333333,619.6814020048243
450597,1164.6960087563543,982.5405619211125,-26367.0,1.0,-26.367,5063.0,42.666666666666664,519.0,50.63,-182.15544683524183
450604,2130.653921824437,3055.7339228862834,4357.0,0.0,4.357,8709.333333333334,54.666666666666664,508.0,87.09333333333333,925.0800010618464
450605,227.38304158193736,293.9868857592554,-217.0,1.0,-0.217,2657.0,42.0,114.33333333333333,26.57,66.60384417731805
450610,4041.796762735017,4014.517175803517,273257.0,0.0,273.257,57356.0,125.0,5342.0,573.56,-27.279586931500035
450617,947.5656362465023,575.2681227299121,1486178.0,0.0,1486.178,66254.33333333333,241.0,4422.666666666667,662.5433333333333,-372.29751351659024
450620,268.9813795517035,905.7392378639364,-29604.0,1.0,-29.604,1505.6666666666667,33.333333333333336,182.0,15.056666666666667,636.7578583122329
450634,508.6084019802465,256.4664340435436,839269.0,0.0,839.269,31833.333333333332,123.33333333333333,2181.3333333333335,318.3333333333333,-252.14196793670294
450638,675.0799736416723,991.9497565849136,2702321.0,0.0,2702.321,55075.0,196.0,9296.5,550.75,316.8697829432414
450639,4388.95436223355,4627.3936754365195,935685.0,0.0,935.685,28925.666666666668,126.33333333333333,3065.3333333333335,289.25666666666666,238.43931320296997
450641,520.0831166687187,434.34985786428376,51269.0,0.0,51.269,3171.0,31.5,30.5,31.71,-85.73325880443497
450643,775.4270451117313,659.4953575755633,977346.0,0.0,977.346,22421.333333333332,93.33333333333333,10883.0,224.2133333333333,-115.93168753616806
450644,1475.3054818526018,3316.3139195215103,392466.0,0.0,392.466,27592.333333333332,105.33333333333333,5610.666666666667,275.92333333333335,1841.0084376689085
450647,1097.8313068040634,957.5277758253885,-701713.0,1.0,-701.713,89306.5,272.5,7735.5,893.065,-140.30353097867487
450653,700.8674305295307,663.4798098938028,-89407.0,1.0,-89.407,7295.0,49.333333333333336,352.3333333333333,72.95,-37.3876206357279
450654,2330.11806867136,2043.6255765387216,298024.0,0.0,298.024,4705.333333333333,42.333333333333336,1893.0,47.05333333333333,-286.4924921326385
450656,221.4061101711404,256.4664340435436,230891.0,0.0,230.891,12576.0,104.66666666666667,970.3333333333334,125.76,35.06032387240319
450658,223.67980400014218,256.4664340435436,-19512.0,1.0,-19.512,2024.5,39.0,51.0,20.245,32.7866300434014
450659,221.4061101711404,273.87022994055815,-444.0,1.0,-0.444,17303.0,279.6666666666667,6152.666666666667,173.03,52.46411976941775
450661,1740.660351381455,1013.0813879812978,-295511.0,1.0,-295.511,14473.333333333334,107.33333333333333,2066.3333333333335,144.73333333333335,-727.5789634001572
450669,938.129756972077,747.6592707903097,88086.0,0.0,88.086,26214.0,88.0,4071.0,262.14,-190.47048618176723
450670,651.1849314500873,579.1718925119558,-414921.0,1.0,-414.921,31698.5,143.0,1119.5,316.985,-72.01303893813156
450675,820.9293078807079,983.9088852307721,151521.0,0.0,151.521,48916.5,122.5,3265.0,489.165,162.97957735006412
450677,539.7167723809706,859.6670476694541,151250.0,0.0,151.25,25429.0,133.33333333333334,2060.0,254.29,319.95027528848345
450678,221.4061101711404,256.4664340435436,11177.0,0.0,11.177,23393.0,99.5,2638.0,233.93,35.06032387240319
450684,1639.6141097352183,1701.6433816297415,476783.0,0.0,476.783,25122.333333333332,160.0,3031.0,251.22333333333333,62.02927189452316
450686,1914.449821474575,3548.3690956034347,1063701.0,0.0,1063.701,59629.0,164.66666666666666,9093.333333333334,596.29,1633.9192741288598
450688,221.4061101711404,256.4664340435436,278346.0,0.0,278.346,16873.666666666668,111.33333333333333,1372.3333333333333,168.73666666666668,35.06032387240319
450690,341.5624434221668,1244.8358200260072,260812.0,0.0,260.812,7989.0,66.0,948.0,79.89,903.2733766038405
450694,1082.8380467350917,1916.1785744556382,40022.0,0.0,40.022,1623.5,28.0,26.5,16.235,833.3405277205466
450697,696.8556105078137,689.5979397601044,-586926.0,1.0,-586.926,23130.0,125.33333333333333,2956.3333333333335,231.3,-7.257670747709312
450698,807.9629266352874,792.9104661319097,4527.0,0.0,4.527,2443.3333333333335,38.0,166.33333333333334,24.433333333333334,-15.052460503377688
450702,914.0495230323215,578.9194522373284,-237479.0,1.0,-237.479,13997.666666666666,76.66666666666667,1968.3333333333333,139.97666666666666,-335.1300707949931
450709,3298.6663538051953,739.8004316563449,271.0,0.0,0.271,16649.0,63.5,911.5,166.49,-2558.8659221488506
450713,1175.129755471926,655.9585322784459,-25958.0,1.0,-25.958,42355.0,139.0,2208.6666666666665,423.55,-519.1712231934802
450716,1433.7791816904485,1363.3599425233429,-113661.0,1.0,-113.661,19554.333333333332,106.0,7598.333333333333,195.54333333333332,-70.41923916710562
450723,281.83977223124026,1555.6552729232064,383553.0,0.0,383.553,44028.0,130.0,4201.5,440.28,1273.8155006919662
450730,5000.965778831859,6769.74326105309,-309925.0,1.0,-309.925,14537.0,101.66666666666667,1915.6666666666667,145.37,1768.7774822212305
450742,1262.7800802362024,1603.3523674522996,606756.0,0.0,606.756,15221.0,61.0,1498.0,152.21,340.57228721609727
450743,1995.8814219502178,1508.2928445906746,835990.0,0.0,835.99,30690.5,104.0,3737.0,306.905,-487.58857735954325
450747,1715.1754102796876,580.015157747663,99144.0,0.0,99.144,9948.333333333334,79.33333333333333,4830.0,99.48333333333333,-1135.1602525320245
450754,1299.8207343623496,790.5974699741867,2238.0,0.0,2.238,4836.333333333333,32.666666666666664,93.66666666666667,48.36333333333333,-509.223264388163
450755,1563.5204248898633,1431.2212285541818,-52742.0,1.0,-52.742,3052.5,39.0,336.0,30.525,-132.29919633568147
450766,9664.189572127305,7310.52203299484,-283937.0,1.0,-283.937,14960.5,49.5,344.5,149.605,-2353.667539132465
450771,3581.8767419227447,3740.59074271046,-218684.0,1.0,-218.684,38830.333333333336,186.0,1667.6666666666667,388.30333333333334,158.71400078771512
450774,2539.9930938601847,4080.4784962887115,-5283.0,1.0,-5.283,689.6666666666666,20.666666666666668,,6.8966666666666665,1540.4854024285269
450775,1410.6110767538394,748.2527103268636,118803.0,0.0,118.803,30750.333333333332,104.66666666666667,2384.0,307.50333333333333,-662.3583664269757
450779,1660.6819019604077,2104.560693412899,794862.0,0.0,794.862,22805.666666666668,100.0,637.0,228.05666666666667,443.87879145249144
450780,2297.878548990389,1367.235624218087,-6562.0,1.0,-6.562,966.3333333333334,25.333333333333332,5.333333333333333,9.663333333333334,-930.642924772302
450788,600.9881042330838,557.3369744163028,28137.0,0.0,28.137,52449.5,165.5,2166.0,524.495,-43.65112981678101
450796,2579.3816376044792,2217.2436287792457,1.0,0.0,0.001,158.66666666666666,12.666666666666666,,1.5866666666666667,-362.13800882523356
450797,1327.5367984583697,2171.3926937202887,-1.0,1.0,-0.001,99.0,14.666666666666666,,0.99,843.8558952619189
450803,473.461556409115,256.4664340435436,-142585.0,1.0,-142.585,8080.0,72.0,5097.333333333333,80.8,-216.99512236557143
450804,2586.7354931473847,2594.3592355400974,32488.0,0.0,32.488,4519.666666666667,40.666666666666664,77.0,45.19666666666667,7.6237423927127566
450808,6400.970999508483,2319.9114429747997,-17614.0,1.0,-17.614,360.6666666666667,15.333333333333334,1.0,3.606666666666667,-4081.0595565336835
450809,2438.735311133175,3664.2497304850144,-178667.0,1.0,-178.667,55213.0,138.0,3334.0,552.13,1225.5144193518395
450820,2129.3820662576327,4120.781379816239,-47254.0,1.0,-47.254,28300.333333333332,111.66666666666667,2284.3333333333335,283.00333333333333,1991.399313558606
450822,2157.8908726356112,1394.4208071726478,-39388.0,1.0,-39.388,7992.0,40.666666666666664,364.6666666666667,79.92,-763.4700654629635
450825,886.8836815311405,827.4310226937149,94572.0,0.0,94.572,941.0,19.333333333333332,54.666666666666664,9.41,-59.45265883742559
450827,1381.8326603376074,1242.0689269094385,29606.0,0.0,29.606,3669.6666666666665,37.333333333333336,182.66666666666666,36.696666666666665,-139.76373342816896
450828,460.6190694319185,596.2560818770144,-21312.0,1.0,-21.312,9261.0,62.0,1038.5,92.61,135.63701244509588
450832,1903.235208752364,735.9356064303382,17578.0,0.0,17.578,16101.0,59.5,3097.0,161.01,-1167.2996023220257
450833,737.0212462869416,256.4664340435436,125433.0,0.0,125.433,4714.5,37.0,940.0,47.145,-480.55481224339803
450834,1633.6814435507413,1450.0416063266102,7.0,0.0,0.007,638.3333333333334,20.666666666666668,3.0,6.383333333333334,-183.63983722413104
450840,3832.09871816882,2159.196880372918,42170.0,0.0,42.17,7896.0,42.0,507.6666666666667,78.96,-1672.9018377959023
450844,2108.055310262358,1895.5029554548548,1217308.0,0.0,1217.308,27321.666666666668,108.0,3018.0,273.2166666666667,-212.5523548075032
450845,1446.7266785728575,1698.7178086045687,-15130.0,1.0,-15.13,1665.6666666666667,30.666666666666668,67.0,16.656666666666666,251.99113003171124
450847,5670.3305953324325,4033.357158424878,-44329.0,1.0,-44.329,18801.666666666668,91.66666666666667,2200.0,188.01666666666668,-1636.9734369075545
450848,4212.018140834056,5913.294421635099,9271.0,0.0,9.271,7477.0,56.0,634.3333333333334,74.77,1701.276280801043
450851,4108.189124181117,4001.4646746208628,-49454.0,1.0,-49.454,4874.0,40.0,79.0,48.74,-106.72444956025447
450853,10314.913194641722,11133.528764616662,4975.0,0.0,4.975,7804.0,50.0,31.666666666666668,78.04,818.6155699749397
450855,1498.6284625450437,495.2024827179707,-376955.0,1.0,-376.955,12776.333333333334,52.666666666666664,5981.333333333333,127.76333333333334,-1003.425979827073
450856,1396.4077473910738,1482.4521064497362,-351.0,1.0,-0.351,1528.0,30.0,4.666666666666667,15.28,86.0443590586624
450860,7838.964104943378,11133.528764616662,0.0,0.0,0.0,472.0,14.0,1.5,4.72,3294.564659673284
450862,2363.3268312150335,2322.5611050112802,-187312.0,1.0,-187.312,18413.666666666668,79.0,1122.3333333333333,184.13666666666668,-40.765726203753275
450864,2887.50740915971,3685.882650867313,-426.0,1.0,-0.426,2396.6666666666665,23.333333333333332,8.666666666666666,23.966666666666665,798.375241707603
450865,9878.239119674998,1785.1208876462697,103.0,0.0,0.103,2680.5,23.5,69.0,26.805,-8093.118232028728
450867,1441.3099794900843,1358.2405652791847,-154161.0,1.0,-154.161,13161.0,55.0,643.5,131.61,-83.0694142108996
450869,1396.892548337091,2810.512058346807,-718467.0,1.0,-718.467,64662.666666666664,272.0,37630.333333333336,646.6266666666667,1413.619510009716
450871,1234.473835373176,2132.540508150031,-25041.0,1.0,-25.041,1352.6666666666667,24.0,16.333333333333332,13.526666666666667,898.0666727768553
450872,4250.910216980293,4928.599161480955,40545.0,0.0,40.545,2180.3333333333335,34.0,45.333333333333336,21.803333333333335,677.6889445006627
450874,3471.110027546751,5860.888738665393,156.0,0.0,0.156,260.3333333333333,23.333333333333332,3.0,2.603333333333333,2389.778711118642
450875,2686.0206773346504,3853.581767208523,7324.0,0.0,7.324,1760.3333333333333,31.333333333333332,3.3333333333333335,17.60333333333333,1167.5610898738728
450876,658.2862797661693,1115.5395977507433,-91494.0,1.0,-91.494,11982.0,48.666666666666664,125.33333333333333,119.82,457.253317984574
450877,877.3835076054685,831.7434976977934,-99529.0,1.0,-99.529,5378.666666666667,36.666666666666664,292.6666666666667,53.78666666666667,-45.64000990767511
450880,3186.362140533159,4667.515888188765,-555.0,1.0,-0.555,1275.6666666666667,32.666666666666664,27.0,12.756666666666668,1481.1537476556055
450883,4305.962937640341,5604.323374090542,511.0,0.0,0.511,513.6666666666666,23.333333333333332,14.666666666666666,5.136666666666667,1298.3604364502007
450884,221.4061101711404,256.4664340435436,23267.0,0.0,23.267,1823.5,33.5,71.0,18.235,35.06032387240319
450885,1485.6307111987987,1093.4699698019333,-130563.0,1.0,-130.563,13410.666666666666,71.33333333333333,988.3333333333334,134.10666666666665,-392.16074139686543
450888,9470.316318907468,11133.528764616662,0.0,0.0,0.0,1277.0,20.666666666666668,9.0,12.77,1663.212445709194
450889,10314.913194641722,7961.742942813968,-339.0,1.0,-0.339,73.66666666666667,16.0,1.0,0.7366666666666667,-2353.1702518277543
450890,7861.513232417116,8905.168776414346,-23840.0,1.0,-23.84,19141.666666666668,73.33333333333333,393.6666666666667,191.41666666666669,1043.6555439972299
450891,8353.454059439939,8362.320025470895,-1954.0,1.0,-1.954,647.6666666666666,22.0,8.0,6.476666666666667,8.86596603095677
450893,1768.164125162942,2841.2386304788492,0.0,0.0,0.0,423.0,20.666666666666668,3.3333333333333335,4.23,1073.0745053159073
450894,2955.922700417524,4448.657449630704,-2.0,1.0,-0.002,1204.3333333333333,22.0,,12.043333333333333,1492.7347492131798
460001,2931.56723435492,6519.173940893303,382811.0,0.0,382.811,37466.666666666664,136.66666666666666,19157.666666666668,374.66666666666663,3587.6067065383827
460003,2744.869825121918,1772.177946037432,98177.0,0.0,98.177,8166.5,41.5,684.5,81.665,-972.6918790844859
460004,2722.150855756598,6660.792524972233,263683.0,0.0,263.683,31002.0,131.33333333333334,13494.666666666666,310.02,3938.641669215635
460005,962.78724429248,1659.9472160277526,-94037.0,1.0,-94.037,17583.5,79.0,1493.0,175.835,697.1599717352726
460006,2078.2608581466325,4484.803264171875,115298.0,0.0,115.298,17311.666666666668,116.0,7045.666666666667,173.11666666666667,2406.542406025242
460007,2216.5161447403466,5387.021792218861,650203.0,0.0,650.203,4253.333333333333,38.0,1490.0,42.53333333333333,3170.5056474785147
460009,10314.913194641722,11133.528764616662,223093.0,0.0,223.093,73944.5,161.0,27612.5,739.445,818.6155699749397
460010,4816.969382176014,9907.399577324244,522960.0,0.0,522.96,55224.0,206.0,18497.666666666668,552.24,5090.43019514823
460011,986.1814793435038,2099.8456705011918,-47449.0,1.0,-47.449,3766.0,62.0,1312.0,37.66,1113.664191157688
460013,367.1751320825398,741.2030914876826,-32979.0,1.0,-32.979,6715.5,60.0,765.5,67.155,374.02795940514284
460014,2127.4848613011027,1306.1981443891937,-72552.0,1.0,-72.552,3704.6666666666665,32.0,1105.6666666666667,37.04666666666667,-821.286716911909
460015,2278.6881469385235,5217.623868047684,108287.0,0.0,108.287,9305.0,81.33333333333333,5466.333333333333,93.05,2938.93572110916
460017,1432.5708756895335,1044.0734981321036,918.0,0.0,0.918,1714.0,35.0,737.0,17.14,-388.4973775574299
460019,4127.168459000973,4978.5408034980455,481150.0,0.0,481.15,3162.5,38.0,1439.0,31.625,851.3723444970728
460021,2040.2240742219212,8625.101044011531,-516119.0,1.0,-516.119,28355.0,128.0,6863.333333333333,283.55,6584.8769697896105
460023,5351.228888661597,7567.684731468004,-20521.0,1.0,-20.521,10556.333333333334,56.0,4241.666666666667,105.56333333333333,2216.4558428064074
460026,1038.6433432638148,3053.6517345629813,214976.0,0.0,214.976,1461.6666666666667,27.333333333333332,688.6666666666666,14.616666666666667,2015.0083912991665
460033,1566.4005552647518,2095.556685282988,-792085.0,1.0,-792.085,4237.0,37.333333333333336,7294.666666666667,42.37,529.1561300182361
460035,1660.5711912390766,1041.5520858293653,27427.0,0.0,27.427,5372.0,39.5,5302.0,53.72,-619.0191054097113
460039,1770.323333925388,3886.372410790201,162452.0,0.0,162.452,577.0,23.333333333333332,159.66666666666666,5.77,2116.049076864813
460042,383.6600850662282,1298.6087302685642,-61463.0,1.0,-61.463,8509.666666666666,90.0,1252.6666666666667,85.09666666666666,914.9486452023359
460043,10314.913194641722,11133.528764616662,3459.0,0.0,3.459,1917.3333333333333,22.0,2591.0,19.173333333333332,818.6155699749397
460044,2221.7079703325967,5284.298026052421,-6428.0,1.0,-6.428,6601.666666666667,56.666666666666664,1858.0,66.01666666666667,3062.5900557198242
460047,1512.8514979296913,3382.994903772165,-321214.0,1.0,-321.214,37652.0,115.0,6628.0,376.52,1870.1434058424736
460049,2841.4974163830175,6754.5846086328775,637.0,0.0,0.637,1994.6666666666667,34.0,44.333333333333336,19.94666666666667,3913.08719224986
460051,1815.122758014604,2050.3627555596468,-121550.0,1.0,-121.55,22091.0,109.0,3645.5,220.91,235.2399975450428
460052,1112.5099533163618,1889.933999841073,74906.0,0.0,74.906,7794.333333333333,53.333333333333336,733.6666666666666,77.94333333333333,777.4240465247112
460054,4169.387200166127,3915.727955737767,0.0,0.0,0.0,1120.6666666666667,24.666666666666668,84.0,11.206666666666667,-253.65924442835967
460057,3552.251055538621,9926.943638270808,-136724.0,1.0,-136.724,1191.6666666666667,27.333333333333332,195.66666666666666,11.916666666666668,6374.692582732187
460058,1839.7260291851428,4908.365654341639,-4461.0,1.0,-4.461,8207.0,59.5,2269.0,82.07,3068.6396251564965
470001,7916.690192045217,11133.528764616662,258919.0,0.0,258.919,7914.333333333333,43.333333333333336,2107.6666666666665,79.14333333333333,3216.8385725714443
470003,10314.913194641722,11133.528764616662,2213626.0,0.0,2213.626,64700.0,234.0,18159.333333333332,647.0,818.6155699749397
470005,10314.913194641722,11133.528764616662,706922.0,0.0,706.922,20280.0,64.0,4836.333333333333,202.8,818.6155699749397
470011,4785.784633550016,3880.0844518556614,-28552.0,1.0,-28.552,4998.333333333333,38.0,1373.3333333333333,49.98333333333333,-905.7001816943548
470012,6327.507760662637,5996.12933366629,1051192.0,0.0,1051.192,10787.333333333334,53.333333333333336,1984.0,107.87333333333333,-331.3784269963471
470024,4496.87256201452,5728.8081576921795,-118281.0,1.0,-118.281,4612.0,37.333333333333336,1474.0,46.12,1231.9355956776599
490001,378.8212666739939,1373.479033066318,61048.0,0.0,61.048,7602.666666666667,80.66666666666667,3759.0,76.02666666666667,994.657766392324
490004,7417.374957375616,4666.677569675552,-383701.0,1.0,-383.701,36677.0,134.66666666666666,4219.666666666667,366.77,-2750.6973877000637
490005,9317.819821618019,6584.039565150922,-2800993.0,1.0,-2800.993,65816.33333333333,209.33333333333334,15315.333333333334,658.1633333333333,-2733.7802564670974
490007,9086.780648791715,11133.528764616662,23646.0,0.0,23.646,84939.66666666667,273.6666666666667,13905.333333333334,849.3966666666668,2046.7481158249466
490009,2983.068016210337,9280.45917947733,10391926.0,0.0,10391.926,104983.0,207.0,29389.0,1049.83,6297.391163266992
490013,769.8228838690221,645.0420382567345,156289.0,0.0,156.289,17071.0,96.5,1584.5,170.71,-124.78084561228764
490017,1195.139627596962,1072.3131456141284,-89321.0,1.0,-89.321,43281.5,117.5,6103.0,432.815,-122.82648198283368
490018,4727.649419297482,2746.6314111371803,-175640.0,1.0,-175.64,27386.666666666668,133.33333333333334,3025.0,273.8666666666667,-1981.018008160302
490019,2757.5665415536864,2512.913067958029,403689.0,0.0,403.689,9825.333333333334,52.666666666666664,1715.6666666666667,98.25333333333334,-244.6534735956575
490020,261.88184705979677,256.4664340435436,-76228.0,1.0,-76.228,15046.0,82.66666666666667,1022.6666666666666,150.46,-5.415413016253183
490021,5850.700067721425,6012.849771645075,1501356.0,0.0,1501.356,73816.0,280.6666666666667,7454.666666666667,738.16,162.14970392365012
490022,4112.317899705465,3631.6116283790375,347141.0,0.0,347.141,73238.33333333333,287.3333333333333,13404.666666666666,732.3833333333333,-480.7062713264272
490023,7413.586286835753,5608.955189577141,269105.0,0.0,269.105,15371.666666666666,69.33333333333333,2144.0,153.71666666666667,-1804.6310972586116
490024,4725.144960099303,4753.257941759499,-526670.0,1.0,-526.67,102520.33333333333,354.6666666666667,43580.333333333336,1025.2033333333334,28.112981660196056
490032,2868.2007011320325,11133.528764616662,381047.0,0.0,381.047,110720.5,245.0,30772.5,1107.205,8265.328063484629
490033,4945.982641091955,4104.5904821637805,-124381.0,1.0,-124.381,4806.333333333333,35.333333333333336,1441.3333333333333,48.06333333333333,-841.3921589281745
490037,963.8785095285866,256.4664340435436,-179539.0,1.0,-179.539,9952.666666666666,82.0,1196.0,99.52666666666666,-707.412075485043
490038,763.5670562952548,673.5384910380074,-32056.0,1.0,-32.056,6784.5,33.0,964.5,67.845,-90.02856525724746
490040,4654.471445154951,4138.654127387829,-1065735.0,1.0,-1065.735,45180.0,195.33333333333334,13109.0,451.8,-515.8173177671215
490041,2733.0284654225543,665.5582282527857,35702.0,0.0,35.702,23041.5,65.0,2911.5,230.415,-2067.4702371697686
490042,4135.312985166061,3943.361164955421,-352157.0,1.0,-352.157,14657.666666666666,75.33333333333333,3171.6666666666665,146.57666666666665,-191.95182021063965
490043,10314.913194641722,11133.528764616662,12536.0,0.0,12.536,24883.666666666668,99.33333333333333,5970.333333333333,248.83666666666667,818.6155699749397
490044,796.8668530317897,529.8662556274035,230686.0,0.0,230.686,23333.666666666668,101.33333333333333,1850.6666666666667,233.33666666666667,-267.0005974043862
490045,9438.095589287248,4267.400861824066,82063.0,0.0,82.063,19902.0,91.66666666666667,3785.0,199.02,-5170.694727463182
490046,596.7296797465078,381.02463865943315,-34638.0,1.0,-34.638,42255.0,164.66666666666666,3545.0,422.55,-215.70504108707468
490048,1723.9330695329118,742.637512120522,49884.0,0.0,49.884,42079.333333333336,147.33333333333334,2589.3333333333335,420.79333333333335,-981.2955574123897
490050,2725.6950958377624,11133.528764616662,-270873.0,1.0,-270.873,46133.666666666664,176.66666666666666,5352.333333333333,461.33666666666664,8407.8336687789
490052,1014.9579662480244,9027.537161159216,-1401754.0,1.0,-1401.754,41711.0,196.33333333333334,7131.0,417.11,8012.579194911192
490053,221.4061101711404,1102.7337737512123,-352209.0,1.0,-352.209,17660.5,72.5,3417.0,176.605,881.3276635800719
490057,587.3349412506205,444.92615682953385,-4601.0,1.0,-4.601,50772.333333333336,170.33333333333334,4734.666666666667,507.72333333333336,-142.4087844210867
490059,814.0862738213939,1112.4509085770994,716204.0,0.0,716.204,62096.0,157.5,5357.5,620.96,298.36463475570554
490060,371.55519308936704,317.14069613017205,144902.0,0.0,144.902,10806.666666666666,102.66666666666667,3206.3333333333335,108.06666666666666,-54.41449695919499
490063,10314.913194641722,9090.07074083928,-82887.0,1.0,-82.887,131148.66666666666,454.6666666666667,62605.666666666664,1311.4866666666667,-1224.8424538024428
490066,1339.8712959088982,616.3817681909704,-27656.0,1.0,-27.656,21296.0,92.0,1301.3333333333333,212.96,-723.4895277179278
490069,403.8183482079237,256.4664340435436,101453.0,0.0,101.453,47474.5,115.0,5790.0,474.745,-147.3519141643801
490075,281.3450275573206,474.26969479869734,0.0,0.0,0.0,30128.0,120.0,1959.0,301.28,192.92466724137677
490079,769.2565567353372,425.7816428258659,0.0,0.0,0.0,20094.333333333332,114.0,4057.3333333333335,200.94333333333333,-343.4749139094713
490084,289.47251434722955,1043.4210314699367,141033.0,0.0,141.033,4095.0,50.0,156.66666666666666,40.95,753.9485171227071
490088,1307.4461170873637,2517.5945146176728,26651.0,0.0,26.651,3285.3333333333335,39.333333333333336,578.6666666666666,32.85333333333333,1210.148397530309
490089,1814.285651478544,1527.390606622173,59379.0,0.0,59.379,4275.0,32.0,1099.6666666666667,42.75,-286.895044856371
490090,1768.0519989350003,1792.3021992757463,-22047.0,1.0,-22.047,9845.333333333334,68.0,764.3333333333334,98.45333333333333,24.250200340746005
490092,221.4061101711404,256.4664340435436,-16478.0,1.0,-16.478,8061.666666666667,60.666666666666664,380.0,80.61666666666667,35.06032387240319
490093,679.5584953782768,567.1070758913838,145025.0,0.0,145.025,32338.333333333332,129.33333333333334,3263.3333333333335,323.3833333333333,-112.45141948689297
490094,893.8013813583946,1291.1646907701083,12921.0,0.0,12.921,10069.5,63.0,1460.5,100.695,397.3633094117138
490098,809.113522093765,1868.216683302668,294326.0,0.0,294.326,15008.0,55.5,1176.5,150.08,1059.1031612089027
490101,6157.5199762455495,11133.528764616662,881.0,0.0,0.881,26037.333333333332,123.33333333333333,6364.333333333333,260.37333333333333,4976.008788371112
490105,5479.180856283796,6475.664968042229,1952.0,0.0,1.952,488.0,19.0,14.0,4.88,996.4841117584328
490106,6183.349911036633,11133.528764616662,-8.0,1.0,-0.008,60.5,17.0,,0.605,4950.178853580029
490107,4705.354095108038,5032.0102414839885,-4062.0,1.0,-4.062,27544.0,124.0,1978.6666666666667,275.44,326.6561463759508
490110,893.6981527445334,710.7829927414585,595847.0,0.0,595.847,11954.0,71.33333333333333,1620.3333333333333,119.54,-182.9151600030749
490111,659.2075777889974,386.05475696519295,36974.0,0.0,36.974,5305.0,67.33333333333333,691.0,53.05,-273.1528208238044
490112,711.9423208906876,256.4664340435436,-199553.0,1.0,-199.553,95330.5,269.5,9496.0,953.305,-455.475886847144
490113,2539.4282347247404,1688.0315995004044,149393.0,0.0,149.393,25279.666666666668,118.66666666666667,3765.6666666666665,252.79666666666668,-851.396635224336
490114,741.5342182994152,796.0729332288408,925931.0,0.0,925.931,6000.0,40.0,1847.0,60.0,54.53871492942562
490115,495.28560061689853,288.496930373398,-1433.0,1.0,-1.433,10795.666666666666,96.0,2590.6666666666665,107.95666666666666,-206.78867024350052
490116,461.3621257044658,256.4664340435436,-130444.0,1.0,-130.444,7317.5,51.0,394.0,73.175,-204.89569166092224
490117,242.6264359002529,256.4664340435436,205542.0,0.0,205.542,1687.6666666666667,43.333333333333336,193.33333333333334,16.87666666666667,13.8399981432907
490119,2053.5874741976218,11133.528764616662,99572.0,0.0,99.572,18380.0,106.0,1600.3333333333333,183.8,9079.94129041904
490120,6261.907874366076,4297.606223303299,163918.0,0.0,163.918,62830.5,144.0,3401.5,628.305,-1964.3016510627767
490122,4972.118671322328,4023.2256781119368,-111137.0,1.0,-111.137,18708.333333333332,90.0,1764.6666666666667,187.08333333333331,-948.8929932103911
490127,221.4061101711404,256.4664340435436,-179601.0,1.0,-179.601,5745.5,76.0,1111.0,57.455,35.06032387240319
490130,380.56156901732163,308.7814435349766,-49508.0,1.0,-49.508,7829.333333333333,50.0,239.33333333333334,78.29333333333334,-71.78012548234506
490134,1407.9522000565998,1243.367301298778,-688977.0,1.0,-688.977,20256.5,105.0,28302.0,202.565,-164.58489875782175
490135,293.3681589228289,314.92992614200796,935158.0,0.0,935.158,19965.5,150.0,6957.0,199.655,21.561767219179046
490136,1879.882261167177,8980.151429973748,-34339.0,1.0,-34.339,25406.0,75.0,1682.5,254.06,7100.2691688065715
490140,2509.748566772854,2996.2926146796813,633349.0,0.0,633.349,6645.0,74.0,537.3333333333334,66.45,486.5440479068275
490141,1079.0091861081441,1247.8676460424094,162486.0,0.0,162.486,9190.0,30.0,516.0,91.9,168.85845993426528
500001,1368.4922302019936,3362.1992540518713,42313.0,0.0,42.313,18268.0,108.0,2438.6666666666665,182.68,1993.7070238498777
500002,5039.781079394963,1780.6062579917348,-1956149.0,1.0,-1956.149,8330.333333333334,44.0,2334.6666666666665,83.30333333333334,-3259.174821403228
500003,1657.8118668171358,5642.5032936553125,-50946.0,1.0,-50.946,19127.666666666668,93.0,5320.0,191.27666666666667,3984.691426838177
500005,10314.913194641722,11133.528764616662,582746.0,0.0,582.746,37437.333333333336,144.66666666666666,3301.0,374.37333333333333,818.6155699749397
500007,9695.286205723687,9661.315212865367,298410.0,0.0,298.41,6609.666666666667,30.666666666666668,795.0,66.09666666666666,-33.97099285831973
500008,10314.913194641722,11133.528764616662,-486171.0,1.0,-486.171,65084.5,118.0,23530.0,650.845,818.6155699749397
500011,771.3488075260069,723.7989009474235,-79604.0,1.0,-79.604,22091.333333333332,133.66666666666666,4771.666666666667,220.91333333333333,-47.54990657858343
500012,1416.5337580308492,488.13851418071596,467627.0,0.0,467.627,17533.5,71.0,3862.5,175.335,-928.3952438501333
500014,1270.8497851927336,3387.859099718797,777845.0,0.0,777.845,51766.333333333336,198.33333333333334,14538.666666666666,517.6633333333334,2117.0093145260635
500015,2303.1558894807504,2503.031452484489,-112220.0,1.0,-112.22,15714.666666666666,72.66666666666667,6397.666666666667,157.14666666666665,199.87556300373853
500016,1250.338224946718,7102.930880515822,-45149.0,1.0,-45.149,22697.0,91.66666666666667,6302.0,226.97,5852.592655569104
500019,1892.0255636055917,3923.8351034631855,-102498.0,1.0,-102.498,10544.666666666666,47.333333333333336,2120.6666666666665,105.44666666666666,2031.8095398575938
500021,787.5997561623187,441.1310881370173,227680.0,0.0,227.68,20683.5,52.5,4761.5,206.835,-346.46866802530144
500024,1075.3434438511918,5211.825887085356,1919361.0,0.0,1919.361,48662.0,173.66666666666666,9611.666666666666,486.62,4136.482443234165
500025,1610.4874223210368,621.1725229110098,141545.0,0.0,141.545,22038.666666666668,93.33333333333333,2860.0,220.38666666666668,-989.314899410027
500026,2005.8019566839298,4449.661841222615,343267.0,0.0,343.267,20758.333333333332,99.33333333333333,5414.0,207.58333333333331,2443.8598845386855
500027,2541.8039098355284,5372.059945803611,2564133.0,0.0,2564.133,74466.0,373.3333333333333,28833.333333333332,744.66,2830.256035968083
500030,3997.990577260738,9064.881968088874,762226.0,0.0,762.226,37294.5,113.5,11833.5,372.945,5066.891390828136
500031,221.4061101711404,256.4664340435436,-177551.0,1.0,-177.551,13172.666666666666,96.66666666666667,3561.3333333333335,131.72666666666666,35.06032387240319
500033,2551.787541750724,1884.5195454259979,-586811.0,1.0,-586.811,5015.666666666667,35.333333333333336,2224.3333333333335,50.156666666666666,-667.267996324726
500036,3933.32210248373,2710.712017120509,3964866.0,0.0,3964.866,30550.666666666668,118.66666666666667,10887.0,305.50666666666666,-1222.610085363221
500037,797.461182993892,471.11947742343307,68.0,0.0,0.068,3369.0,35.5,2009.5,33.69,-326.3417055704589
500039,2956.5092562546943,2264.0915760307716,710085.0,0.0,710.085,46053.0,154.5,8853.5,460.53,-692.4176802239226
500041,2799.055184286528,3550.1171682767317,18430.0,0.0,18.43,26148.0,88.0,5946.5,261.48,751.0619839902038
500044,2195.0949178071583,1214.5592155784057,-1048314.0,1.0,-1048.314,34489.666666666664,134.0,18519.333333333332,344.89666666666665,-980.5357022287526
500049,2997.7660739246867,3298.930462719454,-130309.0,1.0,-130.309,2886.6666666666665,31.333333333333332,715.3333333333334,28.866666666666664,301.16438879476755
500050,1085.6539228268382,1401.940205287401,268988.0,0.0,268.988,32572.666666666668,241.66666666666666,10030.0,325.7266666666667,316.2862824605629
500051,6447.410533141775,5478.835279632563,-1671.0,1.0,-1.671,46684.5,142.5,3140.5,466.845,-968.5752535092124
500053,3729.79491670291,3894.362220631181,509059.0,0.0,509.059,12256.0,62.0,3427.6666666666665,122.56,164.56730392827103
500054,695.1097933003357,764.1470314939141,442849.0,0.0,442.849,75531.0,295.6666666666667,40658.333333333336,755.31,69.03723819357845
500058,1880.6792942430623,6550.943475679569,514300.0,0.0,514.3,30719.0,126.0,10114.0,307.19,4670.264181436507
500060,2927.017275144298,2643.8533133955507,-83247.0,1.0,-83.247,3129.0,38.0,968.0,31.29,-283.16396174874717
500064,10314.913194641722,9569.489925959266,883656.0,0.0,883.656,66263.0,133.5,27900.0,662.63,-745.4232686824562
500072,9669.048211022731,7041.016838387753,-1546952.0,1.0,-1546.952,12059.0,49.333333333333336,2464.3333333333335,120.59,-2628.0313726349787
500077,708.8801340135468,481.1611538449174,150952.0,0.0,150.952,22436.333333333332,120.0,5730.333333333333,224.36333333333332,-227.7189801686294
500079,1361.1864149675537,1869.9757404412026,170013.0,0.0,170.013,29157.666666666668,116.33333333333333,5516.0,291.57666666666665,508.7893254736489
500084,3935.96498855296,3629.0943142974243,-68775.0,1.0,-68.775,2355.6666666666665,30.666666666666668,877.6666666666666,23.556666666666665,-306.87067425553596
500088,1838.764892116305,1771.681427434333,206956.0,0.0,206.956,35957.666666666664,173.66666666666666,10132.333333333334,359.57666666666665,-67.08346468197192
500119,2886.4726681024267,1285.456366842588,-170035.0,1.0,-170.035,13200.333333333334,58.333333333333336,2774.6666666666665,132.00333333333333,-1601.0163012598387
500124,6420.509389409441,5460.614424723483,53123.0,0.0,53.123,30248.666666666668,142.33333333333334,7124.0,302.4866666666667,-959.8949646859573
500129,1878.1514961337357,2500.451943147639,410148.0,0.0,410.148,45464.666666666664,139.0,27275.0,454.64666666666665,622.3004470139035
500139,246.5749819688102,873.123564857298,-119262.0,1.0,-119.262,10100.0,58.0,1308.5,101.0,626.5485828884878
500148,10314.913194641722,11133.528764616662,733.0,0.0,0.733,1190.6666666666667,19.333333333333332,178.66666666666666,11.906666666666668,818.6155699749397
500151,941.2378614479599,902.6769137197647,92818.0,0.0,92.818,9125.0,47.333333333333336,875.6666666666666,91.25,-38.560947728195174
500152,2044.0446103582883,6579.617640730573,8649.0,0.0,8.649,1088.0,30.0,92.0,10.88,4535.573030372285
510001,10314.913194641722,11133.528764616662,115503.0,0.0,115.503,65717.33333333333,214.66666666666666,21698.333333333332,657.1733333333333,818.6155699749397
510002,1318.4692281191635,872.7449550591303,2629.0,0.0,2.629,14549.5,67.0,2548.0,145.495,-445.72427306003317
510006,6419.037090039673,5878.508078259766,531331.0,0.0,531.331,39359.666666666664,181.33333333333334,11711.666666666666,393.59666666666664,-540.5290117799068
510007,1424.4943036569907,4467.043230255577,1770433.0,0.0,1770.433,49858.0,190.0,10332.333333333334,498.58,3042.5489265985866
510008,5836.951293977881,4375.951571137842,351823.0,0.0,351.823,17307.666666666668,77.33333333333333,3643.0,173.07666666666668,-1460.9997228400389
510012,1163.3975706012814,1075.3889565882098,-1121160.0,1.0,-1121.16,6478.0,69.33333333333333,1480.6666666666667,64.78,-88.00861401307156
510013,319.1032714418191,1024.0675482388956,191963.0,0.0,191.963,7628.0,75.33333333333333,1317.6666666666667,76.28,704.9642767970765
510022,3724.638905899947,3825.233497867378,2855520.0,0.0,2855.52,118388.33333333333,429.6666666666667,45258.0,1183.8833333333332,100.59459196743092
510023,997.8077615673199,1855.8838333140006,149533.0,0.0,149.533,18399.5,83.0,2871.0,183.995,858.0760717466808
510024,5405.703874123578,4091.7334094375315,-183654.0,1.0,-183.654,31287.0,102.5,1740.5,312.87,-1313.9704646860469
510030,787.5299199508072,738.7226936386122,-232871.0,1.0,-232.871,12123.333333333334,70.0,2303.0,121.23333333333333,-48.807226312194985
510031,2045.5136070255628,1833.6911498193494,430750.0,0.0,430.75,10435.0,98.0,1801.3333333333333,104.35,-211.82245720621336
510038,467.2279952567478,519.4764170618148,114194.0,0.0,114.194,7365.333333333333,52.666666666666664,2344.0,73.65333333333334,52.24842180506698
510039,450.59018638098524,1976.9747878716282,252552.0,0.0,252.552,11208.666666666666,91.33333333333333,1378.6666666666667,112.08666666666666,1526.384601490643
510047,789.1080460870628,2613.372243503706,364130.0,0.0,364.13,13513.666666666666,90.33333333333333,2416.3333333333335,135.13666666666666,1824.2641974166434
510048,1399.3486802294258,738.8693664028802,96404.0,0.0,96.404,20704.0,86.0,5377.0,207.04,-660.4793138265455
510050,3884.1763283563632,4741.340777850816,800741.0,0.0,800.741,25360.333333333332,163.33333333333334,4136.0,253.60333333333332,857.164449494453
510053,1902.72303582719,1417.3643135218256,65466.0,0.0,65.466,3080.3333333333335,40.666666666666664,841.3333333333334,30.803333333333335,-485.3587223053644
510055,1755.415852068252,2495.961447265866,255578.0,0.0,255.578,34134.333333333336,143.33333333333334,10616.0,341.34333333333336,740.5455951976139
510058,1780.9758993750013,2221.607470482087,202352.0,0.0,202.352,40259.0,125.5,5991.5,402.59,440.63157110708585
510062,2948.0514474635775,2126.7160040056083,-122678.0,1.0,-122.678,20656.5,59.5,5071.0,206.565,-821.3354434579692
510070,1333.7987806799617,710.7382009514026,46240.0,0.0,46.24,47220.0,103.5,8815.5,472.2,-623.0605797285591
510071,382.25503567926785,559.1734290512286,-546288.0,1.0,-546.288,12000.0,75.5,2828.5,120.0,176.91839337196075
510072,493.1058409966858,884.6683232441961,-60475.0,1.0,-60.475,4780.5,36.5,269.5,47.805,391.56248224751033
510077,876.9179250261038,595.9735142379272,-196199.0,1.0,-196.199,5549.666666666667,56.0,1347.6666666666667,55.49666666666667,-280.9444107881766
510082,3308.3991381685,3059.9253767585533,89714.0,0.0,89.714,7412.333333333333,38.666666666666664,1827.6666666666667,74.12333333333333,-248.47376140994675
510086,1042.55584011186,649.2905011096402,90282.0,0.0,90.282,2497.0,36.0,892.0,24.97,-393.2653390022199
520002,4983.916320010877,5861.796456515088,-112862.0,1.0,-112.862,9380.333333333334,89.33333333333333,952.0,93.80333333333334,877.8801365042109
520004,5127.630922877834,9276.701059674497,213569.0,0.0,213.569,17151.0,92.0,2941.0,171.51,4149.070136796663
520008,5852.607479838683,5685.28936613056,36978.0,0.0,36.978,43724.666666666664,176.0,3082.0,437.24666666666667,-167.31811370812284
520009,3131.944542306179,3441.804478511849,459182.0,0.0,459.182,16774.666666666668,120.0,3048.3333333333335,167.74666666666667,309.85993620567024
520011,5330.742957815873,7028.913579246403,-276119.0,1.0,-276.119,4881.666666666667,56.0,342.0,48.81666666666667,1698.1706214305304
520013,4752.797839055728,4334.9299995793335,-227754.0,1.0,-227.754,29380.0,98.0,2660.5,293.8,-417.8678394763947
520017,1857.0021982249784,1757.0193196006971,-4539.0,1.0,-4.539,8657.5,63.0,814.0,86.575,-99.98287862428128
520019,4625.113363155384,6523.129577515191,-175855.0,1.0,-175.855,6495.666666666667,38.0,763.0,64.95666666666666,1898.0162143598072
520021,4182.126815058,2975.2036780218705,43711.0,0.0,43.711,32775.5,112.0,2714.5,327.755,-1206.9231370361294
520027,3893.8826414029845,3003.064418224842,117531.0,0.0,117.531,20349.0,59.0,829.5,203.49,-890.8182231781425
520028,2943.8588402421756,3078.7498611457677,-889262.0,1.0,-889.262,6860.0,70.0,419.6666666666667,68.6,134.8910209035921
520030,8362.612396123179,6114.313365727587,18954.0,0.0,18.954,38286.0,102.5,2093.5,382.86,-2248.299030395592
520033,1040.7907772065123,2292.6036822903966,-173544.0,1.0,-173.544,6450.0,60.5,567.5,64.5,1251.8129050838843
520034,2230.7205386460387,1716.3917783253626,529399.0,0.0,529.399,5473.333333333333,51.666666666666664,571.6666666666666,54.73333333333333,-514.3287603206761
520035,2142.890064350769,2195.7328285545736,802867.0,0.0,802.867,10399.666666666666,94.0,3309.0,103.99666666666666,52.84276420380456
520037,2433.2232473662457,2410.0348668018223,1175057.0,0.0,1175.057,57634.333333333336,274.0,10806.0,576.3433333333334,-23.18838056442337
520038,3228.950008118565,1922.0043427046662,-5732.0,1.0,-5.732,4366.666666666667,36.0,390.3333333333333,43.66666666666667,-1306.945665413899
520041,4904.123916480972,4196.339102985271,-121772.0,1.0,-121.772,5677.0,34.0,585.5,56.77,-707.7848134957012
520044,3492.1292903047365,3769.6132014371724,-25420.0,1.0,-25.42,7919.5,44.5,407.5,79.195,277.4839111324359
520045,7505.070167880709,6861.124925364688,-145453.0,1.0,-145.453,16128.0,98.0,1731.0,161.28,-643.9452425160207
520048,2323.5415678360337,3336.5186495966404,101102.0,0.0,101.102,11022.666666666666,5739.333333333333,1033.3333333333333,110.22666666666666,1012.9770817606068
520049,6604.431265464173,5756.130305882014,-957419.0,1.0,-957.419,17720.666666666668,106.66666666666667,1507.0,177.20666666666668,-848.3009595821586
520051,1170.999761123276,3838.141477108944,1288457.0,0.0,1288.457,43403.0,175.5,7425.5,434.03,2667.1417159856683
520057,3412.3876020088865,2715.6845179546654,7727.0,0.0,7.727,4776.333333333333,40.0,469.3333333333333,47.76333333333333,-696.7030840542211
520059,2193.7926612726774,3608.119793204105,101827.0,0.0,101.827,6927.333333333333,46.666666666666664,499.0,69.27333333333333,1414.3271319314276
520062,3388.198375387747,4275.044113404681,51.0,0.0,0.051,7437.666666666667,54.666666666666664,495.3333333333333,74.37666666666667,886.8457380169343
520063,5220.174112935293,6375.903731685554,135940.0,0.0,135.94,9545.0,47.0,1005.0,95.45,1155.7296187502607
520066,637.2273101300104,4090.1451209421516,655583.0,0.0,655.583,26028.5,92.0,2392.0,260.285,3452.9178108121414
520070,2578.6089364861527,1978.2077357767384,929600.0,0.0,929.6,27035.666666666668,100.0,2542.0,270.3566666666667,-600.4012007094143
520071,4800.848627088614,3308.335696380523,97366.0,0.0,97.366,6623.0,47.333333333333336,490.3333333333333,66.23,-1492.512930708091
520075,3576.423377694279,2997.199810637738,-49007.0,1.0,-49.007,29822.5,100.5,4537.5,298.225,-579.223567056541
520076,1519.8081293923374,1352.8207154444397,109222.0,0.0,109.222,5708.0,74.0,454.0,57.08,-166.98741394789772
520078,3727.8141606053923,4866.620695387976,79625.0,0.0,79.625,27030.0,90.0,4240.0,270.3,1138.806534782584
520083,6648.774005539261,5156.427408951451,566458.0,0.0,566.458,57844.0,193.33333333333334,7789.0,578.44,-1492.3465965878104
520087,6835.3846739845,11133.528764616662,2184245.0,0.0,2184.245,27543.666666666668,141.33333333333334,3697.0,275.43666666666667,4298.144090632161
520088,3820.775678871225,3919.1376118925436,-254963.0,1.0,-254.963,13679.5,75.0,1158.5,136.795,98.36193302131869
520089,7766.4384344980135,5524.13531446135,982574.0,0.0,982.574,38136.0,164.66666666666666,10317.666666666666,381.36,-2242.303120036663
520091,1032.3727083304414,1007.2630058139141,-233830.0,1.0,-233.83,7475.0,68.0,997.6666666666666,74.75,-25.10970251652725
520095,4931.771937345392,5117.76506844208,469573.0,0.0,469.573,3700.3333333333335,32.0,235.66666666666666,37.00333333333334,185.99313109668765
520096,5783.20101682921,4047.1725257216426,1724744.0,0.0,1724.744,48533.0,161.5,8669.0,485.33,-1736.0284911075673
520097,4643.894577200418,3553.725651553228,281464.0,0.0,281.464,11910.0,52.5,992.0,119.1,-1090.16892564719
520098,10314.913194641722,11133.528764616662,718176.0,0.0,718.176,84955.5,195.5,9154.0,849.555,818.6155699749397
520100,3927.304099331678,3586.1029272848814,56453.0,0.0,56.453,13006.666666666666,74.0,1178.0,130.06666666666666,-341.2011720467967
520102,3258.3860002194037,2079.019882052652,415363.0,0.0,415.363,7739.333333333333,48.0,1754.3333333333333,77.39333333333333,-1179.3661181667517
520103,4103.807118029115,3527.32933997632,-81502.0,1.0,-81.502,27726.5,87.0,978.0,277.265,-576.4777780527952
520107,5490.229955137243,3655.7085867193437,-280128.0,1.0,-280.128,7336.0,46.666666666666664,584.3333333333334,73.36,-1834.5213684178998
520109,4805.2738194002,4753.945303200519,5418.0,0.0,5.418,3963.0,35.333333333333336,653.3333333333334,39.63,-51.32851619968096
520113,2651.599992581955,1610.1270026526818,-1907053.0,1.0,-1907.053,12123.333333333334,68.66666666666667,1259.0,121.23333333333333,-1041.4729899292734
520116,1911.7103435097758,1903.667292621963,-127191.0,1.0,-127.191,5014.0,70.66666666666667,512.6666666666666,50.14,-8.043050887812797
520136,3973.823280454949,3345.3290278898935,839796.0,0.0,839.796,40526.5,131.5,14923.5,405.265,-628.4942525650554
520138,3542.740082300642,5071.2773792305115,3750334.0,0.0,3750.334,132762.66666666666,496.6666666666667,37188.0,1327.6266666666666,1528.5372969298696
520160,6231.066397534241,7809.7364640272035,560248.0,0.0,560.248,19804.0,99.33333333333333,1257.3333333333333,198.04,1578.6700664929622
520177,10314.913194641722,11133.528764616662,-2353952.0,1.0,-2353.952,91404.0,215.0,17322.5,914.04,818.6155699749397
520189,6900.941957070289,7520.999157855662,20332.0,0.0,20.332,10562.666666666666,50.666666666666664,2342.6666666666665,105.62666666666667,620.0572007853725
520193,7965.562670284969,6793.475758005696,1287105.0,0.0,1287.105,16903.0,89.33333333333333,6353.666666666667,169.03,-1172.0869122792728
520194,3296.3772969668953,3128.6088220461916,-2666.0,1.0,-2.666,1282.3333333333333,23.333333333333332,34.333333333333336,12.823333333333332,-167.76847492070374
520196,8728.716945997203,11133.528764616662,1245.0,0.0,1.245,681.6666666666666,18.666666666666668,46.333333333333336,6.816666666666666,2404.811818619459
520198,5930.6536779252565,5070.227080527947,131440.0,0.0,131.44,6582.666666666667,50.0,1294.3333333333333,65.82666666666667,-860.4265973973097
520202,3129.97345029133,3944.5453307230464,87793.0,0.0,87.793,8930.0,51.333333333333336,826.0,89.3,814.5718804317162
520204,10314.913194641722,8145.179972138758,-4551.0,1.0,-4.551,2727.5,20.0,50.5,27.275,-2169.733222502964
520205,10314.913194641722,11133.528764616662,75468.0,0.0,75.468,1541.3333333333333,20.666666666666668,23.0,15.413333333333332,818.6155699749397
520206,6464.712048074191,4487.581158657917,345622.0,0.0,345.622,5382.0,40.0,517.0,53.82,-1977.1308894162748
520207,7403.83720281089,6082.543395947332,968030.0,0.0,968.03,18280.0,30.0,418.0,182.8,-1321.2938068635576
530006,1106.6489274272867,2967.65453917086,-477345.0,1.0,-477.345,7888.0,45.0,1224.5,78.88,1861.0056117435734
530008,1188.7260027802579,658.509817080458,-7214.0,1.0,-7.214,3268.0,45.333333333333336,1610.0,32.68,-530.2161856997999
530010,1048.0878910238316,756.6228477280313,127660.0,0.0,127.66,3429.3333333333335,44.333333333333336,1704.3333333333333,34.29333333333334,-291.46504329580034
530011,1439.5837439071822,3055.339841108527,80244.0,0.0,80.244,4109.0,61.5,1030.0,41.09,1615.7560972013446
530012,4438.2647197655915,4116.4144849144695,-260762.0,1.0,-260.762,24056.0,92.0,4141.5,240.56,-321.85023485112197
530014,5740.984931712574,4955.7243607360515,-1712083.0,1.0,-1712.083,29241.5,92.5,5517.0,292.415,-785.2605709765221
530015,2323.8708603734613,7809.21664752561,-11433.0,1.0,-11.433,4346.0,36.0,358.5,43.46,5485.345787152149
530025,3180.6849377128815,3043.116794740895,21003.0,0.0,21.003,5470.0,45.0,1198.5,54.7,-137.56814297198662
530032,1224.415606848943,841.3758463630413,9592.0,0.0,9.592,2042.0,28.0,708.0,20.42,-383.03976048590175
530033,1928.046290556584,2465.2025477791167,0.0,0.0,0.0,1781.3333333333333,25.333333333333332,221.66666666666666,17.813333333333333,537.1562572225328
670002,221.4061101711404,256.4664340435436,-318097.0,1.0,-318.097,5784.0,78.66666666666667,681.0,57.84,35.06032387240319
670004,4277.176722721743,1730.6756860265207,-104152.0,1.0,-104.152,7532.5,37.0,368.0,75.325,-2546.501036695223
670005,1999.7668651904203,2999.2298265723225,0.0,0.0,0.0,187.0,16.666666666666668,,1.87,999.4629613819022
670006,3980.2027051360546,3871.4504109985132,0.0,0.0,0.0,2024.0,25.333333333333332,3.0,20.24,-108.75229413754141
670008,703.7068775155872,327.07041938506677,-111.0,1.0,-0.111,753.6666666666666,20.0,,7.536666666666666,-376.6364581305204
670012,1512.1495213555188,1257.582582021321,0.0,0.0,0.0,3465.3333333333335,52.666666666666664,,34.653333333333336,-254.56693933419774
670019,421.2664828035853,824.1090402836189,303418.0,0.0,303.418,5804.666666666667,54.0,365.6666666666667,58.04666666666667,402.84255748003363
670023,2766.72360820198,3518.9278668892625,0.0,0.0,0.0,18353.5,69.0,514.5,183.535,752.2042586872826
670024,6448.999545173137,5427.667062688408,-120502.0,1.0,-120.502,23064.666666666668,89.33333333333333,669.0,230.64666666666668,-1021.3324824847296
670025,3382.5693934500005,5357.9185107995845,256.0,0.0,0.256,11871.333333333334,87.33333333333333,163.33333333333334,118.71333333333334,1975.349117349584
670029,5777.1479426070555,480.23646093253734,0.0,0.0,0.0,622.6666666666666,18.0,,6.226666666666667,-5296.911481674518
670031,4352.420064914238,7037.080887641195,-18244.0,1.0,-18.244,9491.5,45.5,1.0,94.915,2684.660822726957
670041,2228.8833729888643,1346.793430081966,-48553.0,1.0,-48.553,18380.0,53.5,1935.0,183.8,-882.0899429068982
670043,1766.8347649199054,1578.4949670061428,37088.0,0.0,37.088,6510.666666666667,53.333333333333336,203.0,65.10666666666667,-188.3397979137626
670044,8640.693384824308,11133.528764616662,-31608.0,1.0,-31.608,6982.666666666667,39.333333333333336,232.0,69.82666666666667,2492.8353797923537
670046,10314.913194641722,8495.029648003407,9384.0,0.0,9.384,672.0,15.333333333333334,9.0,6.72,-1819.8835466383152
670047,1365.955614517893,732.3452320848775,1735383.0,0.0,1735.383,14366.666666666666,67.33333333333333,3032.3333333333335,143.66666666666666,-633.6103824330156
670049,7234.698977206137,10980.82672576704,-424.0,1.0,-0.424,917.0,26.666666666666668,,9.17,3746.1277485609025
670050,3593.619652542309,4924.61785423995,1684.0,0.0,1.684,1402.3333333333333,16.333333333333332,76.33333333333333,14.023333333333333,1330.9982016976414
670053,2706.9997049597873,1670.2592577042312,72826.0,0.0,72.826,8198.333333333334,51.333333333333336,1470.6666666666667,81.98333333333333,-1036.740447255556
670054,1065.9780879959687,256.4664340435436,-4983.0,1.0,-4.983,948.3333333333334,23.333333333333332,,9.483333333333334,-809.5116539524251
670056,1595.6176063127016,3421.6849174655813,182256.0,0.0,182.256,10956.5,53.0,810.0,109.565,1826.0673111528797
670059,2169.7938599540944,1870.4388984410532,755.0,0.0,0.755,992.6666666666666,30.0,3.0,9.926666666666666,-299.3549615130412
670060,3593.5991499872566,2616.10850922261,-98226.0,1.0,-98.226,12561.0,46.0,494.0,125.61,-977.4906407646467
670061,1170.7482775585265,1587.8578752646574,-358.0,1.0,-0.358,1571.5,31.5,6.0,15.715,417.1095977061309
670066,1388.0215715135055,779.0876488378904,23450.0,0.0,23.45,694.0,21.0,57.5,6.94,-608.9339226756151
670067,1214.8355693253359,2052.312242172934,-58495.0,1.0,-58.495,1496.0,27.0,,14.96,837.4766728475981
670069,2283.913185499355,2914.3087522507535,184726.0,0.0,184.726,1097.0,30.0,3.0,10.97,630.3955667513983
670071,664.7977993298692,1352.0147215878287,-5096.0,1.0,-5.096,4983.0,30.0,,49.83,687.2169222579595
670073,7675.003711148046,11133.528764616662,17868.0,0.0,17.868,3449.0,30.0,,34.49,3458.5250534686156
670075,1643.1598168315968,2180.7414113642326,759666.0,0.0,759.666,8703.0,30.0,256.0,87.03,537.5815945326358
670076,960.4508511440697,2669.092596130469,8722.0,0.0,8.722,720.0,30.0,,7.2,1708.641744986399
670077,1752.2257510300467,2225.855755308555,-297386.0,1.0,-297.386,11641.0,30.0,637.0,116.41,473.6300042785085
