year,n_hospitals,share_hrrp,share_vbp,share_any
2012,6140,0.30749185667752443,0.3482084690553746,0.5529315960912052
2013,6066,0.3397626112759644,0.2955819320804484,0.5486317177711837
2014,6064,0.3608179419525066,0.2816622691292876,0.558542216358839
2015,6051,0.3602710295818873,0.27615270203272185,0.5532969757064948
2016,6091,0.3275324248891808,0.28911508783450995,0.5278279428665243
2017,6083,0.3029755055071511,0.2669735327963176,0.49087621239519974
2018,6042,0.28583250579278385,0.29112876530950016,0.5081098973849718
2019,6031,0.31636544519980103,0.27822914939479354,0.5125186536229481
